{
  "commands": {
    "figunhas": {
      "maxUses": 1,
      "timeFrame": "30s",
      "createdAt": "2026-01-03T16:59:53.534Z"
    },
    "rankativo": {
      "maxUses": 1,
      "timeFrame": "1h",
      "createdAt": "2026-01-03T17:22:40.600Z"
    }
  },
  "users": {
    "rankativo": {
      "69003095617592@lid": {
        "uses": 1,
        "resetTime": 1767643781092,
        "lastUsed": 1767640181092
      },
      "213790704550090@lid": {
        "uses": 1,
        "resetTime": 1767556469912,
        "lastUsed": 1767552869912
      }
    }
  }
}