{
  "users": {
    "69003095617592@lid": {
      "wallet": 999999999988471200000,
      "bank": 170000,
      "cooldowns": {
        "work": 1767622563163,
        "rob": 1767616462503,
        "fish": 1767554063309,
        "hunt": 1767554659206,
        "daily": 1767644502290,
        "explore": 1767622621315
      },
      "inventory": {
        "vault": 32,
        "evolution_stone": 1,
        "@69003095617592_cofre": 10000,
        "@69003095617592_vault": 1100,
        "lucky": 1
      },
      "items": {},
      "job": "gerente",
      "tools": {
        "pickaxe": {
          "tier": "diamante",
          "dur": 150,
          "max": 150,
          "key": "pickaxe_diamante"
        }
      },
      "materials": {},
      "challenge": {
        "expiresAt": 1767668399999,
        "tasks": [
          {
            "type": "mine",
            "target": 4,
            "progress": 0
          },
          {
            "type": "explore",
            "target": 5,
            "progress": 1
          },
          {
            "type": "work",
            "target": 6,
            "progress": 1
          }
        ],
        "reward": 494,
        "claimed": false
      },
      "weeklyChallenge": {
        "expiresAt": 1768186799999,
        "tasks": [
          {
            "type": "explore",
            "target": 15,
            "progress": 1
          },
          {
            "type": "hunt",
            "target": 21,
            "progress": 0
          },
          {
            "type": "mine",
            "target": 28,
            "progress": 0
          },
          {
            "type": "fish",
            "target": 23,
            "progress": 0
          }
        ],
        "reward": 3378,
        "claimed": false
      },
      "monthlyChallenge": {
        "expiresAt": 1769914799999,
        "tasks": [
          {
            "type": "explore",
            "target": 66,
            "progress": 1
          },
          {
            "type": "mine",
            "target": 81,
            "progress": 0
          },
          {
            "type": "work",
            "target": 77,
            "progress": 6
          },
          {
            "type": "hunt",
            "target": 73,
            "progress": 3
          },
          {
            "type": "fish",
            "target": 63,
            "progress": 3
          }
        ],
        "reward": 17886,
        "claimed": false
      },
      "level": 1000,
      "exp": 55,
      "prestige": 0,
      "classe": null,
      "clan": null,
      "house": {
        "type": "castelo",
        "decorations": [],
        "lastCollect": 1767622324094
      },
      "family": {
        "spouse": null,
        "children": [
          "205398774702244@lid",
          "194107339239463@lid"
        ],
        "parents": [],
        "siblings": []
      },
      "power": 15100,
      "hp": 100,
      "maxHp": 100,
      "mana": 50,
      "maxMana": 50,
      "stamina": 100,
      "maxStamina": 100,
      "strength": 10,
      "defense": 10,
      "agility": 10,
      "intelligence": 10,
      "luck": 10,
      "attackBonus": 0,
      "defenseBonus": 0,
      "skills": {
        "mining": {
          "level": 1,
          "xp": 0
        },
        "working": {
          "level": 1,
          "xp": 6
        },
        "fishing": {
          "level": 1,
          "xp": 3
        },
        "exploring": {
          "level": 1,
          "xp": 1
        },
        "hunting": {
          "level": 1,
          "xp": 3
        },
        "forging": {
          "level": 1,
          "xp": 0
        },
        "crime": {
          "level": 1,
          "xp": 0
        }
      },
      "properties": {},
      "pets": [
        {
          "name": "Lobo",
          "emoji": "🐺",
          "type": "lobo",
          "hp": 26,
          "maxHp": 100,
          "attack": 15,
          "defense": 10,
          "speed": 18,
          "element": "normal",
          "level": 1,
          "exp": 0,
          "evolutions": 0,
          "hunger": 79,
          "mood": 90,
          "wins": 0,
          "losses": 0,
          "equipment": {},
          "lastUpdate": 1767640328064,
          "lastTrain": 0,
          "cost": 5000
        },
        {
          "name": "Dragão",
          "emoji": "🐉",
          "type": "dragao",
          "hp": 150,
          "maxHp": 150,
          "attack": 25,
          "defense": 15,
          "speed": 12,
          "element": "fire",
          "level": 1,
          "exp": 76,
          "evolutions": 0,
          "hunger": 98,
          "mood": 97,
          "wins": 0,
          "losses": 0,
          "equipment": {},
          "lastUpdate": 1767640347504,
          "lastTrain": 1767621747331,
          "cost": 15000
        }
      ],
      "lastPetBattle": 0,
      "totalWork": 0,
      "totalMine": 0,
      "totalFish": 0,
      "totalHunt": 0,
      "totalExplore": 0,
      "totalCrime": 0,
      "lotteryTickets": 0,
      "createdAt": 1767378223857,
      "lastDaily": 0,
      "lastWeekly": 0,
      "lastMonthly": 0,
      "stats": {
        "totalWork": 6,
        "workCount": 6,
        "totalFish": 3,
        "fishCount": 3,
        "totalExplore": 1,
        "exploreCount": 1,
        "bossesDefeated": 1
      },
      "xp": 466,
      "ingredients": {
        "peixe": 9,
        "carne": 4
      },
      "streak": {
        "count": 1,
        "lastClaim": 1767558102290,
        "record": 1
      },
      "quests": {
        "daily": [
          {
            "id": "duel_3",
            "name": "⚔️ Duelar 3 vezes",
            "reward": 5000,
            "exp": 200,
            "progress": 0,
            "goal": 3,
            "claimed": false
          },
          {
            "id": "gather_10",
            "name": "🌾 Coletar 10 recursos",
            "reward": 3000,
            "exp": 150,
            "progress": 0,
            "goal": 10,
            "claimed": false
          },
          {
            "id": "cook_5",
            "name": "👨‍🍳 Cozinhar 5 receitas",
            "reward": 4000,
            "exp": 180,
            "progress": 0,
            "goal": 5,
            "claimed": false
          }
        ],
        "lastReset": 1767621675604
      },
      "lastBoss": 1767624601199
    },
    "179994059870382@lid": {
      "wallet": 507,
      "bank": 15000,
      "cooldowns": {
        "work": 1767565064894,
        "hunt": 1767559390062,
        "fish": 1767558792563,
        "daily": 1767567703242,
        "rob": 1767559097677,
        "mine": 1767558677706
      },
      "inventory": {
        "vault": 3
      },
      "items": {},
      "job": "gerente",
      "tools": {
        "pickaxe": {
          "tier": "bronze",
          "dur": 16,
          "max": 20,
          "key": "pickaxe_bronze"
        }
      },
      "materials": {
        "pedra": 13
      },
      "challenge": {
        "expiresAt": 1767581999999,
        "tasks": [
          {
            "type": "crimeSuccess",
            "target": 5,
            "progress": 0
          },
          {
            "type": "work",
            "target": 5,
            "progress": 4
          },
          {
            "type": "explore",
            "target": 3,
            "progress": 0
          }
        ],
        "reward": 683,
        "claimed": false
      },
      "weeklyChallenge": {
        "expiresAt": 1767581999999,
        "tasks": [
          {
            "type": "explore",
            "target": 19,
            "progress": 0
          },
          {
            "type": "fish",
            "target": 21,
            "progress": 6
          },
          {
            "type": "hunt",
            "target": 28,
            "progress": 5
          },
          {
            "type": "crimeSuccess",
            "target": 16,
            "progress": 0
          }
        ],
        "reward": 3992,
        "claimed": false
      },
      "monthlyChallenge": {
        "expiresAt": 1769914799999,
        "tasks": [
          {
            "type": "crimeSuccess",
            "target": 94,
            "progress": 0
          },
          {
            "type": "mine",
            "target": 92,
            "progress": 4
          },
          {
            "type": "explore",
            "target": 99,
            "progress": 0
          },
          {
            "type": "work",
            "target": 75,
            "progress": 9
          },
          {
            "type": "fish",
            "target": 95,
            "progress": 6
          }
        ],
        "reward": 16296,
        "claimed": false
      },
      "level": 1,
      "exp": 55,
      "prestige": 0,
      "classe": null,
      "clan": null,
      "house": null,
      "family": null,
      "power": 100,
      "hp": 100,
      "maxHp": 100,
      "mana": 50,
      "maxMana": 50,
      "stamina": 100,
      "maxStamina": 100,
      "strength": 10,
      "defense": 10,
      "agility": 10,
      "intelligence": 10,
      "luck": 10,
      "attackBonus": 0,
      "defenseBonus": 0,
      "skills": {
        "mining": {
          "level": 1,
          "xp": 4
        },
        "working": {
          "level": 1,
          "xp": 9
        },
        "fishing": {
          "level": 1,
          "xp": 6
        },
        "exploring": {
          "level": 1,
          "xp": 0
        },
        "hunting": {
          "level": 1,
          "xp": 5
        },
        "forging": {
          "level": 1,
          "xp": 0
        },
        "crime": {
          "level": 1,
          "xp": 0
        }
      },
      "properties": {},
      "pets": [],
      "lastPetBattle": 0,
      "totalWork": 0,
      "totalMine": 0,
      "totalFish": 0,
      "totalHunt": 0,
      "totalExplore": 0,
      "totalCrime": 0,
      "lotteryTickets": 0,
      "createdAt": 1767378251388,
      "lastDaily": 0,
      "lastWeekly": 0,
      "lastMonthly": 0,
      "stats": {
        "totalWork": 9,
        "workCount": 9,
        "totalFish": 6,
        "fishCount": 6,
        "totalMine": 4,
        "mineCount": 4
      },
      "ingredients": {
        "carne": 8,
        "peixe": 15
      },
      "streak": {
        "count": 1,
        "lastClaim": 1767481303242,
        "record": 1
      },
      "xp": 600,
      "reputation": {
        "points": 10,
        "upvotes": 1,
        "downvotes": 0,
        "karma": 5,
        "fame": 1
      },
      "lastVote": {
        "76940211925245@lid": 1767486459850
      }
    },
    "28055196160003@lid": {
      "wallet": 0,
      "bank": 6759,
      "cooldowns": {
        "work": 1767652033524,
        "fish": 1767651872844,
        "rob": 1767626416208,
        "hunt": 1767652460501
      },
      "inventory": {},
      "items": {},
      "job": null,
      "tools": {},
      "materials": {},
      "challenge": {
        "expiresAt": 1767668399999,
        "tasks": [
          {
            "type": "crimeSuccess",
            "target": 5,
            "progress": 0
          },
          {
            "type": "fish",
            "target": 6,
            "progress": 2
          },
          {
            "type": "mine",
            "target": 6,
            "progress": 0
          }
        ],
        "reward": 550,
        "claimed": false
      },
      "weeklyChallenge": {
        "expiresAt": 1768186799999,
        "tasks": [
          {
            "type": "work",
            "target": 24,
            "progress": 2
          },
          {
            "type": "explore",
            "target": 29,
            "progress": 0
          },
          {
            "type": "mine",
            "target": 24,
            "progress": 0
          },
          {
            "type": "fish",
            "target": 18,
            "progress": 2
          }
        ],
        "reward": 4683,
        "claimed": false
      },
      "monthlyChallenge": {
        "expiresAt": 1769914799999,
        "tasks": [
          {
            "type": "work",
            "target": 98,
            "progress": 4
          },
          {
            "type": "hunt",
            "target": 61,
            "progress": 2
          },
          {
            "type": "crimeSuccess",
            "target": 81,
            "progress": 0
          },
          {
            "type": "mine",
            "target": 88,
            "progress": 0
          },
          {
            "type": "explore",
            "target": 88,
            "progress": 0
          }
        ],
        "reward": 18938,
        "claimed": false
      },
      "level": 1,
      "exp": 0,
      "prestige": 0,
      "classe": null,
      "clan": null,
      "house": null,
      "family": null,
      "power": 100,
      "hp": 100,
      "maxHp": 100,
      "mana": 50,
      "maxMana": 50,
      "stamina": 100,
      "maxStamina": 100,
      "strength": 10,
      "defense": 10,
      "agility": 10,
      "intelligence": 10,
      "luck": 10,
      "attackBonus": 0,
      "defenseBonus": 0,
      "skills": {
        "mining": {
          "level": 1,
          "xp": 0
        },
        "working": {
          "level": 1,
          "xp": 4
        },
        "fishing": {
          "level": 1,
          "xp": 4
        },
        "exploring": {
          "level": 1,
          "xp": 0
        },
        "hunting": {
          "level": 1,
          "xp": 2
        },
        "forging": {
          "level": 1,
          "xp": 0
        },
        "crime": {
          "level": 1,
          "xp": 0
        }
      },
      "properties": {},
      "pets": [],
      "lastPetBattle": 0,
      "totalWork": 0,
      "totalMine": 0,
      "totalFish": 0,
      "totalHunt": 0,
      "totalExplore": 0,
      "totalCrime": 0,
      "lotteryTickets": 0,
      "createdAt": 1767378267600,
      "lastDaily": 0,
      "lastWeekly": 0,
      "lastMonthly": 0,
      "stats": {
        "totalWork": 4,
        "workCount": 4,
        "totalFish": 4,
        "fishCount": 4
      },
      "xp": 200,
      "ingredients": {
        "peixe": 10,
        "carne": 2
      }
    },
    "67676504330479@lid": {
      "wallet": 228,
      "bank": 0,
      "cooldowns": {
        "rob": 1767616513022,
        "work": 1767616784367
      },
      "inventory": {},
      "items": {},
      "job": null,
      "tools": {},
      "materials": {},
      "challenge": {
        "expiresAt": 1767668399999,
        "tasks": [
          {
            "type": "work",
            "target": 7,
            "progress": 1
          },
          {
            "type": "crimeSuccess",
            "target": 6,
            "progress": 0
          },
          {
            "type": "hunt",
            "target": 5,
            "progress": 0
          }
        ],
        "reward": 643,
        "claimed": false
      },
      "weeklyChallenge": {
        "expiresAt": 1768186799999,
        "tasks": [
          {
            "type": "crimeSuccess",
            "target": 17,
            "progress": 0
          },
          {
            "type": "explore",
            "target": 28,
            "progress": 0
          },
          {
            "type": "work",
            "target": 25,
            "progress": 1
          },
          {
            "type": "mine",
            "target": 16,
            "progress": 0
          }
        ],
        "reward": 4457,
        "claimed": false
      },
      "monthlyChallenge": {
        "expiresAt": 1769914799999,
        "tasks": [
          {
            "type": "mine",
            "target": 86,
            "progress": 0
          },
          {
            "type": "fish",
            "target": 79,
            "progress": 0
          },
          {
            "type": "crimeSuccess",
            "target": 71,
            "progress": 0
          },
          {
            "type": "explore",
            "target": 96,
            "progress": 0
          },
          {
            "type": "work",
            "target": 68,
            "progress": 1
          }
        ],
        "reward": 15659,
        "claimed": false
      },
      "level": 1,
      "exp": 0,
      "prestige": 0,
      "classe": null,
      "clan": null,
      "house": null,
      "family": null,
      "power": 100,
      "hp": 100,
      "maxHp": 100,
      "mana": 50,
      "maxMana": 50,
      "stamina": 100,
      "maxStamina": 100,
      "strength": 10,
      "defense": 10,
      "agility": 10,
      "intelligence": 10,
      "luck": 10,
      "attackBonus": 0,
      "defenseBonus": 0,
      "skills": {
        "mining": {
          "level": 1,
          "xp": 0
        },
        "working": {
          "level": 1,
          "xp": 1
        },
        "fishing": {
          "level": 1,
          "xp": 0
        },
        "exploring": {
          "level": 1,
          "xp": 0
        },
        "hunting": {
          "level": 1,
          "xp": 0
        },
        "forging": {
          "level": 1,
          "xp": 0
        },
        "crime": {
          "level": 1,
          "xp": 0
        }
      },
      "properties": {},
      "pets": [],
      "lastPetBattle": 0,
      "totalWork": 0,
      "totalMine": 0,
      "totalFish": 0,
      "totalHunt": 0,
      "totalExplore": 0,
      "totalCrime": 0,
      "lotteryTickets": 0,
      "createdAt": 1767378339767,
      "lastDaily": 0,
      "lastWeekly": 0,
      "lastMonthly": 0,
      "stats": {
        "totalWork": 1,
        "workCount": 1
      }
    },
    "145982079643730@lid": {
      "wallet": 0,
      "bank": 7434,
      "cooldowns": {
        "work": 1767644312131,
        "rob": 1767644110232,
        "fish": 1767644115788,
        "hunt": 1767643982539,
        "mine": 1767644155414,
        "daily": 1767729842673,
        "explore": 1767644587584
      },
      "inventory": {},
      "items": {},
      "job": null,
      "tools": {
        "pickaxe": {
          "tier": "diamante",
          "dur": 148,
          "max": 150,
          "key": "pickaxe_diamante"
        }
      },
      "materials": {
        "pedra": 8,
        "ferro": 4
      },
      "challenge": {
        "expiresAt": 1767668399999,
        "tasks": [
          {
            "type": "work",
            "target": 6,
            "progress": 2
          },
          {
            "type": "fish",
            "target": 5,
            "progress": 2
          },
          {
            "type": "hunt",
            "target": 7,
            "progress": 1
          }
        ],
        "reward": 658,
        "claimed": false
      },
      "weeklyChallenge": {
        "expiresAt": 1768186799999,
        "tasks": [
          {
            "type": "work",
            "target": 18,
            "progress": 2
          },
          {
            "type": "mine",
            "target": 26,
            "progress": 2
          },
          {
            "type": "explore",
            "target": 17,
            "progress": 1
          },
          {
            "type": "crimeSuccess",
            "target": 19,
            "progress": 0
          }
        ],
        "reward": 4432,
        "claimed": false
      },
      "monthlyChallenge": {
        "expiresAt": 1769914799999,
        "tasks": [
          {
            "type": "work",
            "target": 89,
            "progress": 3
          },
          {
            "type": "explore",
            "target": 76,
            "progress": 1
          },
          {
            "type": "mine",
            "target": 89,
            "progress": 2
          },
          {
            "type": "fish",
            "target": 69,
            "progress": 2
          },
          {
            "type": "crimeSuccess",
            "target": 70,
            "progress": 0
          }
        ],
        "reward": 18168,
        "claimed": false
      },
      "level": 1,
      "exp": 55,
      "prestige": 0,
      "classe": null,
      "clan": null,
      "house": null,
      "family": null,
      "power": 100,
      "hp": 100,
      "maxHp": 100,
      "mana": 50,
      "maxMana": 50,
      "stamina": 100,
      "maxStamina": 100,
      "strength": 10,
      "defense": 10,
      "agility": 10,
      "intelligence": 10,
      "luck": 10,
      "attackBonus": 0,
      "defenseBonus": 0,
      "skills": {
        "mining": {
          "level": 1,
          "xp": 2
        },
        "working": {
          "level": 1,
          "xp": 3
        },
        "fishing": {
          "level": 1,
          "xp": 2
        },
        "exploring": {
          "level": 1,
          "xp": 1
        },
        "hunting": {
          "level": 1,
          "xp": 1
        },
        "forging": {
          "level": 1,
          "xp": 0
        },
        "crime": {
          "level": 1,
          "xp": 0
        }
      },
      "properties": {},
      "pets": [],
      "lastPetBattle": 0,
      "totalWork": 0,
      "totalMine": 0,
      "totalFish": 0,
      "totalHunt": 0,
      "totalExplore": 0,
      "totalCrime": 0,
      "lotteryTickets": 0,
      "createdAt": 1767483783199,
      "lastDaily": 0,
      "lastWeekly": 0,
      "lastMonthly": 0,
      "stats": {
        "totalWork": 3,
        "workCount": 3,
        "totalFish": 2,
        "fishCount": 2,
        "totalMine": 2,
        "mineCount": 2,
        "totalExplore": 1,
        "exploreCount": 1
      },
      "ingredients": {
        "peixe": 7,
        "carne": 1
      },
      "quests": {
        "daily": [
          {
            "id": "cook_5",
            "name": "👨‍🍳 Cozinhar 5 receitas",
            "reward": 4000,
            "exp": 180,
            "progress": 0,
            "goal": 5,
            "claimed": false
          },
          {
            "id": "dungeon_2",
            "name": "🗺️ Completar 2 masmorras",
            "reward": 8000,
            "exp": 300,
            "progress": 0,
            "goal": 2,
            "claimed": false
          },
          {
            "id": "train_pet",
            "name": "🐾 Treinar pet 5 vezes",
            "reward": 6000,
            "exp": 250,
            "progress": 0,
            "goal": 5,
            "claimed": false
          }
        ],
        "lastReset": 1767642972378
      },
      "xp": 100,
      "streak": {
        "count": 1,
        "lastClaim": 1767643442673,
        "record": 1
      }
    },
    "13134429474957@lid": {
      "wallet": 0,
      "bank": 2064,
      "cooldowns": {
        "work": 1767649598642,
        "fish": 1767649429980,
        "hunt": 1767650024210,
        "daily": 1767702259009,
        "rob": 1767616893440
      },
      "inventory": {},
      "items": {},
      "job": null,
      "tools": {},
      "materials": {},
      "challenge": {
        "expiresAt": 1767668399999,
        "tasks": [
          {
            "type": "explore",
            "target": 3,
            "progress": 0
          },
          {
            "type": "work",
            "target": 7,
            "progress": 3
          },
          {
            "type": "crimeSuccess",
            "target": 7,
            "progress": 0
          }
        ],
        "reward": 449,
        "claimed": false
      },
      "weeklyChallenge": {
        "expiresAt": 1768186799999,
        "tasks": [
          {
            "type": "explore",
            "target": 16,
            "progress": 0
          },
          {
            "type": "work",
            "target": 29,
            "progress": 3
          },
          {
            "type": "mine",
            "target": 29,
            "progress": 0
          },
          {
            "type": "hunt",
            "target": 21,
            "progress": 3
          }
        ],
        "reward": 3627,
        "claimed": false
      },
      "monthlyChallenge": {
        "expiresAt": 1769914799999,
        "tasks": [
          {
            "type": "work",
            "target": 96,
            "progress": 4
          },
          {
            "type": "explore",
            "target": 93,
            "progress": 0
          },
          {
            "type": "hunt",
            "target": 93,
            "progress": 3
          },
          {
            "type": "mine",
            "target": 71,
            "progress": 0
          },
          {
            "type": "fish",
            "target": 60,
            "progress": 4
          }
        ],
        "reward": 16841,
        "claimed": false
      },
      "level": 1,
      "exp": 55,
      "prestige": 0,
      "classe": null,
      "clan": null,
      "house": null,
      "family": null,
      "power": 100,
      "hp": 100,
      "maxHp": 100,
      "mana": 50,
      "maxMana": 50,
      "stamina": 100,
      "maxStamina": 100,
      "strength": 10,
      "defense": 10,
      "agility": 10,
      "intelligence": 10,
      "luck": 10,
      "attackBonus": 0,
      "defenseBonus": 0,
      "skills": {
        "mining": {
          "level": 1,
          "xp": 0
        },
        "working": {
          "level": 1,
          "xp": 4
        },
        "fishing": {
          "level": 1,
          "xp": 4
        },
        "exploring": {
          "level": 1,
          "xp": 0
        },
        "hunting": {
          "level": 1,
          "xp": 3
        },
        "forging": {
          "level": 1,
          "xp": 0
        },
        "crime": {
          "level": 1,
          "xp": 0
        }
      },
      "properties": {},
      "pets": [],
      "lastPetBattle": 0,
      "totalWork": 0,
      "totalMine": 0,
      "totalFish": 0,
      "totalHunt": 0,
      "totalExplore": 0,
      "totalCrime": 0,
      "lotteryTickets": 0,
      "createdAt": 1767484029497,
      "lastDaily": 0,
      "lastWeekly": 0,
      "lastMonthly": 0,
      "stats": {
        "totalWork": 4,
        "workCount": 4,
        "totalFish": 4,
        "fishCount": 4
      },
      "ingredients": {
        "peixe": 10,
        "carne": 3
      },
      "streak": {
        "count": 1,
        "lastClaim": 1767615859009,
        "record": 1
      }
    },
    "194107339239463@lid": {
      "wallet": 4599256,
      "bank": 500000,
      "cooldowns": {
        "work": 1767626552976,
        "hunt": 1767624352817,
        "rob": 1767624583240,
        "fish": 1767623744407,
        "daily": 1767573476585
      },
      "inventory": {
        "vault": 98,
        "@194107339239463_vault": 9
      },
      "items": {},
      "job": "gerente",
      "tools": {},
      "materials": {},
      "challenge": {
        "expiresAt": 1767754799999,
        "tasks": [
          {
            "type": "crimeSuccess",
            "target": 3,
            "progress": 0
          },
          {
            "type": "work",
            "target": 5,
            "progress": 0
          },
          {
            "type": "explore",
            "target": 4,
            "progress": 0
          }
        ],
        "reward": 386,
        "claimed": false
      },
      "weeklyChallenge": {
        "expiresAt": 1768186799999,
        "tasks": [
          {
            "type": "crimeSuccess",
            "target": 24,
            "progress": 0
          },
          {
            "type": "fish",
            "target": 26,
            "progress": 1
          },
          {
            "type": "mine",
            "target": 28,
            "progress": 0
          },
          {
            "type": "explore",
            "target": 21,
            "progress": 0
          }
        ],
        "reward": 4130,
        "claimed": false
      },
      "monthlyChallenge": {
        "expiresAt": 1769914799999,
        "tasks": [
          {
            "type": "mine",
            "target": 87,
            "progress": 0
          },
          {
            "type": "explore",
            "target": 71,
            "progress": 0
          },
          {
            "type": "work",
            "target": 96,
            "progress": 10
          },
          {
            "type": "crimeSuccess",
            "target": 95,
            "progress": 0
          },
          {
            "type": "hunt",
            "target": 72,
            "progress": 5
          }
        ],
        "reward": 16566,
        "claimed": false
      },
      "level": 10,
      "exp": 55,
      "prestige": 0,
      "classe": null,
      "clan": null,
      "house": {
        "type": "castelo",
        "decorations": [],
        "lastCollect": 1767622416107
      },
      "family": {
        "spouse": null,
        "children": [],
        "parents": [
          "69003095617592@lid"
        ],
        "siblings": []
      },
      "power": 250,
      "hp": 100,
      "maxHp": 100,
      "mana": 50,
      "maxMana": 50,
      "stamina": 100,
      "maxStamina": 100,
      "strength": 10,
      "defense": 10,
      "agility": 10,
      "intelligence": 10,
      "luck": 10,
      "attackBonus": 0,
      "defenseBonus": 0,
      "skills": {
        "mining": {
          "level": 1,
          "xp": 0
        },
        "working": {
          "level": 1,
          "xp": 10
        },
        "fishing": {
          "level": 1,
          "xp": 5
        },
        "exploring": {
          "level": 1,
          "xp": 0
        },
        "hunting": {
          "level": 1,
          "xp": 5
        },
        "forging": {
          "level": 1,
          "xp": 0
        },
        "crime": {
          "level": 1,
          "xp": 0
        }
      },
      "properties": {},
      "pets": [],
      "lastPetBattle": 0,
      "totalWork": 0,
      "totalMine": 0,
      "totalFish": 0,
      "totalHunt": 0,
      "totalExplore": 0,
      "totalCrime": 0,
      "lotteryTickets": 0,
      "createdAt": 1767484278991,
      "lastDaily": 0,
      "lastWeekly": 0,
      "lastMonthly": 0,
      "stats": {
        "totalWork": 10,
        "workCount": 10,
        "totalFish": 5,
        "fishCount": 5
      },
      "ingredients": {
        "carne": 5,
        "peixe": 16
      },
      "streak": {
        "count": 1,
        "lastClaim": 1767487076585,
        "record": 1
      },
      "xp": 166
    },
    "76940211925245@lid": {
      "wallet": 0,
      "bank": 0,
      "cooldowns": {
        "daily": 1767573002863,
        "rob": 1767648558254
      },
      "inventory": {},
      "items": {},
      "job": null,
      "tools": {},
      "materials": {},
      "challenge": {
        "expiresAt": 1767668399999,
        "tasks": [
          {
            "type": "explore",
            "target": 5,
            "progress": 0
          },
          {
            "type": "work",
            "target": 6,
            "progress": 0
          },
          {
            "type": "hunt",
            "target": 3,
            "progress": 0
          }
        ],
        "reward": 640,
        "claimed": false
      },
      "weeklyChallenge": null,
      "monthlyChallenge": null,
      "level": 1,
      "exp": 55,
      "prestige": 0,
      "classe": null,
      "clan": null,
      "house": null,
      "family": null,
      "power": 100,
      "hp": 100,
      "maxHp": 100,
      "mana": 50,
      "maxMana": 50,
      "stamina": 100,
      "maxStamina": 100,
      "strength": 10,
      "defense": 10,
      "agility": 10,
      "intelligence": 10,
      "luck": 10,
      "attackBonus": 0,
      "defenseBonus": 0,
      "skills": {},
      "properties": {},
      "pets": [],
      "lastPetBattle": 0,
      "totalWork": 0,
      "totalMine": 0,
      "totalFish": 0,
      "totalHunt": 0,
      "totalExplore": 0,
      "totalCrime": 0,
      "lotteryTickets": 0,
      "createdAt": 1767486425445,
      "lastDaily": 0,
      "lastWeekly": 0,
      "lastMonthly": 0,
      "reputation": {
        "points": 10,
        "upvotes": 1,
        "downvotes": 0,
        "karma": 5,
        "fame": 1
      },
      "lastVote": {
        "179994059870382@lid": 1767486452815
      },
      "streak": {
        "count": 1,
        "lastClaim": 1767486602863,
        "record": 1
      },
      "xp": 100
    },
    "205398774702244@lid": {
      "wallet": 17334782,
      "bank": 600000,
      "cooldowns": {
        "work": 1767647470934,
        "fish": 1767647317194,
        "rob": 1767635317248,
        "explore": 1767647480937,
        "mine": 1767647163914,
        "hunt": 1767647909367,
        "cook": 1767642400354,
        "forge": 1767635664902,
        "daily": 1767729852476
      },
      "inventory": {
        "evolution_stone": 1,
        "eagle_eye": 1,
        "phoenix_feather": 1,
        "vault": 118,
        "bow": 1,
        "dragonslayer": 1,
        "wolfbane": 1,
        "defense_potion": 1
      },
      "items": {},
      "job": "gerente",
      "tools": {
        "pickaxe": {
          "tier": "diamante",
          "dur": 143,
          "max": 150,
          "key": "pickaxe_diamante"
        }
      },
      "materials": {
        "pedra": 28,
        "ferro": 16,
        "ouro": 1
      },
      "challenge": {
        "expiresAt": 1767668399999,
        "tasks": [
          {
            "type": "crimeSuccess",
            "target": 7,
            "progress": 0
          },
          {
            "type": "explore",
            "target": 3,
            "progress": 3
          },
          {
            "type": "work",
            "target": 5,
            "progress": 5
          }
        ],
        "reward": 633,
        "claimed": false
      },
      "weeklyChallenge": {
        "expiresAt": 1768186799999,
        "tasks": [
          {
            "type": "mine",
            "target": 20,
            "progress": 8
          },
          {
            "type": "explore",
            "target": 22,
            "progress": 6
          },
          {
            "type": "hunt",
            "target": 29,
            "progress": 4
          },
          {
            "type": "work",
            "target": 18,
            "progress": 9
          }
        ],
        "reward": 3362,
        "claimed": false
      },
      "monthlyChallenge": {
        "expiresAt": 1769914799999,
        "tasks": [
          {
            "type": "work",
            "target": 70,
            "progress": 10
          },
          {
            "type": "mine",
            "target": 93,
            "progress": 8
          },
          {
            "type": "explore",
            "target": 87,
            "progress": 6
          },
          {
            "type": "hunt",
            "target": 98,
            "progress": 4
          },
          {
            "type": "fish",
            "target": 93,
            "progress": 4
          }
        ],
        "reward": 15723,
        "claimed": false
      },
      "level": 10,
      "exp": 55,
      "prestige": 0,
      "classe": null,
      "clan": null,
      "house": {
        "type": "castelo",
        "decorations": [],
        "lastCollect": 1767642312042
      },
      "family": {
        "spouse": null,
        "children": [],
        "parents": [
          "69003095617592@lid"
        ],
        "siblings": []
      },
      "power": 250,
      "hp": 100,
      "maxHp": 100,
      "mana": 50,
      "maxMana": 50,
      "stamina": 100,
      "maxStamina": 100,
      "strength": 10,
      "defense": 10,
      "agility": 10,
      "intelligence": 10,
      "luck": 10,
      "attackBonus": 0,
      "defenseBonus": 0,
      "skills": {
        "mining": {
          "level": 1,
          "xp": 8
        },
        "working": {
          "level": 1,
          "xp": 10
        },
        "fishing": {
          "level": 1,
          "xp": 4
        },
        "exploring": {
          "level": 1,
          "xp": 6
        },
        "hunting": {
          "level": 1,
          "xp": 4
        },
        "forging": {
          "level": 1,
          "xp": 0
        },
        "crime": {
          "level": 1,
          "xp": 0
        }
      },
      "properties": {},
      "pets": [
        {
          "name": "Dragão",
          "emoji": "🐉",
          "type": "dragao",
          "hp": 150,
          "maxHp": 150,
          "attack": 25,
          "defense": 15,
          "speed": 12,
          "element": "fire",
          "level": 1,
          "exp": 60,
          "evolutions": 0,
          "hunger": 100,
          "mood": 100,
          "wins": 0,
          "losses": 0,
          "equipment": {},
          "lastUpdate": 1767643436419,
          "lastTrain": 1767643340711,
          "cost": 15000
        },
        {
          "name": "Fênix",
          "emoji": "🔥",
          "type": "fenix",
          "hp": 120,
          "maxHp": 120,
          "attack": 20,
          "defense": 12,
          "speed": 20,
          "element": "fire",
          "level": 1,
          "exp": 57,
          "evolutions": 0,
          "hunger": 100,
          "mood": 100,
          "wins": 0,
          "losses": 0,
          "equipment": {},
          "lastUpdate": 1767643444761,
          "lastTrain": 1767643348098,
          "cost": 10000
        },
        {
          "name": "Lobo",
          "emoji": "🐺",
          "type": "lobo",
          "hp": 100,
          "maxHp": 100,
          "attack": 15,
          "defense": 10,
          "speed": 18,
          "element": "normal",
          "level": 1,
          "exp": 66,
          "evolutions": 0,
          "hunger": 100,
          "mood": 100,
          "wins": 0,
          "losses": 0,
          "equipment": {},
          "lastUpdate": 1767646807162,
          "lastTrain": 1767646791522,
          "cost": 5000
        }
      ],
      "lastPetBattle": 0,
      "totalWork": 0,
      "totalMine": 0,
      "totalFish": 0,
      "totalHunt": 0,
      "totalExplore": 0,
      "totalCrime": 0,
      "lotteryTickets": 0,
      "createdAt": 1767486534370,
      "lastDaily": 0,
      "lastWeekly": 0,
      "lastMonthly": 0,
      "stats": {
        "totalWork": 10,
        "workCount": 10,
        "totalFish": 4,
        "fishCount": 4,
        "totalExplore": 6,
        "exploreCount": 6,
        "totalMine": 8,
        "mineCount": 8
      },
      "ingredients": {
        "peixe": 10,
        "carne": 4,
        "arroz": 8,
        "trigo": 27,
        "queijo": 6,
        "ovo": 4
      },
      "xp": 366,
      "quests": {
        "daily": [
          {
            "id": "gather_10",
            "name": "🌾 Coletar 10 recursos",
            "reward": 3000,
            "exp": 150,
            "progress": 10,
            "goal": 10,
            "claimed": true
          },
          {
            "id": "dungeon_2",
            "name": "🗺️ Completar 2 masmorras",
            "reward": 8000,
            "exp": 300,
            "progress": 0,
            "goal": 2,
            "claimed": false
          },
          {
            "id": "cook_5",
            "name": "👨‍🍳 Cozinhar 5 receitas",
            "reward": 4000,
            "exp": 180,
            "progress": 5,
            "goal": 5,
            "claimed": true
          }
        ],
        "lastReset": 1767621663831
      },
      "achievements": {},
      "farm": {
        "plots": [],
        "maxPlots": 4,
        "lastExpansion": 0
      },
      "cookedFood": {
        "pao": 5
      },
      "streak": {
        "current": 0,
        "best": 0,
        "lastLogin": 0,
        "rewards": [],
        "count": 1,
        "lastClaim": 1767643452476
      }
    },
    "68492564951271@lid": {
      "wallet": 10000002512,
      "bank": 0,
      "cooldowns": {
        "work": 1767653399767
      },
      "inventory": {},
      "items": {},
      "job": "gerente",
      "tools": {},
      "materials": {},
      "challenge": {
        "expiresAt": 1767668399999,
        "tasks": [
          {
            "type": "work",
            "target": 6,
            "progress": 5
          },
          {
            "type": "mine",
            "target": 5,
            "progress": 0
          },
          {
            "type": "crimeSuccess",
            "target": 4,
            "progress": 0
          }
        ],
        "reward": 693,
        "claimed": false
      },
      "weeklyChallenge": {
        "expiresAt": 1768186799999,
        "tasks": [
          {
            "type": "fish",
            "target": 26,
            "progress": 0
          },
          {
            "type": "crimeSuccess",
            "target": 28,
            "progress": 0
          },
          {
            "type": "explore",
            "target": 25,
            "progress": 0
          },
          {
            "type": "work",
            "target": 21,
            "progress": 5
          }
        ],
        "reward": 4805,
        "claimed": false
      },
      "monthlyChallenge": {
        "expiresAt": 1769914799999,
        "tasks": [
          {
            "type": "work",
            "target": 65,
            "progress": 9
          },
          {
            "type": "mine",
            "target": 60,
            "progress": 0
          },
          {
            "type": "fish",
            "target": 92,
            "progress": 0
          },
          {
            "type": "explore",
            "target": 77,
            "progress": 0
          },
          {
            "type": "hunt",
            "target": 65,
            "progress": 0
          }
        ],
        "reward": 18104,
        "claimed": false
      },
      "level": 1,
      "exp": 0,
      "prestige": 0,
      "classe": null,
      "clan": null,
      "house": null,
      "family": null,
      "power": 100,
      "hp": 100,
      "maxHp": 100,
      "mana": 50,
      "maxMana": 50,
      "stamina": 100,
      "maxStamina": 100,
      "strength": 10,
      "defense": 10,
      "agility": 10,
      "intelligence": 10,
      "luck": 10,
      "attackBonus": 0,
      "defenseBonus": 0,
      "skills": {
        "mining": {
          "level": 1,
          "xp": 0
        },
        "working": {
          "level": 1,
          "xp": 9
        },
        "fishing": {
          "level": 1,
          "xp": 0
        },
        "exploring": {
          "level": 1,
          "xp": 0
        },
        "hunting": {
          "level": 1,
          "xp": 0
        },
        "forging": {
          "level": 1,
          "xp": 0
        },
        "crime": {
          "level": 1,
          "xp": 0
        }
      },
      "properties": {},
      "pets": [],
      "lastPetBattle": 0,
      "totalWork": 0,
      "totalMine": 0,
      "totalFish": 0,
      "totalHunt": 0,
      "totalExplore": 0,
      "totalCrime": 0,
      "lotteryTickets": 0,
      "createdAt": 1767552132119,
      "lastDaily": 0,
      "lastWeekly": 0,
      "lastMonthly": 0,
      "stats": {
        "totalWork": 9,
        "workCount": 9
      },
      "protection": {
        "protectedBy": "69003095617592@lid",
        "until": 1767650809971
      }
    },
    "166911723716830@lid": {
      "wallet": 2160,
      "bank": 0,
      "cooldowns": {
        "rob": 1767558298670
      },
      "inventory": {},
      "items": {},
      "job": null,
      "tools": {},
      "materials": {},
      "challenge": {
        "expiresAt": 1767668399999,
        "tasks": [
          {
            "type": "mine",
            "target": 3,
            "progress": 0
          },
          {
            "type": "work",
            "target": 7,
            "progress": 0
          },
          {
            "type": "explore",
            "target": 5,
            "progress": 0
          }
        ],
        "reward": 529,
        "claimed": false
      },
      "weeklyChallenge": null,
      "monthlyChallenge": null,
      "level": 1,
      "exp": 0,
      "prestige": 0,
      "classe": null,
      "clan": null,
      "house": null,
      "family": null,
      "power": 100,
      "hp": 100,
      "maxHp": 100,
      "mana": 50,
      "maxMana": 50,
      "stamina": 100,
      "maxStamina": 100,
      "strength": 10,
      "defense": 10,
      "agility": 10,
      "intelligence": 10,
      "luck": 10,
      "attackBonus": 0,
      "defenseBonus": 0,
      "skills": {},
      "properties": {},
      "pets": [],
      "lastPetBattle": 0,
      "totalWork": 0,
      "totalMine": 0,
      "totalFish": 0,
      "totalHunt": 0,
      "totalExplore": 0,
      "totalCrime": 0,
      "lotteryTickets": 0,
      "createdAt": 1767557698664,
      "lastDaily": 0,
      "lastWeekly": 0,
      "lastMonthly": 0,
      "xp": 300,
      "premiumItems": {
        "titulo_lendario": 1
      }
    },
    "⁨Phzx⁩": {
      "wallet": 2100,
      "bank": 0,
      "cooldowns": {},
      "inventory": {},
      "items": {},
      "job": null,
      "tools": {},
      "materials": {},
      "challenge": null,
      "weeklyChallenge": null,
      "monthlyChallenge": null,
      "level": 1,
      "exp": 0,
      "prestige": 0,
      "classe": null,
      "clan": null,
      "house": null,
      "family": null,
      "power": 100,
      "hp": 100,
      "maxHp": 100,
      "mana": 50,
      "maxMana": 50,
      "stamina": 100,
      "maxStamina": 100,
      "strength": 10,
      "defense": 10,
      "agility": 10,
      "intelligence": 10,
      "luck": 10,
      "attackBonus": 0,
      "defenseBonus": 0,
      "skills": {},
      "properties": {},
      "pets": [],
      "lastPetBattle": 0,
      "totalWork": 0,
      "totalMine": 0,
      "totalFish": 0,
      "totalHunt": 0,
      "totalExplore": 0,
      "totalCrime": 0,
      "lotteryTickets": 0,
      "createdAt": 1767558259995,
      "lastDaily": 0,
      "lastWeekly": 0,
      "lastMonthly": 0
    },
    "⁨Parceiro⁩": {
      "wallet": 3700,
      "bank": 0,
      "cooldowns": {},
      "inventory": {},
      "items": {},
      "job": null,
      "tools": {},
      "materials": {},
      "challenge": null,
      "weeklyChallenge": null,
      "monthlyChallenge": null,
      "level": 1,
      "exp": 0,
      "prestige": 0,
      "classe": null,
      "clan": null,
      "house": null,
      "family": null,
      "power": 100,
      "hp": 100,
      "maxHp": 100,
      "mana": 50,
      "maxMana": 50,
      "stamina": 100,
      "maxStamina": 100,
      "strength": 10,
      "defense": 10,
      "agility": 10,
      "intelligence": 10,
      "luck": 10,
      "attackBonus": 0,
      "defenseBonus": 0,
      "skills": {},
      "properties": {},
      "pets": [],
      "lastPetBattle": 0,
      "totalWork": 0,
      "totalMine": 0,
      "totalFish": 0,
      "totalHunt": 0,
      "totalExplore": 0,
      "totalCrime": 0,
      "lotteryTickets": 0,
      "createdAt": 1767558567694,
      "lastDaily": 0,
      "lastWeekly": 0,
      "lastMonthly": 0
    },
    "227246786748547@lid": {
      "wallet": 0,
      "bank": 0,
      "cooldowns": {
        "rob": 1767653204473
      },
      "inventory": {},
      "items": {},
      "job": null,
      "tools": {},
      "materials": {},
      "challenge": {
        "expiresAt": 1767668399999,
        "tasks": [
          {
            "type": "crimeSuccess",
            "target": 5,
            "progress": 0
          },
          {
            "type": "hunt",
            "target": 4,
            "progress": 0
          },
          {
            "type": "work",
            "target": 5,
            "progress": 0
          }
        ],
        "reward": 345,
        "claimed": false
      },
      "weeklyChallenge": null,
      "monthlyChallenge": null,
      "level": 1,
      "exp": 0,
      "prestige": 0,
      "classe": null,
      "clan": null,
      "house": null,
      "family": null,
      "power": 100,
      "hp": 100,
      "maxHp": 100,
      "mana": 50,
      "maxMana": 50,
      "stamina": 100,
      "maxStamina": 100,
      "strength": 10,
      "defense": 10,
      "agility": 10,
      "intelligence": 10,
      "luck": 10,
      "attackBonus": 0,
      "defenseBonus": 0,
      "skills": {},
      "properties": {},
      "pets": [],
      "lastPetBattle": 0,
      "totalWork": 0,
      "totalMine": 0,
      "totalFish": 0,
      "totalHunt": 0,
      "totalExplore": 0,
      "totalCrime": 0,
      "lotteryTickets": 0,
      "createdAt": 1767616232805,
      "lastDaily": 0,
      "lastWeekly": 0,
      "lastMonthly": 0
    },
    "113443625537788@lid": {
      "wallet": 627572,
      "bank": 300000,
      "cooldowns": {
        "work": 1767636056126,
        "rob": 1767644107959
      },
      "inventory": {
        "vault": 58
      },
      "items": {},
      "job": "gerente",
      "tools": {},
      "materials": {},
      "challenge": {
        "expiresAt": 1767668399999,
        "tasks": [
          {
            "type": "crimeSuccess",
            "target": 5,
            "progress": 0
          },
          {
            "type": "hunt",
            "target": 3,
            "progress": 0
          },
          {
            "type": "work",
            "target": 4,
            "progress": 1
          }
        ],
        "reward": 318,
        "claimed": false
      },
      "weeklyChallenge": {
        "expiresAt": 1768186799999,
        "tasks": [
          {
            "type": "mine",
            "target": 26,
            "progress": 0
          },
          {
            "type": "explore",
            "target": 20,
            "progress": 0
          },
          {
            "type": "fish",
            "target": 21,
            "progress": 0
          },
          {
            "type": "crimeSuccess",
            "target": 29,
            "progress": 0
          }
        ],
        "reward": 3593,
        "claimed": false
      },
      "monthlyChallenge": {
        "expiresAt": 1769914799999,
        "tasks": [
          {
            "type": "mine",
            "target": 64,
            "progress": 0
          },
          {
            "type": "crimeSuccess",
            "target": 97,
            "progress": 0
          },
          {
            "type": "work",
            "target": 83,
            "progress": 1
          },
          {
            "type": "hunt",
            "target": 60,
            "progress": 0
          },
          {
            "type": "fish",
            "target": 77,
            "progress": 0
          }
        ],
        "reward": 17176,
        "claimed": false
      },
      "level": 1,
      "exp": 0,
      "prestige": 0,
      "classe": null,
      "clan": null,
      "house": null,
      "family": null,
      "power": 100,
      "hp": 100,
      "maxHp": 100,
      "mana": 50,
      "maxMana": 50,
      "stamina": 100,
      "maxStamina": 100,
      "strength": 10,
      "defense": 10,
      "agility": 10,
      "intelligence": 10,
      "luck": 10,
      "attackBonus": 0,
      "defenseBonus": 0,
      "skills": {
        "mining": {
          "level": 1,
          "xp": 0
        },
        "working": {
          "level": 1,
          "xp": 1
        },
        "fishing": {
          "level": 1,
          "xp": 0
        },
        "exploring": {
          "level": 1,
          "xp": 0
        },
        "hunting": {
          "level": 1,
          "xp": 0
        },
        "forging": {
          "level": 1,
          "xp": 0
        },
        "crime": {
          "level": 1,
          "xp": 0
        }
      },
      "properties": {},
      "pets": [
        {
          "name": "Lobo",
          "emoji": "🐺",
          "type": "lobo",
          "hp": 100,
          "maxHp": 100,
          "attack": 15,
          "defense": 10,
          "speed": 18,
          "element": "normal",
          "level": 1,
          "exp": 61,
          "evolutions": 0,
          "hunger": 100,
          "mood": 100,
          "wins": 0,
          "losses": 0,
          "equipment": {},
          "lastUpdate": 1767643404082,
          "lastTrain": 1767643324934,
          "cost": 5000
        },
        {
          "name": "Fênix",
          "emoji": "🔥",
          "type": "fenix",
          "hp": 120,
          "maxHp": 120,
          "attack": 20,
          "defense": 12,
          "speed": 20,
          "element": "fire",
          "level": 1,
          "exp": 64,
          "evolutions": 0,
          "hunger": 100,
          "mood": 100,
          "wins": 0,
          "losses": 0,
          "equipment": {},
          "lastUpdate": 1767643561446,
          "lastTrain": 1767643422275,
          "cost": 10000
        }
      ],
      "lastPetBattle": 0,
      "totalWork": 0,
      "totalMine": 0,
      "totalFish": 0,
      "totalHunt": 0,
      "totalExplore": 0,
      "totalCrime": 0,
      "lotteryTickets": 0,
      "createdAt": 1767616565347,
      "lastDaily": 0,
      "lastWeekly": 0,
      "lastMonthly": 0,
      "stats": {
        "totalWork": 1,
        "workCount": 1
      }
    },
    "173289716580386@lid": {
      "wallet": 100500,
      "bank": 0,
      "cooldowns": {},
      "inventory": {},
      "items": {},
      "job": null,
      "tools": {},
      "materials": {},
      "challenge": null,
      "weeklyChallenge": null,
      "monthlyChallenge": null,
      "level": 1,
      "exp": 0,
      "prestige": 0,
      "classe": null,
      "clan": null,
      "house": null,
      "family": null,
      "power": 100,
      "hp": 100,
      "maxHp": 100,
      "mana": 50,
      "maxMana": 50,
      "stamina": 100,
      "maxStamina": 100,
      "strength": 10,
      "defense": 10,
      "agility": 10,
      "intelligence": 10,
      "luck": 10,
      "attackBonus": 0,
      "defenseBonus": 0,
      "skills": {},
      "properties": {},
      "pets": [],
      "lastPetBattle": 0,
      "totalWork": 0,
      "totalMine": 0,
      "totalFish": 0,
      "totalHunt": 0,
      "totalExplore": 0,
      "totalCrime": 0,
      "lotteryTickets": 0,
      "createdAt": 1767647340369,
      "lastDaily": 0,
      "lastWeekly": 0,
      "lastMonthly": 0
    }
  },
  "shop": {
    "pickaxe_bronze": {
      "name": "Picareta de Bronze",
      "price": 500,
      "type": "tool",
      "toolType": "pickaxe",
      "tier": "bronze",
      "durability": 20,
      "effect": {
        "mineBonus": 0.1
      }
    },
    "pickaxe_ferro": {
      "name": "Picareta de Ferro",
      "price": 1500,
      "type": "tool",
      "toolType": "pickaxe",
      "tier": "ferro",
      "durability": 60,
      "effect": {
        "mineBonus": 0.25
      }
    },
    "pickaxe_diamante": {
      "name": "Picareta de Diamante",
      "price": 5000,
      "type": "tool",
      "toolType": "pickaxe",
      "tier": "diamante",
      "durability": 150,
      "effect": {
        "mineBonus": 0.5
      }
    },
    "repairkit": {
      "name": "Kit de Reparos",
      "price": 350,
      "type": "consumable",
      "effect": {
        "repair": 40
      }
    },
    "vault": {
      "name": "Cofre",
      "price": 1000,
      "type": "upgrade",
      "effect": {
        "bankCapacity": 5000
      }
    },
    "lucky": {
      "name": "Amuleto da Sorte",
      "price": 1500,
      "type": "upgrade",
      "effect": {
        "workBonus": 0.2
      }
    },
    "rod": {
      "name": "Vara de Pesca",
      "price": 400,
      "type": "tool",
      "effect": {
        "fishBonus": 0.2
      }
    },
    "lamp": {
      "name": "Lanterna",
      "price": 600,
      "type": "tool",
      "effect": {
        "exploreBonus": 0.2
      }
    },
    "bow": {
      "name": "Arco de Caça",
      "price": 800,
      "type": "tool",
      "effect": {
        "huntBonus": 0.25
      }
    },
    "forge": {
      "name": "Kit de Forja",
      "price": 1200,
      "type": "tool",
      "effect": {
        "forgeBonus": 0.25
      }
    },
    "pet_sword": {
      "name": "Espada para Pet",
      "price": 1200,
      "type": "pet_equipment",
      "slot": "weapon",
      "attackBonus": 15,
      "durability": 30
    },
    "pet_armor": {
      "name": "Armadura para Pet",
      "price": 1500,
      "type": "pet_equipment",
      "slot": "armor",
      "defenseBonus": 12,
      "durability": 40
    },
    "pet_shield": {
      "name": "Escudo para Pet",
      "price": 1000,
      "type": "pet_equipment",
      "slot": "shield",
      "defenseBonus": 8,
      "durability": 50
    },
    "pet_ring": {
      "name": "Anel do Pet",
      "price": 700,
      "type": "pet_equipment",
      "slot": "accessory",
      "attackBonus": 5,
      "defenseBonus": 5,
      "durability": 25
    },
    "dragonslayer": {
      "name": "Mata-Dragões",
      "price": 3000,
      "type": "pet_equipment",
      "slot": "weapon",
      "attackBonus": 20,
      "advantage": "dragao",
      "durability": 40
    },
    "wolfbane": {
      "name": "Maldiç ão Lobisomem",
      "price": 2500,
      "type": "pet_equipment",
      "slot": "weapon",
      "attackBonus": 18,
      "advantage": "lobo",
      "durability": 35
    },
    "phoenix_feather": {
      "name": "Pena de Fênix",
      "price": 2800,
      "type": "pet_equipment",
      "slot": "accessory",
      "hpBonus": 30,
      "advantage": "fenix",
      "durability": 30
    },
    "tiger_talisman": {
      "name": "Talismã do Tigre",
      "price": 2200,
      "type": "pet_equipment",
      "slot": "accessory",
      "attackBonus": 12,
      "advantage": "tigre",
      "durability": 25
    },
    "eagle_eye": {
      "name": "Olho de Águia",
      "price": 2400,
      "type": "pet_equipment",
      "slot": "accessory",
      "critBonus": 15,
      "advantage": "aguia",
      "durability": 30
    },
    "mystic_collar": {
      "name": "Coleira Mística",
      "price": 3500,
      "type": "pet_equipment",
      "slot": "accessory",
      "attackBonus": 10,
      "defenseBonus": 10,
      "hpBonus": 20,
      "durability": 50
    },
    "battle_potion": {
      "name": "Poção de Batalha",
      "price": 500,
      "type": "consumable",
      "effect": {
        "tempAttack": 10,
        "duration": 3
      }
    },
    "defense_potion": {
      "name": "Poção de Defesa",
      "price": 500,
      "type": "consumable",
      "effect": {
        "tempDefense": 10,
        "duration": 3
      }
    },
    "evolution_stone": {
      "name": "Pedra da Evolução",
      "price": 10000,
      "type": "consumable",
      "effect": {
        "evolve": true
      }
    }
  },
  "materialsPrices": {
    "pedra": 2,
    "ferro": 6,
    "ouro": 12,
    "diamante": 30
  },
  "recipes": {
    "pickaxe_bronze": {
      "requires": {
        "pedra": 10,
        "ferro": 2
      },
      "gold": 100
    },
    "pickaxe_ferro": {
      "requires": {
        "ferro": 10,
        "ouro": 2
      },
      "gold": 300
    },
    "pickaxe_diamante": {
      "requires": {
        "ouro": 10,
        "diamante": 4
      },
      "gold": 1200
    }
  },
  "jobCatalog": {
    "estagiario": {
      "name": "Estagiário",
      "min": 80,
      "max": 140
    },
    "designer": {
      "name": "Designer",
      "min": 150,
      "max": 250
    },
    "programador": {
      "name": "Programador",
      "min": 200,
      "max": 350
    },
    "gerente": {
      "name": "Gerente",
      "min": 260,
      "max": 420
    }
  },
  "market": [],
  "marketCounter": 1,
  "propertiesCatalog": {
    "casa": {
      "name": "Casa",
      "price": 5000,
      "upkeepPerDay": 50,
      "incomeGoldPerDay": 80
    },
    "fazenda": {
      "name": "Fazenda",
      "price": 15000,
      "upkeepPerDay": 150,
      "incomeMaterialsPerDay": {
        "pedra": 6,
        "ferro": 1
      }
    },
    "mina_privada": {
      "name": "Mina Privada",
      "price": 30000,
      "upkeepPerDay": 400,
      "incomeMaterialsPerDay": {
        "pedra": 12,
        "ferro": 3,
        "ouro": 1
      }
    }
  },
  "clans": {},
  "clanCounter": 1,
  "lottery": {
    "jackpot": 10000,
    "lastDraw": 1767378223698,
    "drawInterval": 86400000,
    "ticketPrice": 100,
    "winners": []
  },
  "dungeonParties": {},
  "cookingRecipes": {
    "pao": {
      "name": "🍞 Pão",
      "requires": {
        "trigo": 3
      },
      "gold": 10,
      "sellPrice": 50,
      "energy": 10
    },
    "sopa": {
      "name": "🍲 Sopa",
      "requires": {
        "cenoura": 2,
        "batata": 2
      },
      "gold": 15,
      "sellPrice": 80,
      "energy": 20
    },
    "salada": {
      "name": "🥗 Salada",
      "requires": {
        "alface": 2,
        "tomate": 2
      },
      "gold": 12,
      "sellPrice": 60,
      "energy": 15
    },
    "bolo": {
      "name": "🍰 Bolo",
      "requires": {
        "trigo": 5,
        "ovo": 3
      },
      "gold": 25,
      "sellPrice": 120,
      "energy": 30
    },
    "pizza": {
      "name": "🍕 Pizza",
      "requires": {
        "trigo": 4,
        "tomate": 3,
        "queijo": 2
      },
      "gold": 35,
      "sellPrice": 150,
      "energy": 40
    },
    "hamburguer": {
      "name": "🍔 Hambúrguer",
      "requires": {
        "carne": 2,
        "trigo": 3,
        "alface": 1
      },
      "gold": 40,
      "sellPrice": 180,
      "energy": 50
    },
    "sushi": {
      "name": "🍣 Sushi",
      "requires": {
        "peixe": 4,
        "arroz": 3
      },
      "gold": 50,
      "sellPrice": 200,
      "energy": 45
    },
    "macarrao": {
      "name": "🍝 Macarrão",
      "requires": {
        "trigo": 3,
        "tomate": 2
      },
      "gold": 20,
      "sellPrice": 90,
      "energy": 25
    }
  },
  "seeds": {
    "trigo": {
      "name": "🌾 Trigo",
      "cost": 20,
      "growTime": 300000,
      "yield": {
        "trigo": 3
      }
    },
    "cenoura": {
      "name": "🥕 Cenoura",
      "cost": 15,
      "growTime": 240000,
      "yield": {
        "cenoura": 2
      }
    },
    "batata": {
      "name": "🥔 Batata",
      "cost": 15,
      "growTime": 240000,
      "yield": {
        "batata": 2
      }
    },
    "tomate": {
      "name": "🍅 Tomate",
      "cost": 18,
      "growTime": 360000,
      "yield": {
        "tomate": 3
      }
    },
    "alface": {
      "name": "🥬 Alface",
      "cost": 12,
      "growTime": 180000,
      "yield": {
        "alface": 2
      }
    },
    "milho": {
      "name": "🌽 Milho",
      "cost": 25,
      "growTime": 420000,
      "yield": {
        "milho": 4
      }
    },
    "arroz": {
      "name": "🌾 Arroz",
      "cost": 22,
      "growTime": 480000,
      "yield": {
        "arroz": 4
      }
    },
    "cana": {
      "name": "🌿 Cana-de-açúcar",
      "cost": 30,
      "growTime": 600000,
      "yield": {
        "acucar": 5
      }
    },
    "galinha": {
      "name": "🐔 Galinha",
      "cost": 35,
      "growTime": 900000,
      "yield": {
        "ovo": 2
      }
    },
    "vaca": {
      "name": "🐄 Vaca",
      "cost": 50,
      "growTime": 1200000,
      "yield": {
        "queijo": 3
      }
    }
  }
}