{
  "pairs": {
    "68492564951271@lid::69003095617592@lid": {
      "users": [
        "69003095617592@lid",
        "68492564951271@lid"
      ],
      "status": "casamento",
      "stages": {
        "namoro": {
          "since": "2026-01-03T02:13:42.734Z",
          "requestedBy": "69003095617592@lid",
          "acceptedBy": "68492564951271@lid",
          "groupId": "556284356772-1596761595@g.us",
          "requestedAt": "2026-01-03T02:13:29.375Z",
          "acceptedAt": "2026-01-03T02:13:42.734Z"
        },
        "brincadeira": {
          "since": "2026-01-03T02:13:42.734Z",
          "requestedBy": "69003095617592@lid",
          "acceptedBy": "68492564951271@lid",
          "groupId": "556284356772-1596761595@g.us",
          "requestedAt": "2026-01-03T02:13:29.375Z",
          "acceptedAt": "2026-01-03T02:13:42.734Z"
        },
        "casamento": {
          "since": "2026-01-05T12:23:28.154Z",
          "requestedBy": "69003095617592@lid",
          "acceptedBy": "68492564951271@lid",
          "groupId": "556284356772-1596761595@g.us",
          "requestedAt": "2026-01-05T12:23:20.875Z",
          "acceptedAt": "2026-01-05T12:23:28.154Z"
        }
      },
      "history": [
        {
          "type": "namoro",
          "requestedBy": "69003095617592@lid",
          "acceptedBy": "68492564951271@lid",
          "requestedAt": "2026-01-03T02:13:29.375Z",
          "acceptedAt": "2026-01-03T02:13:42.734Z"
        },
        {
          "type": "casamento",
          "requestedBy": "69003095617592@lid",
          "acceptedBy": "68492564951271@lid",
          "requestedAt": "2026-01-05T12:23:20.875Z",
          "acceptedAt": "2026-01-05T12:23:28.154Z"
        }
      ],
      "createdAt": "2026-01-03T02:13:42.734Z",
      "updatedAt": "2026-01-05T12:23:28.154Z",
      "terminatedAt": null,
      "terminatedBy": null,
      "lastStatus": "casamento"
    },
    "166911723716830@lid::76940211925245@lid": {
      "users": [
        "166911723716830@lid",
        "76940211925245@lid"
      ],
      "status": "namoro",
      "stages": {
        "namoro": {
          "since": "2026-01-04T18:26:40.260Z",
          "requestedBy": "166911723716830@lid",
          "acceptedBy": "76940211925245@lid",
          "groupId": "556284356772-1596761595@g.us",
          "requestedAt": "2026-01-04T18:26:28.517Z",
          "acceptedAt": "2026-01-04T18:26:40.260Z"
        },
        "brincadeira": {
          "since": "2026-01-04T18:26:40.260Z",
          "requestedBy": "166911723716830@lid",
          "acceptedBy": "76940211925245@lid",
          "groupId": "556284356772-1596761595@g.us",
          "requestedAt": "2026-01-04T18:26:28.517Z",
          "acceptedAt": "2026-01-04T18:26:40.260Z"
        }
      },
      "history": [
        {
          "type": "namoro",
          "requestedBy": "166911723716830@lid",
          "acceptedBy": "76940211925245@lid",
          "requestedAt": "2026-01-04T18:26:28.517Z",
          "acceptedAt": "2026-01-04T18:26:40.260Z"
        }
      ],
      "createdAt": "2026-01-04T18:26:40.260Z",
      "updatedAt": "2026-01-04T18:26:40.260Z",
      "terminatedAt": null,
      "terminatedBy": null,
      "lastStatus": "namoro"
    }
  },
  "archived": []
}