{
  "mark": {},
  "createdAt": "2026-01-02T22:07:55.587Z",
  "groupName": "teste",
  "modorpg": true,
  "minMessage": null,
  "moderators": [],
  "allowedModCommands": [],
  "mutedUsers": {},
  "mutedUsers2": {},
  "levelingEnabled": false,
  "adminWhitelist": {},
  "roles": {},
  "roleMessages": {},
  "contador": [
    {
      "id": "69003095617592@lid",
      "msg": 281,
      "cmd": 80,
      "figu": 21,
      "pushname": "the rock",
      "firstSeen": "2026-01-02T22:07:55.681Z",
      "lastActivity": "2026-01-06T14:46:15.184Z"
    },
    {
      "id": "27063125839961@lid",
      "msg": 76,
      "cmd": 0,
      "figu": 1,
      "pushname": "Victor",
      "firstSeen": "2026-01-02T22:19:00.150Z",
      "lastActivity": "2026-01-05T18:44:39.599Z"
    },
    {
      "id": "194107339239463@lid",
      "msg": 175,
      "cmd": 110,
      "figu": 46,
      "pushname": "leh",
      "firstSeen": "2026-01-04T20:25:58.771Z",
      "lastActivity": "2026-01-06T14:34:28.334Z"
    }
  ],
  "customPrefix": "/"
}