{
  "mark": {
    "69003095617592@lid": "marca"
  },
  "createdAt": "2026-01-02T17:30:33.483Z",
  "groupName": "⚡️McQueen⚡️",
  "modorpg": true,
  "minMessage": null,
  "moderators": [],
  "allowedModCommands": [],
  "mutedUsers": {},
  "mutedUsers2": {},
  "levelingEnabled": false,
  "adminWhitelist": {},
  "roles": {},
  "roleMessages": {},
  "contador": [
    {
      "id": "69003095617592@lid",
      "msg": 999,
      "cmd": 486,
      "figu": 87,
      "pushname": "the rock",
      "firstSeen": "2026-01-02T17:30:33.533Z",
      "lastActivity": "2026-01-06T13:04:32.470Z"
    },
    {
      "id": "84305929855219@lid",
      "msg": 177,
      "cmd": 5,
      "figu": 15,
      "pushname": "! Nᥲᥒᥲ🍃",
      "firstSeen": "2026-01-02T17:30:34.863Z",
      "lastActivity": "2026-01-05T15:31:55.196Z"
    },
    {
      "id": "67676504330479@lid",
      "msg": 1388,
      "cmd": 49,
      "figu": 9,
      "pushname": "Pato Roco",
      "firstSeen": "2026-01-02T17:30:40.468Z",
      "lastActivity": "2026-01-06T13:50:43.990Z"
    },
    {
      "id": "27063125839961@lid",
      "msg": 96,
      "cmd": 1,
      "figu": 0,
      "pushname": "Victor",
      "firstSeen": "2026-01-02T17:30:42.518Z",
      "lastActivity": "2026-01-05T12:25:53.799Z"
    },
    {
      "id": "28055196160003@lid",
      "msg": 311,
      "cmd": 84,
      "figu": 76,
      "pushname": "Victtor",
      "firstSeen": "2026-01-02T17:31:14.804Z",
      "lastActivity": "2026-01-06T10:57:01.968Z"
    },
    {
      "id": "173289716580386@lid",
      "msg": 413,
      "cmd": 19,
      "figu": 9,
      "pushname": "Torpedo",
      "firstSeen": "2026-01-02T17:57:28.561Z",
      "lastActivity": "2026-01-06T14:07:55.677Z"
    },
    {
      "id": "194107339239463@lid",
      "msg": 1263,
      "cmd": 259,
      "figu": 261,
      "pushname": "leh",
      "firstSeen": "2026-01-02T17:59:34.599Z",
      "lastActivity": "2026-01-06T14:28:18.539Z"
    },
    {
      "id": "179994059870382@lid",
      "msg": 1222,
      "cmd": 179,
      "figu": 381,
      "pushname": "~ Alexia 🫶🏻",
      "firstSeen": "2026-01-02T18:16:22.829Z",
      "lastActivity": "2026-01-04T23:23:30.901Z"
    },
    {
      "id": "76940211925245@lid",
      "msg": 350,
      "cmd": 66,
      "figu": 50,
      "pushname": "𝑃ℎ𝑧🍃",
      "firstSeen": "2026-01-02T18:19:21.317Z",
      "lastActivity": "2026-01-06T04:02:18.064Z"
    },
    {
      "id": "213790704550090@lid",
      "msg": 217,
      "cmd": 21,
      "figu": 33,
      "pushname": "Alex🍃",
      "firstSeen": "2026-01-02T18:24:28.401Z",
      "lastActivity": "2026-01-06T14:28:16.650Z"
    },
    {
      "id": "170515067105284@lid",
      "msg": 9,
      "cmd": 0,
      "figu": 0,
      "pushname": "KAYO ⚛",
      "firstSeen": "2026-01-02T18:32:28.125Z",
      "lastActivity": "2026-01-05T23:06:13.129Z"
    },
    {
      "id": "183752206618844@lid",
      "msg": 434,
      "cmd": 3,
      "figu": 26,
      "pushname": "julio",
      "firstSeen": "2026-01-02T18:33:48.104Z",
      "lastActivity": "2026-01-06T02:16:07.501Z"
    },
    {
      "id": "261010128633969@lid",
      "msg": 251,
      "cmd": 0,
      "figu": 15,
      "pushname": "Gui",
      "firstSeen": "2026-01-02T18:41:25.053Z",
      "lastActivity": "2026-01-06T10:48:57.418Z"
    },
    {
      "id": "46373416222915@lid",
      "msg": 11,
      "cmd": 8,
      "figu": 78,
      "pushname": "🦅🔱",
      "firstSeen": "2026-01-02T18:42:57.246Z",
      "lastActivity": "2026-01-06T07:32:05.839Z"
    },
    {
      "id": "157445364125800@lid",
      "msg": 5,
      "cmd": 0,
      "figu": 3,
      "pushname": "Gabriel 🦇💍",
      "firstSeen": "2026-01-02T18:52:58.942Z",
      "lastActivity": "2026-01-03T19:37:42.935Z"
    },
    {
      "id": "174672410837171@lid",
      "msg": 23,
      "cmd": 0,
      "figu": 1,
      "pushname": "João",
      "firstSeen": "2026-01-02T18:54:05.141Z",
      "lastActivity": "2026-01-06T13:50:34.093Z"
    },
    {
      "id": "240780346151049@lid",
      "msg": 1,
      "cmd": 1,
      "figu": 0,
      "pushname": "Victor Borges",
      "firstSeen": "2026-01-02T18:57:25.402Z",
      "lastActivity": "2026-01-04T01:56:40.229Z"
    },
    {
      "id": "96972157497535@lid",
      "msg": 29,
      "cmd": 1,
      "figu": 4,
      "pushname": "Viniy🕸️",
      "firstSeen": "2026-01-02T18:57:44.102Z",
      "lastActivity": "2026-01-06T14:44:16.351Z"
    },
    {
      "id": "13134429474957@lid",
      "msg": 205,
      "cmd": 25,
      "figu": 56,
      "pushname": "Juh '🌹💀",
      "firstSeen": "2026-01-02T18:57:59.532Z",
      "lastActivity": "2026-01-06T10:50:24.579Z"
    },
    {
      "id": "7078273921154@lid",
      "msg": 115,
      "cmd": 0,
      "figu": 11,
      "pushname": "beajkk",
      "firstSeen": "2026-01-02T19:35:51.254Z",
      "lastActivity": "2026-01-06T14:47:13.861Z"
    },
    {
      "id": "205398774702244@lid",
      "msg": 693,
      "cmd": 505,
      "figu": 71,
      "pushname": "Kaká",
      "firstSeen": "2026-01-02T20:15:51.185Z",
      "lastActivity": "2026-01-06T11:13:11.466Z"
    },
    {
      "id": "116415793246331@lid",
      "msg": 383,
      "cmd": 23,
      "figu": 31,
      "pushname": "Leozin",
      "firstSeen": "2026-01-02T20:21:50.907Z",
      "lastActivity": "2026-01-06T04:31:41.494Z"
    },
    {
      "id": "227246786748547@lid",
      "msg": 535,
      "cmd": 5,
      "figu": 68,
      "pushname": "Deyvid",
      "firstSeen": "2026-01-02T20:41:51.732Z",
      "lastActivity": "2026-01-06T13:37:09.759Z"
    },
    {
      "id": "68492564951271@lid",
      "msg": 316,
      "cmd": 37,
      "figu": 17,
      "pushname": "~kaká",
      "firstSeen": "2026-01-02T21:12:20.664Z",
      "lastActivity": "2026-01-06T00:28:44.292Z"
    },
    {
      "id": "19013937709092@lid",
      "msg": 70,
      "cmd": 1,
      "figu": 12,
      "pushname": "Luanna",
      "firstSeen": "2026-01-02T21:17:16.379Z",
      "lastActivity": "2026-01-06T13:41:15.892Z"
    },
    {
      "id": "11051353506012@lid",
      "msg": 51,
      "cmd": 5,
      "figu": 2,
      "pushname": "Naldin",
      "firstSeen": "2026-01-02T21:33:58.438Z",
      "lastActivity": "2026-01-06T11:50:00.716Z"
    },
    {
      "id": "131486883803186@lid",
      "msg": 266,
      "cmd": 12,
      "figu": 126,
      "pushname": "່່",
      "firstSeen": "2026-01-02T22:06:59.609Z",
      "lastActivity": "2026-01-05T22:00:05.463Z"
    },
    {
      "id": "123416640258285@lid",
      "msg": 6,
      "cmd": 0,
      "figu": 4,
      "pushname": "kakashi",
      "firstSeen": "2026-01-02T22:11:33.807Z",
      "lastActivity": "2026-01-05T01:41:31.176Z"
    },
    {
      "id": "8177986830485@lid",
      "msg": 333,
      "cmd": 10,
      "figu": 43,
      "pushname": "𝐑𝐌𝐂",
      "firstSeen": "2026-01-02T22:30:23.060Z",
      "lastActivity": "2026-01-06T14:27:46.012Z"
    },
    {
      "id": "93690584420559@lid",
      "msg": 46,
      "cmd": 0,
      "figu": 24,
      "pushname": "Nessa",
      "firstSeen": "2026-01-02T23:14:56.921Z",
      "lastActivity": "2026-01-06T14:50:01.491Z"
    },
    {
      "id": "43130162266336@lid",
      "msg": 6,
      "cmd": 0,
      "figu": 5,
      "pushname": "Tiago",
      "firstSeen": "2026-01-03T00:49:48.597Z",
      "lastActivity": "2026-01-04T18:31:13.224Z"
    },
    {
      "id": "120512856510487@lid",
      "msg": 53,
      "cmd": 0,
      "figu": 16,
      "pushname": "Otávio",
      "firstSeen": "2026-01-03T01:39:35.290Z",
      "lastActivity": "2026-01-06T05:09:30.556Z"
    },
    {
      "id": "36310207225876@lid",
      "msg": 54,
      "cmd": 0,
      "figu": 7,
      "pushname": "Gabriel 👑",
      "firstSeen": "2026-01-03T01:53:46.036Z",
      "lastActivity": "2026-01-05T21:28:47.684Z"
    },
    {
      "id": "214280733483047@lid",
      "msg": 10,
      "cmd": 0,
      "figu": 3,
      "pushname": "RZK",
      "firstSeen": "2026-01-03T02:56:09.380Z",
      "lastActivity": "2026-01-05T11:29:17.272Z"
    },
    {
      "id": "103315941634144@lid",
      "msg": 1,
      "cmd": 0,
      "figu": 0,
      "pushname": "Gabriel Arruda",
      "firstSeen": "2026-01-03T04:15:33.717Z",
      "lastActivity": "2026-01-03T04:15:33.717Z"
    },
    {
      "id": "23171751235730@lid",
      "msg": 8,
      "cmd": 0,
      "figu": 1,
      "pushname": "Carlos",
      "firstSeen": "2026-01-03T04:21:22.852Z",
      "lastActivity": "2026-01-05T01:19:39.963Z"
    },
    {
      "id": "183433858941067@lid",
      "msg": 80,
      "cmd": 0,
      "figu": 19,
      "pushname": "𝑩𝒂𝒓𝒃𝒐𝒛𝒂",
      "firstSeen": "2026-01-03T04:57:11.289Z",
      "lastActivity": "2026-01-06T07:29:58.557Z"
    },
    {
      "id": "187304144597170@lid",
      "msg": 39,
      "cmd": 1,
      "figu": 11,
      "pushname": "Vithor Favs",
      "firstSeen": "2026-01-03T11:32:34.295Z",
      "lastActivity": "2026-01-06T14:34:02.545Z"
    },
    {
      "id": "87042344153274@lid",
      "msg": 80,
      "cmd": 6,
      "figu": 3,
      "pushname": "Gustavo Emmanuel",
      "firstSeen": "2026-01-03T12:28:53.947Z",
      "lastActivity": "2026-01-06T07:28:20.978Z"
    },
    {
      "id": "159936461959321@lid",
      "msg": 3,
      "cmd": 0,
      "figu": 4,
      "pushname": "ℤ𝕖𝕟𝕥𝕦𝕣𝕚𝕠",
      "firstSeen": "2026-01-03T14:34:31.490Z",
      "lastActivity": "2026-01-04T22:07:59.125Z"
    },
    {
      "id": "202125556580412@lid",
      "msg": 41,
      "cmd": 2,
      "figu": 34,
      "pushname": "LIMA🍃",
      "firstSeen": "2026-01-03T14:57:39.331Z",
      "lastActivity": "2026-01-06T14:45:50.247Z"
    },
    {
      "id": "71313989337214@lid",
      "msg": 0,
      "cmd": 1,
      "figu": 0,
      "pushname": "peronicoo",
      "firstSeen": "2026-01-03T16:49:49.496Z",
      "lastActivity": "2026-01-03T16:49:49.496Z"
    },
    {
      "id": "158862837571832@lid",
      "msg": 4,
      "cmd": 0,
      "figu": 0,
      "pushname": "𝐆𝐇𝐎𝐒𝐓🪾",
      "firstSeen": "2026-01-03T17:06:27.168Z",
      "lastActivity": "2026-01-04T23:32:58.809Z"
    },
    {
      "id": "113988817936499@lid",
      "msg": 19,
      "cmd": 0,
      "figu": 0,
      "pushname": "Nakime",
      "firstSeen": "2026-01-03T17:18:55.907Z",
      "lastActivity": "2026-01-06T02:47:30.240Z"
    },
    {
      "id": "26002252136681@lid",
      "msg": 4,
      "cmd": 0,
      "figu": 0,
      "pushname": "Souza",
      "firstSeen": "2026-01-03T20:22:37.469Z",
      "lastActivity": "2026-01-04T20:51:14.006Z"
    },
    {
      "id": "137722991738916@lid",
      "msg": 254,
      "cmd": 16,
      "figu": 95,
      "pushname": "丂ﾑ乃ﾉdo🦧",
      "firstSeen": "2026-01-03T22:48:23.077Z",
      "lastActivity": "2026-01-06T14:44:32.437Z"
    },
    {
      "id": "199419710431441@lid",
      "msg": 40,
      "cmd": 0,
      "figu": 7,
      "pushname": "Vini🥷🏾",
      "firstSeen": "2026-01-04T00:04:42.592Z",
      "lastActivity": "2026-01-06T14:07:10.801Z"
    },
    {
      "id": "214185858310291@lid",
      "msg": 11,
      "cmd": 0,
      "figu": 2,
      "pushname": "✮𝖄𝖀𝕯𝐈__𝐉.𝐒.𝑽✭",
      "firstSeen": "2026-01-04T01:14:12.948Z",
      "lastActivity": "2026-01-05T14:54:16.361Z"
    },
    {
      "id": "19040043061466@lid",
      "msg": 1,
      "cmd": 0,
      "figu": 3,
      "pushname": "Jorge Mateus",
      "firstSeen": "2026-01-04T03:27:03.519Z",
      "lastActivity": "2026-01-05T21:20:34.886Z"
    },
    {
      "id": "38796691255346@lid",
      "msg": 1,
      "cmd": 0,
      "figu": 0,
      "pushname": "José Luiz",
      "firstSeen": "2026-01-04T13:12:39.098Z",
      "lastActivity": "2026-01-04T13:12:39.113Z"
    },
    {
      "id": "240054748348423@lid",
      "msg": 109,
      "cmd": 2,
      "figu": 4,
      "pushname": "...",
      "firstSeen": "2026-01-04T18:11:49.368Z",
      "lastActivity": "2026-01-06T14:47:40.390Z"
    },
    {
      "id": "166911723716830@lid",
      "msg": 143,
      "cmd": 72,
      "figu": 8,
      "pushname": "Gustavo liso",
      "firstSeen": "2026-01-04T18:17:54.853Z",
      "lastActivity": "2026-01-05T19:25:25.572Z"
    },
    {
      "id": "113443625537788@lid",
      "msg": 212,
      "cmd": 145,
      "figu": 112,
      "pushname": "davillima",
      "firstSeen": "2026-01-04T21:32:03.934Z",
      "lastActivity": "2026-01-06T13:08:34.274Z"
    },
    {
      "id": "184387928891560@lid",
      "msg": 4,
      "cmd": 0,
      "figu": 2,
      "pushname": "Morgana¿? cocô com borderline",
      "firstSeen": "2026-01-04T21:52:52.143Z",
      "lastActivity": "2026-01-04T21:55:26.645Z"
    },
    {
      "id": "65842553331744@lid",
      "msg": 4,
      "cmd": 0,
      "figu": 0,
      "pushname": "yasmin",
      "firstSeen": "2026-01-04T22:13:21.364Z",
      "lastActivity": "2026-01-05T14:55:27.848Z"
    },
    {
      "id": "145982079643730@lid",
      "msg": 164,
      "cmd": 59,
      "figu": 1,
      "pushname": "Emillyn",
      "firstSeen": "2026-01-04T22:57:19.525Z",
      "lastActivity": "2026-01-06T10:50:49.398Z"
    },
    {
      "id": "71546303467596@lid",
      "msg": 42,
      "cmd": 2,
      "figu": 18,
      "pushname": "Crazy",
      "firstSeen": "2026-01-04T22:57:54.451Z",
      "lastActivity": "2026-01-05T03:10:38.624Z"
    },
    {
      "id": "143198991179870@lid",
      "msg": 1,
      "cmd": 0,
      "figu": 1,
      "pushname": "Brendon88",
      "firstSeen": "2026-01-04T22:58:56.879Z",
      "lastActivity": "2026-01-04T23:17:56.128Z"
    },
    {
      "id": "84589850673366@lid",
      "msg": 53,
      "cmd": 0,
      "figu": 0,
      "pushname": "~🦥",
      "firstSeen": "2026-01-05T00:52:32.943Z",
      "lastActivity": "2026-01-06T13:43:56.088Z"
    },
    {
      "id": "164046896644248@lid",
      "msg": 1,
      "cmd": 0,
      "figu": 0,
      "pushname": "Johan.",
      "firstSeen": "2026-01-05T07:00:29.293Z",
      "lastActivity": "2026-01-05T07:00:29.293Z"
    },
    {
      "id": "12648712257752@lid",
      "msg": 1,
      "cmd": 0,
      "figu": 0,
      "pushname": "RD🤓",
      "firstSeen": "2026-01-05T14:39:34.283Z",
      "lastActivity": "2026-01-05T14:39:34.283Z"
    },
    {
      "id": "58514785435703@lid",
      "msg": 5,
      "cmd": 0,
      "figu": 0,
      "pushname": "F. Guiorguy",
      "firstSeen": "2026-01-05T17:51:14.033Z",
      "lastActivity": "2026-01-05T21:21:17.755Z"
    },
    {
      "id": "88386467557422@lid",
      "msg": 1,
      "cmd": 0,
      "figu": 0,
      "pushname": "Alan Carvalho",
      "firstSeen": "2026-01-05T22:08:10.186Z",
      "lastActivity": "2026-01-05T22:08:10.186Z"
    },
    {
      "id": "75531966001259@lid",
      "msg": 16,
      "cmd": 0,
      "figu": 3,
      "pushname": "Toragan",
      "firstSeen": "2026-01-06T10:47:55.246Z",
      "lastActivity": "2026-01-06T11:09:50.934Z"
    },
    {
      "id": "202594244907024@lid",
      "msg": 9,
      "cmd": 0,
      "figu": 3,
      "pushname": "Christian",
      "firstSeen": "2026-01-06T11:05:58.941Z",
      "lastActivity": "2026-01-06T11:07:35.593Z"
    },
    {
      "id": "268598933213437@lid",
      "msg": 4,
      "cmd": 0,
      "figu": 1,
      "pushname": "👻",
      "firstSeen": "2026-01-06T12:52:26.052Z",
      "lastActivity": "2026-01-06T14:43:53.709Z"
    }
  ],
  "modobrincadeira": true,
  "afkUsers": {},
  "blockedCommands": {
    "rankativo": true,
    "atividade": true
  },
  "customPrefix": "/",
  "warnings": {
    "67676504330479@lid": [
      {
        "reason": "Motivo não informado",
        "timestamp": 1767576928237,
        "issuer": "8177986830485@lid"
      }
    ]
  },
  "autorepo": false,
  "rules": [
    "proibido Spam no bot."
  ],
  "antibtn": false
}