{"version":5,"hash":{"type":"Buffer","data":"DrNgeLKY0AoVHzyFzbAUF+4SzKBS7rNCPPECjucRwjVCQ3K+qouEI9ibnZL1zlLRVMYVMb0PFURZoaQ/SEqR+Eao3V2+BwfXmqPylpNFnXD/8p3BgMgloIb/DoyFqbQ+ny+Q0m/pLpLoaW+SSi0HLxAe/q+jKVPCPsN3FKODdx0="},"indexValueMap":{"JfKh++Wt7IrSzKMYg+QDsgyHT6xU1XCr/9rtRdEdfBA=":{"valueMac":{"type":"Buffer","data":"mXh1fJqlnX54eFNoM3xVk908W4E4GoXjLVaOa9jv3U0="}},"ftCcsW34WcFLYAOoPfCryxo7mPD9NninHIeepMHL+ZE=":{"valueMac":{"type":"Buffer","data":"LT8mYzNUjoIeQjpK+PSD9wKUm28CtLbVfXBM/UbbRDg="}},"vWfSRnkbCEaQWw3JRmMpZqeejZnLrkzvNof6MoKAlyE=":{"valueMac":{"type":"Buffer","data":"I3pFGRr+710e8A5QkWe2cO3fDTyxz8xKqmU+m111MsQ="}},"ysBi0TQCyfeEzsjG86q+IaLJSDQbFyAKtxJ0gXZBmGQ=":{"valueMac":{"type":"Buffer","data":"wnayR9W5PXCeZKUy/zGXgIeeCeHKg67vO5dq8cV5iqg="}},"3HQNsnoIpkc195vhUl1N/Mdi1I1tEV9fQxkuE3j6drk=":{"valueMac":{"type":"Buffer","data":"ItNrRx/UJ0ydNnf1EFFGxydosr1ZfS2I9zHdGl76BHw="}}}}