{"version":15,"hash":{"type":"Buffer","data":"ptIMl2NQBSClt2jnO00MSPpLSE3W17ZZtcsEk3wMsMmCf8LhH3Ec8tETORbd1j09gBScIcSvHwlZFKjCElZsurK4iWupBvd1fvh38mxKkzQ6HibNNGaGgN3l16xjviriHGN+CvBYwTLb5s4qbWJJpaZEKCLxw1BldTGF1DiESlc="},"indexValueMap":{"ADPUuTWVjffwzy1G6DOU2spprKkaStrzKCceaz1EfpA=":{"valueMac":{"type":"Buffer","data":"XPe3jXOfgFQ+hcS5g1MvwDMRLmDeBgEy6lngmM+E7Ls="}},"COUtX3nBNaMR1JdOsqVvxSP8NnFuKSqqOKnuWcftn2s=":{"valueMac":{"type":"Buffer","data":"7BCSIR1ET/Cb3L9sXTuqOpuuUPi4g2MfDPgFsTcyByA="}},"Cznt7cmwKZYHwHDGrV9X2/9Lskql5gKj7O+RPiizcN0=":{"valueMac":{"type":"Buffer","data":"+qbHR8nka8i+AG1uKwj8LK+Bzm4ZzTB+0VYstU95B+Y="}},"Dl+sdxYFeINg1lLfkQJHdfYeMcjQ8nlsUcfEgcChauE=":{"valueMac":{"type":"Buffer","data":"gHGBlVGNoZwunEpETSBjOYoQ91tdn/4UkKtCrpTUL7o="}},"EfofhtaX4xJXqr+4EUFLbYcVV+HJiRrIT8cLBGxAYb0=":{"valueMac":{"type":"Buffer","data":"U8uAnCtKpHSeWm32U+nspwXohz5gCSAjQXsxslDvHgw="}},"E5uUadMpk1AGq8VpwaheLp08vkoSxiWfTcFY6gZfRL0=":{"valueMac":{"type":"Buffer","data":"DdmDyLMA6w2AM8evDGnexxuJFDqHZ0Byc98/VUQkqKY="}},"FEFULlXMwyW8CuscfEPHufFnCfBCr3degFuCrDTLPEQ=":{"valueMac":{"type":"Buffer","data":"yOTmnM9kLNnNpT7oB+nEsuaFxPZl82epd0A5+81idV8="}},"FGeEus6lkSy4scseTsqj92QQ4Rc59NFpNMPIZqYQLy0=":{"valueMac":{"type":"Buffer","data":"8j6vJ5OL6vSQbteC8An8rCnmSPsC9V+5tb90ZWs10ic="}},"FKhMlCXrCQKo760dG+SXZjK7fD53DtLt6A6yDnpxhac=":{"valueMac":{"type":"Buffer","data":"ImyQSZ0ZZb4AC1TGayamOsjRkd1Ig2WIa4H2c7xYlgs="}},"FpGNpq0OD/vcWDvoDPiMtSYOivtYT6lcqA+cgBc4qjc=":{"valueMac":{"type":"Buffer","data":"l2EnQ2cjkEv1d6CxQQnfh9U/PF7v3iLnKOjAszd4xdc="}},"GBjKT3vgBEWO681UqIuUXeo9oRdG19FUSSCN0qqxEkQ=":{"valueMac":{"type":"Buffer","data":"V0e+Gu/xkm/gWz3VMJ3cg+4Uxs1KKCnaPiXANuxao5g="}},"HBeZxw12CxFRYqDWEU0HFs5WYY8U3FoFI9J7IrR9TUs=":{"valueMac":{"type":"Buffer","data":"9yHYcVmMGDk85d5TbGjR6p+zpNsRiPOuXAwofN2J+n8="}},"IFDPc8Xa1ZvzsaiSEf70zE30LWgf++rPpBdc9+MAmnc=":{"valueMac":{"type":"Buffer","data":"JRkZmPOSRJfmt7yedo7NQA4QMGKDrfsklZ463eFGrZ8="}},"IQ2rHDq6aIOVQCd7AiTcmTFM1tmkKs0vgGFTYxqY5Ts=":{"valueMac":{"type":"Buffer","data":"avJk7v5JH9ASy4WqpPuxbJ7wtFxBOTjWv8KOWxfbsRg="}},"I0QKZKHwCuaoQEaV7n0gEkW/Ws4cjJxB30mohgd5j/8=":{"valueMac":{"type":"Buffer","data":"sRz5ZVQmOoq9xNVvDfD2pRii5nvoN/w7eSbbqektRAM="}},"I0fkE0QyOLT9LzhgOmrXs0fKJpGCl07sNQi97wgHQEw=":{"valueMac":{"type":"Buffer","data":"sUmKhIv6wtoGdv9Rg+dwtbbea/If4Z3rcikiPuKvYpQ="}},"I9FjJHQqnYTbZFiokWOuRcxu3sncoAAKY6A4lV7/eKM=":{"valueMac":{"type":"Buffer","data":"mtaOsrB50RQkteofnQnxyIcso004qhU+/2LYwbGSydA="}},"JNLej/xCRroClFZIDau7nACOQj1Sto/mvLhie2E5hWA=":{"valueMac":{"type":"Buffer","data":"6uovcXbTeRv/HrwokV+JQuKmevrEbiY+bTVtfVDGmXw="}},"JdBQD04/Y93ckXs5AovetHa58W+MnybtYtZX8IsDr7k=":{"valueMac":{"type":"Buffer","data":"2UhEIx6vUT8PqlCEwGQu63DlWzRGfsGz82WkY9XrEgc="}},"JkHCUmsQKEPE6RjUH+S8JprlRrAu6RmvQ1740rNy9n4=":{"valueMac":{"type":"Buffer","data":"BANOEfNLFOLjGSPNrnoKyIXqRyhIXMmejd+UzkiA38M="}},"JynRw5nAYvhsc5A1i8h/WvIx7sP0m/gmicj8rZr89HA=":{"valueMac":{"type":"Buffer","data":"r9yHBdaCBHi5cX9eRN01xr8KfkaGod+ifI415sUgqPE="}},"J+NK/jkYt5UgYkx+knk5V1isFkEkF6lLJKYAbsWEzj4=":{"valueMac":{"type":"Buffer","data":"5W75ny4ZJ3i/6jtoHVhqFfjvfknImsAwmBkO9sgwbcU="}},"L/nA16yFzVO0kSl6SC/h4ePF0Wc4G/gKqGz0zOC77M8=":{"valueMac":{"type":"Buffer","data":"LK9Ti9p8/btd5y2iZfCOZzKEe73X1dASC/KhMkPmIcY="}},"MVrgBr+RLBZ2hQl664ngmo8A8zleMyqLlQW+RzNleDA=":{"valueMac":{"type":"Buffer","data":"0j87d9m20FF6xedNy20XXJuEJvbVNKGGzGz5wge05ac="}},"M4lVxy7tu69iAvgp/Lebz6wTPqJnxu0pU/uPW6UL/54=":{"valueMac":{"type":"Buffer","data":"SARWstEN4xFirXHHDWMLUD4Ph4Zdi2vR1QOfHwo6ylo="}},"M9k7gagS6PcPJe6I3LdHTSS7t/LeVVJIrknWnNea508=":{"valueMac":{"type":"Buffer","data":"LosJYv+d9EzHXdSxylFACNK/1biXMXvui5yWDMYr9eg="}},"NiD8noC+DkiFOjdqjd4/hlAfuvgdAoqk66Jx5hXPZco=":{"valueMac":{"type":"Buffer","data":"1Hsi/bmcaNvZSyE2pyG+RuozB16H7xevp+saqwr/aiE="}},"Nkq26I2Kyb0a18356ve6L/w5+Bp7RnIMkHOEXIlJA8g=":{"valueMac":{"type":"Buffer","data":"Ch/BwIPtz+uL5+rxzNtvelLLSXaE9S2OmPEOVCr0hlA="}},"OlGBcUGNwtp5SkJMM3NKAT9N2wGzOM7iqYPsINbwz5A=":{"valueMac":{"type":"Buffer","data":"nkzXWGRB9u5MzNuZeu7Qf3JatuKrgSXxYxRol8OExfI="}},"PS7gTTTM7TIbkxKz8atkKUmjk9EDqSs/9JWjl/AvmZI=":{"valueMac":{"type":"Buffer","data":"pK4kTdgBwnYpOcHdKB+6QqKdpaPs4F94BhP8rBwZ/ks="}},"PYv/+j6u7uUzDr7qg4sfW+rxTRVZBtFIQjY/Zg3B31I=":{"valueMac":{"type":"Buffer","data":"vukyr1lX7lcZGU3blG2JtDvlWILOQqEZ/wnzAYBXnSE="}},"PlVC3DUMfUKxEgASJUX8Zc/O2BaRHs5wihD027qFVFM=":{"valueMac":{"type":"Buffer","data":"Vmbi8avxBDNlj7j5i8dS/ENW+dGSMRy38n3Ub6f+Aqo="}},"Q3uRI9BIbsrARdMVLYGrpVqchGbH9uJ7wiBIJ+wDRGk=":{"valueMac":{"type":"Buffer","data":"7ms60tTnXOrDrBfsIlynFZJm/iw360aP9cghj25nNlI="}},"RLPwhbfOtu8+NCSfxBlmxMgFa6pcv3o3FbJHFBMMVDc=":{"valueMac":{"type":"Buffer","data":"xGzs/71MjWQRlonatq3f4SgUWs9KDSFQ7gyIqfvAtUY="}},"RgTqQCl4VZtpRVZOr0LbgZKomsOCpzC2VTdzKojer3I=":{"valueMac":{"type":"Buffer","data":"Dxyy/6z5AzWsF3FAnsVEYriKU6i3F6iB+CEgtKKrxXc="}},"S73KWDhpblHsGa6QzR0dmCV8ltlozEwXSH5UlxqjIA4=":{"valueMac":{"type":"Buffer","data":"DJjtFTR64YveqqK8t0HZ4USatAxIbaNiM8UCqpcDzeU="}},"TNiv3PVzq1pBUxJcNsS1u6AHrk0hLn1/0uxW4XCRVWE=":{"valueMac":{"type":"Buffer","data":"Uu4HYAfJQilzI/OYBRumdhFixy6Cq4jocuz0IbddZJM="}},"TVYAyewfQqAJTwoKszVlKsaHXuOjXp3KXaMIU9tFPe4=":{"valueMac":{"type":"Buffer","data":"oAB10xZF2M1fdlN8QkZHKpLBZb3pTnq0OX+jopetNZ4="}},"TWlzmYzMn9oNeS8JkO8IjLoDaGXEtibLcEbY44JioZA=":{"valueMac":{"type":"Buffer","data":"HGgaoBBY+mdFI0mBachV06Omttc77akALpXT541W37c="}},"UXPCo7QAp+pxFzlMAbl35sTo/9NICYpgAQWZy8Z85wU=":{"valueMac":{"type":"Buffer","data":"T8jTE83hdtWkuKhQit5zDWp4wxmm9opeSyWfePpeUsQ="}},"UZKvhfQ//FXmeXDWBOBU0+HHJ+ZNE2x7fIdm1SigqFU=":{"valueMac":{"type":"Buffer","data":"XJEBz6y10YRNGa4XNSAgDM18PAIBkW+YjfpDzjp+nBU="}},"VWEp7O7S7KgTUyfmCylwtBYULcKR1LsNfBvvCN8WjeY=":{"valueMac":{"type":"Buffer","data":"aOzvlsA3FpDC2i/5T9F2C308J9b1lLK6g9/1qkxyABk="}},"VwzS0poOBFwCtIX65c8lI6KortClzZf61DIiznZDXro=":{"valueMac":{"type":"Buffer","data":"rma2GtahVPondjcrAa/HxwkhZrUzBTghoIhkH3BA91U="}},"V3MLlRtP/9AY++1st5WFJWuQiumFSEG31mqt8hHkBlU=":{"valueMac":{"type":"Buffer","data":"pdXZxzUlEOKuElrP6MMkB2+diibSp6joxVWW/RQ33tg="}},"WMfBTUQUjSC+b2AWbvgQFXEw0F+LEulXlUVVVxw4Zbg=":{"valueMac":{"type":"Buffer","data":"G5KNkQM8Pr+Rk0F8eLN0sE1NiXf0hGAo94SIEgTgUdA="}},"WRBTqt+onzr21DZkDTnm6Yd9c8WlsWld7HZHvltGzRE=":{"valueMac":{"type":"Buffer","data":"a5RKDp0vFpgi5uxv+DfYPnYlFvnAJyD9SJe+pnm3NaU="}},"Wkj3TLNXnND64Y6+rVsF9kfnQA9Uaa+Yjmw55xOz+z8=":{"valueMac":{"type":"Buffer","data":"p0a4C/Te10Aa/omA5M9bDH4HH6ChSReII1itoYXSYec="}},"Wui+rOfbeVzSN7fQBmQTqM68tzn3+seEUf0c0p6SjXU=":{"valueMac":{"type":"Buffer","data":"MjzBHLeC++8owrUA6HoxbdtQrZQFVJefIi3m7fNqOTc="}},"XCTQis8o98JEvLhFDVS2MjdfE39sa2Akk5mBrEyJiZU=":{"valueMac":{"type":"Buffer","data":"dQh9OYJ1dGN0yL9EON2q/osNNeIWgT3zKsjxMNhKe2I="}},"XS+/tcqH5hhfjdFmr3kHnNrpmG/Pa7MTwaRXBNGUbTI=":{"valueMac":{"type":"Buffer","data":"GgNKREIKzqrSIKkQcyyLpjmT+ZEW29cZt13sHzdaSns="}},"Xfvu4Ichyybvn4cZPHCYiXdHHXiGDdlDtz90doPKcpg=":{"valueMac":{"type":"Buffer","data":"whh9L2RzLlc931lFvpdsqzwIwHirEc9+UHec0cWpGac="}},"XyPBVTg2HW/2G4sNlDIgrE/A5Ah/YbYZD3bQcKoLSLI=":{"valueMac":{"type":"Buffer","data":"7yubfMm9pHQe/Vx6xNnr24TXNOOjb0p2WMGYyAHp9Ao="}},"X785a5Gze2bNitB2KKeSwtTVckM/1PoUhmXvpoF3+8c=":{"valueMac":{"type":"Buffer","data":"YZRWy94HUqqbxYuyHLxnCgjlZfssLkzQ3tTGBR/uCoI="}},"YPgGXiA4CRsrn8SP+wmom7aXiKcmeqxXUZVRdCACp1M=":{"valueMac":{"type":"Buffer","data":"Wvkl9Pwhp3u9Xqm6puQEtXXzDmUugLwvGAtLV+yirPo="}},"YUbpe5lDw/q9I2R9HIf8iT2bKSRbJTpO3+h1J0CuVaM=":{"valueMac":{"type":"Buffer","data":"PbZCpYuKSno9BPw1KxJdbQF2lUD1/zjqO2QnnjZZW3Y="}},"YWCJclhJThib/ovo38hZA+suK4ORfiCwoWZ9HUjzS+s=":{"valueMac":{"type":"Buffer","data":"tbXIfv3lqrU0oFfCSM/BLCCsttVbKPKwm+eRAA4rS1Q="}},"YiD84rMN2CdroI5AqcixOajxNiozmO7opIaAWTsUgto=":{"valueMac":{"type":"Buffer","data":"HFPrqIPH6+KBtPnIsMLpyqSj3IZEiL0eYCi4Lc4PKuM="}},"Y0ahJK+mnaoLBnheVrZoVrRtdyjyEGRRbQ5wWOxJXd4=":{"valueMac":{"type":"Buffer","data":"nJLIiPFlbpNMFAzDY+4DhxiW0HsBb9Eju9DnxRw/c3Q="}},"Y8SJT7CUU5nv3FSjpMiASYdwAVx8v63/SGD6wvjv5cI=":{"valueMac":{"type":"Buffer","data":"979Qm0O/fHO9bY63s07giek0twpGmE6nBwY9a4pV3GU="}},"ZtLUygZ7F0YPxltYjQV4XkJj7eqvGP63oTTuh2JRCEg=":{"valueMac":{"type":"Buffer","data":"EDV0i2UoEmXQBBdR3KvnbyKuV4LfHeZbtlJlMuJwvWI="}},"aI/ABYSQ1gxzCs/Y4M+JPgl5fP2WSi9lrUNQO6JhIAw=":{"valueMac":{"type":"Buffer","data":"JeISjEHCHNOVsQz7lP5scUm7J1rWqiLcxYV5i2dHzw0="}},"azgt2siSoHefhlOA1rZTytgX8Zji6huY2RXbwE6BaHw=":{"valueMac":{"type":"Buffer","data":"Ui0pZMtDeAdpznwj0mhwemNoONDOk/HE81pXKvUSnsI="}},"bD1x5/6jXstGouxretA2P4AYXAhOE6G6ISEe7a6eYBU=":{"valueMac":{"type":"Buffer","data":"3O/K3btwkdhX023Ngp1expsfFiEXIiNcJ1q3aihqcQ4="}},"bRdZ2yNvv/IceHeTSdTYKL2wC9vtyCOvnqGy7T03c/E=":{"valueMac":{"type":"Buffer","data":"II3PX+uEbIcQkS5OTsNsgNpD9pNeUJ7G8u/ZfDta07E="}},"bZOptRGq/2HMdrHRtEq7CI6asLKr5ZnjZoCZZaEkkFM=":{"valueMac":{"type":"Buffer","data":"mDI8xpYs+castFsZVipaBAX4bHWzkReSgi8sos14W5w="}},"bbiUFtjmLuWCHEPeQkkw2jBEAhCDUgcuB5eVTay1KAI=":{"valueMac":{"type":"Buffer","data":"3GEPJ+V4m8gLtRXZ5qc1qmyx8c9V2QUztLtIvDvfzjk="}},"bmFzeStzr/61GWtwXHGAwGRmqXE1+Q7FMzwO9dsb7jk=":{"valueMac":{"type":"Buffer","data":"ntF9VoZ4iCZV7p9j7jiatcD6HcVBwYE8qxeDsWT0028="}},"cE8O5doWm5DVE0Z2ZtFs+GNpoaOhLTMV4gOQ5fX+fHk=":{"valueMac":{"type":"Buffer","data":"/h+pZzX0SDgraLhxJF0a7LXq2IhT2h8/w/NQtwfsuLs="}},"cmDpCBTx/t1UbfH6dY/XOVnBYmzHyD43jJpdjbC+DRk=":{"valueMac":{"type":"Buffer","data":"DGEPA9tHTHb7RLxMJFpvKq21gm+84BoA5E0NyIBQSTA="}},"dAysw3iaoTqddVMGTsJj/o3KaPPdL/SV1+lrM5cJg8I=":{"valueMac":{"type":"Buffer","data":"swkdm3pAbau6fWQq1zfKbjd1feSuvHwdLgSpXI/w4h8="}},"dRkWnulWU2o75INAGHuCLCPLv/4D4liJ/Oh2jpoUW68=":{"valueMac":{"type":"Buffer","data":"TqMoFd7vhe+6JSlnFJBSuo+FB+tDe8JTUbzNptMrsXY="}},"dz64+A5WxPXbgLs5/femclpgekrtq33/sdSpPGFxFwM=":{"valueMac":{"type":"Buffer","data":"TVjs8hGJVubZRsq8FyDg6qSLo3/pwa7eCosQDIJ1Ofo="}},"edSsS2gQnXwqiH9Tt3Hc0e6GHMSNj2U74EVHQw3Rjn4=":{"valueMac":{"type":"Buffer","data":"sYDxALTjInXdVViBjb99gkfyF7UPM+nqcI6f7yVk/SM="}},"ehVJDoAb0lVWJix6xIrceeEDpYfSeZL1hOiiiLMUFn4=":{"valueMac":{"type":"Buffer","data":"vbHvXpXG5X4kWKIJrfXfxEJnmcudrn5xxTK56hRgQlI="}},"ezMHhhS3r6j6WusuD5wDHTxZgPy/BpwlohWV1yTGn/8=":{"valueMac":{"type":"Buffer","data":"L7ha8JaMavOSIo7sFEH1T1EXLoaFVrUMwmnC2JTY9/w="}},"fbHHu6r2zFn4zGq3/2/qXs3KcotRj8/BuRFHnSaTX7A=":{"valueMac":{"type":"Buffer","data":"O8u2fqCdI4b3oNqzU6akipxdqRwsz1bwu3TLMIxhaW8="}},"gHzMsCpgf42efxA91iiD5K1d7KUXio39fDjSHjTeDIY=":{"valueMac":{"type":"Buffer","data":"KuNnMf6Ja0iZ+Uq1qfEijJS/TSC1GOAPWXE/WFptbqQ="}},"gL/Ra28Oyxll/XGSZtm7SevZDMaH5WHYRFZvibZE2j4=":{"valueMac":{"type":"Buffer","data":"TT4yjQwF0e3yT0m3QGp2ixN+23Stb9trBOejvSYVwyc="}},"gOCgx+C/KmI1Q21tLWQD9t0IiY2iqCIIievxCqJAyME=":{"valueMac":{"type":"Buffer","data":"z4uoFbLsatHlmBHHG2Wy8bdZVS/7OPtqAxvdpR4CPe4="}},"g/x7mQQcS6eTOMQ1PInMTZAUQLBs7ICqfYXWbXx+z40=":{"valueMac":{"type":"Buffer","data":"kPWGTOc6ygOra73pHsfa1rQO7uwyDlM4dGXNmQuFa6w="}},"hxOG9A24Ch/biKFND/0ThRqiqMWQ1GPHOwkJ7R2NBZw=":{"valueMac":{"type":"Buffer","data":"SnW5yvgeK0UwNwrjuFm8kvWibd1jlq/hwStu5GIGT4k="}},"hz5zc0F95+QIjmSn2KUO3j+PwYqdwMajx7ZhssF4glg=":{"valueMac":{"type":"Buffer","data":"qC4vP56k/rHgg4b9Xzdvxrf0xebEnNuX0oVRtSrIuZI="}},"iUl4M3a8CT+lzFV4oeUTK9EpWTXSlNLQZo0NOP6+iVo=":{"valueMac":{"type":"Buffer","data":"6OtlaiTU50MPXKb3jcuGwzqw8auJeBZEHwvrSWcvP54="}},"igDZf9e3h6s1qeIX+gURLEGUqNadx4UMDrCtHOZL5aA=":{"valueMac":{"type":"Buffer","data":"01dkw5REYvfnvp32qLFY6q7vp7ipEeiBqIxPC10rpxc="}},"irXbS0Oiz4RL54gHixlJLqK/PqjX/DCWjYzVwON5tso=":{"valueMac":{"type":"Buffer","data":"duSKQlt4YYPl98UWj4HBhStd5ftTJ4DE+HvqJod1n/g="}},"jIEeVZXX/xVdr40BjGMIhI28A8pB4rRYmTwWiBYr/qc=":{"valueMac":{"type":"Buffer","data":"GR6QpmNGJosU3KFkx+LiCcrVl2GssbTOW18k2oaiYfE="}},"jKr4KP2HgMI4WFz8qO2xG5tAHZhY/1GCrhFeWAFd16w=":{"valueMac":{"type":"Buffer","data":"e4QS/RBCeoKVsio1C267OBCke+W4TDU2MnyVAGaBe7E="}},"jLPyZkLCCY2VvA2rE/AzUl/V8yWAjjWBHG2cfYPhSlU=":{"valueMac":{"type":"Buffer","data":"cp2aj+C2snsjnyITdETGaSMzn/YH30T08kJXS9vspf0="}},"jQ8zDD4k76MQSW339H9g6vWr/7NfEhRgVAw4M0n9HuI=":{"valueMac":{"type":"Buffer","data":"wqSFUmQxEvO7/yaJuPAf5hXHdWy77caKRwdVsz9F6Ak="}},"jp70uCLsThhH8Z98xOiyi246TioTcGt7YG13BXN5jTc=":{"valueMac":{"type":"Buffer","data":"B7XlLoFRmcIxxw35bHqpUHbCq9Xug//VovUXJ2pG34E="}},"jsdG0L9nrOvil66+T3vZmMZHFyp9XJFakVF8iE8GkZA=":{"valueMac":{"type":"Buffer","data":"L3xrPwxe5M5zUjfOY+b0eES/npY5JJN/5MdpxoT1p+I="}},"lVHIfaOOZUMql3VpTLGXoXCJmkqJAx9nxvXpe7rDjho=":{"valueMac":{"type":"Buffer","data":"OeQlF7a8kMcSPhPcZJxEyhJvwuALf6uMuWkAekm4X2M="}},"lfazG5yVZ8xIVe+F/8PqEf+gjDjN1xp6+z86RNqsNJU=":{"valueMac":{"type":"Buffer","data":"qzqrXLsOhouu+ejBSxIHtlkIhXMGLRJAEflUq2sVXfY="}},"lnPyAoe39rrXDQneA07pSWTuL67CQThPtt1ecgq92MU=":{"valueMac":{"type":"Buffer","data":"TIKfmjOYM+3qq53ucLzOqV1Sqxf21FEimfoxEn6wvds="}},"mRStqHcUaJlhFax8bSWjpbUMQLT+0UZfc3Jms45FUy0=":{"valueMac":{"type":"Buffer","data":"VqkO6G1aAPj5UB7qllGqMDstO2T5RrTgmSzfAjbkahQ="}},"mcaZTnEtZgy1HXSV+RHsBNexij1aNl4w91hjjOsFOfU=":{"valueMac":{"type":"Buffer","data":"JeetnumKgMiGNuZQBdujFQYcXyBI4+i+WJldCyBoI6c="}},"nHtGuRtJa9UySl/9qIrrr1I0dJO4roJvkVrOj/dk3L4=":{"valueMac":{"type":"Buffer","data":"+cWdUel4HQozogHP1Y1oEqthQjVxca+BREz/dH4SixU="}},"nH8JkvNr9ZsOJzhfBlzHZ5rixBTxHpsS9LdSliKSMz8=":{"valueMac":{"type":"Buffer","data":"xbP6Js+FiIeEKr7E9ez340UfuLdl2esb8mRnrPDemuQ="}},"oJpeHQWjZeYVYjZbXe2z9OUhjS51tyDivDs3JAc7zv4=":{"valueMac":{"type":"Buffer","data":"n+LvfjRRTnHVqsuZini6K1YBoFwSzJY3nWXDSIGgGWI="}},"oS3QBzLScJNY0wD5X7UoVs17XbpIvwI+7rU5hB8103M=":{"valueMac":{"type":"Buffer","data":"TxWnYYWr5fRs8BWbw2g3xMe41BSjUybVCyErTSJt50c="}},"obcOkurb+Ld8QEDtlEosSfWIsAFt4PdGj6nAGt7U9WI=":{"valueMac":{"type":"Buffer","data":"crlbEc1ukjUQAqwSF0X/EiCGBKXT+CpXdcAgaR83feQ="}},"on0xsVhDmnchQrGwzQnQ6e38eQT5Y6V5OmgF/SG81Ag=":{"valueMac":{"type":"Buffer","data":"wKO4bTXfvALWfW7M8LhLycWEheadOa4l6tX5q7A0q8M="}},"on3s/JWuOyPiO76C2HVOCvU1RssdOBzrz1AcrLqiHig=":{"valueMac":{"type":"Buffer","data":"1eEObx4N1lBeTS+P4JaQJiqYky8PQj134bZZwVffAaM="}},"oyEp8KjFT9FHtrbv05zTP0infwIrcFbuS70Xr5U2C4s=":{"valueMac":{"type":"Buffer","data":"FE7uwqwle7M+xXlI+GmPiQLQTqW1TK4RMEPRPZtvhUg="}},"pB0XL96QeNhuAboB/Z6PpyC9maCjrvG803V40y2Zu4c=":{"valueMac":{"type":"Buffer","data":"Ar7Mn1q0bKUpgDhFtBZufl+iebYJjpiLlxRkCCT1F4k="}},"pLTFgaYLQoGYuECiTLiCGjhJ+sC0SVSx0EqG811EzBM=":{"valueMac":{"type":"Buffer","data":"UIVgxp0wDXv4OAf7RkVUYpoLDP9KibfTCjarbQaJV4w="}},"pMiNNLxR+arIM7Zdsz2WwWb3ITDaiWp4VDEuYXZmwyo=":{"valueMac":{"type":"Buffer","data":"AK4POO6/yHu2jJJ43LbW1tMOQHu2NG0PvpXBdvzMhLw="}},"pYhN0mP5Vs+lUM4yhRiaEcmlEedgX43cT9cM+Y4ybaY=":{"valueMac":{"type":"Buffer","data":"v8BfDsgNaJuskrQ8Y0/8aTLc6HYTvuom4Makx/kOcq4="}},"pruL+qB/B6iWFG5nUQJDO+urHvLVlxMCcly0DI5X01A=":{"valueMac":{"type":"Buffer","data":"3bQYB1sTCW5SqK2aeQhaBVe4lXXTX1hergggKmM7B0E="}},"qWPXnrn1PAoRcTmoQsSWYlsrNbhKACn8rngOFUSlYhg=":{"valueMac":{"type":"Buffer","data":"BrDrjfDoQJUJTsIIBDgfyD0znHDrXfNQfxws0CF0qXE="}},"qWgqwYH9Q26RcgIwfxZdtIzYJu4uOPhUtGhLCuILVcI=":{"valueMac":{"type":"Buffer","data":"muxOj+Gj/yQt/HwqpeaqDcnE9+ojqFYDpsmj8OLckYI="}},"qqhP+5AXQItO5KBRjk7aGetWeINePcIGWH/PXXf4yjI=":{"valueMac":{"type":"Buffer","data":"aJzbdz1OOF1FYBw78O7tte/Ccwbc1Z4veTcDdarxT4Q="}},"qrNHMgd7FUwfhVumsNJdUSlrQvuVXzCrlOWse44ACYY=":{"valueMac":{"type":"Buffer","data":"0jJqkj6ACDjoxvcMFSDwHKlFzW7yTNSXQZUyZcH99/c="}},"qzDzJ6byH+Cocm+lMkWiKYEQsPL3jY/P4CKLC9VMfRk=":{"valueMac":{"type":"Buffer","data":"CRDXqtUlaFzwDsEoJErInbPPVJ7Escw8bNudhwLb8ZI="}},"q8tzb06DJJzqSKc9DrhBgkXN0yYKfjzShNoCW0nHqlM=":{"valueMac":{"type":"Buffer","data":"GTe6Ai+m5kV83NIijNQiJCttJ/RbZQBBdxcW0lqaN1Y="}},"rEVMjyRJ2oyB3Dk5HMOLKM5PigpdirQWXtYn14uIl9c=":{"valueMac":{"type":"Buffer","data":"O99P0fp4u9Lx+inZiDAhyCWhf4Pcd5VX3TMO+jprqmM="}},"rip/SeqRcEmjz2TaaNUh8nSJsfRv43xcFtrRzGMPspQ=":{"valueMac":{"type":"Buffer","data":"NaJGbe8+/wykJT4TfWnCe1wrno2EDEEfwYHYU7U02vU="}},"roxFX8xmQgCXNOh/imdMVNG09udli7lDbMl4P3MoptU=":{"valueMac":{"type":"Buffer","data":"hENuySmG3WTuRqYtMSK38+z7CG1mfh+8t8v8yzBr9Vk="}},"sv/fx9uc+qcFLttOw8GBNxU9QI9jhyPxaT+bj+0KMk8=":{"valueMac":{"type":"Buffer","data":"0e730TpuAdu4KgCfaDmjWZslo2n/njyYwOyzw6vPe7U="}},"t5CycSR+rMHxwTtN3InOGLCDjSJCmRXolC3PN2s49oE=":{"valueMac":{"type":"Buffer","data":"15A9RQpZ13lIofEjDNjFf0txWbUqiHwiXda2O3/obGk="}},"uXlmHzIUibVQmVDd6Q7bzlFSY9qYL/LRwIE2eyDaZ5c=":{"valueMac":{"type":"Buffer","data":"fXCQJy8rGYd0/f72Ucgh3RgMsn+jA7mqpfdMdzeu040="}},"uyXANAl4JiQloOCsRqYdwBz8lQJwPHzyHogx0U/X/hU=":{"valueMac":{"type":"Buffer","data":"rmLEjotxgqe+KET9EPLtGJVToBczA43OqI8venzGhMs="}},"uyvuWCjVY7RIugvvKSDw7ijV534T1js+kZrM1GR/t6A=":{"valueMac":{"type":"Buffer","data":"WCvSP9tjwuW/v90wXmCuTiRKwtlkzDQzh6ejzByRiqs="}},"u1Ct+zvyBGobQlTW1i7HjAGyYIZgJhZz620BXC/szYE=":{"valueMac":{"type":"Buffer","data":"3+dAdeRjHCS3qNgGoaTpTFJ+H7i3adTambdupY/wS4k="}},"u3Ppy8PFLIQ8PmJCWZJX8LwIiq6IOmOY3hD4wi2i86k=":{"valueMac":{"type":"Buffer","data":"UIpMlBoSWejUIQVfWqfCdKN1nBK0qKgzeFaT0/+k+hU="}},"u6kCNPGSLDMOH16vEaxIbffO1eKydGKlLTGqUzgBe24=":{"valueMac":{"type":"Buffer","data":"3+Il0JKMvCciMLzdKxqY1FmGMYxqU/NXUEn85PoxB5A="}},"vJxY0o3IL6WQy7tu14QOtYiG4Szejlsf/H3us4/m634=":{"valueMac":{"type":"Buffer","data":"sWCiwxQge7UGCK5VB3qtlxmmOCXM38gEQQN9GCkuhck="}},"v9C+2fR014PzE9sWXXn1/nHpqTBq953SEa1azzUyKbo=":{"valueMac":{"type":"Buffer","data":"7J/tAGnq4fJsOn+D/h5gBC1CmXEwLaxCW7gCXqda6K0="}},"wCjNpWJ1I85mHMpJg3cG8S9D6lMey1OW3WdEe+fjwyk=":{"valueMac":{"type":"Buffer","data":"y0fbuVwFhxz82001dIDgbUJy2SpRne9PTq1XIajyDpQ="}},"wIbFj9PDrzTDIVMf55oo1jaydG+fOdNMEGXyCQ9o2I4=":{"valueMac":{"type":"Buffer","data":"p6lS93nOfFaMAIjhdzPBj1n7KO+v5zjis++gM4Cblec="}},"wI1gx3VeuNUXYMYJ5Kqm6Qias3kgxRqPCN/h6TkygY8=":{"valueMac":{"type":"Buffer","data":"7XI6EnpbCAZJP86pagDeahtf2zvn0SV/TOhjV5Kt2rU="}},"wmEdBdo2ll0+TW9f3tqMI9DNjlw+Tmcb3ShHHniLtyQ=":{"valueMac":{"type":"Buffer","data":"vYTeTwxrb+bAyll1Y8AiMYI7viyP0D04d2EJZmfO2MI="}},"wtwvZAORXiGbZca1Z2G15qdamrNUmjcRHOKKLT4KoP0=":{"valueMac":{"type":"Buffer","data":"o2NCHQQGpsSXT5bmtK2R3T6zT0m+ozAz7JjwzrCy9u0="}},"w/qMOtj0JnfwuaNu264F0yLSIFPZmkhE18bAZj9rN7g=":{"valueMac":{"type":"Buffer","data":"cvjToHwU4/vKGtG9tZK1TUUlyHE0qNMnwxAXYfiRJzw="}},"xzp9ju6XmYP4R9TqR2l+xA20/BZYnvRqNxu4shP1uw8=":{"valueMac":{"type":"Buffer","data":"ItgdaM4JVLb0yl1LsbW9cVAO+enRPyGpBfUFO6i2sak="}},"x74InV2bsBqUFnuVSd/tGmBN8Vt3PCcWbmapZPoqM/4=":{"valueMac":{"type":"Buffer","data":"MMqTzBGyLLMVeQ0z8UGWZ9b+RkFksDxSS0sXfUKuZOQ="}},"yLMAX6thINuDaOGOnug62XzZSlpoe2pk6PUD29FIsIg=":{"valueMac":{"type":"Buffer","data":"MjaLuYDRPxlKQyLiAmvOF1Lk17iIhdql9HH/1PmD9U4="}},"yhIHhA5zhvMlkhNQHgyVEnvfq63NLUiljR6ZhnyeAqo=":{"valueMac":{"type":"Buffer","data":"HzcGOHjpM0trpT7Pb7wzph2veC9ASGuJorsblMPx8+Y="}},"yj5jJo3ZFdJCq73bRV/WWaCYfUSTKeQDW4NgEjBQcY4=":{"valueMac":{"type":"Buffer","data":"pudrFSLAiT2yjZ6VdH+cKVuBSF+6GPnLXo4cJVJlE5Y="}},"ywmpz7JLJcYGeL6ECPVOcjNkI2+lp/2pGib3au4m3WE=":{"valueMac":{"type":"Buffer","data":"a4hd7Gtg01USrsKHj/9tnPUpI8Gs7dzKGdMx7X2p714="}},"y3Le50MhFkZ4PjmnV7yyFzCTDB1Lz/gulPI0WzopBn4=":{"valueMac":{"type":"Buffer","data":"nIBFXZhTmS18GANxwPd2clrfz5oHBgXrJv2Nz/KkWLU="}},"y6EhI0sdEpjwfr9KfczDAoGpESLwKwzjeB2qg2YFs4s=":{"valueMac":{"type":"Buffer","data":"1WT8nrh1C+HOZR/C6X+0uJQ55q7da6clCCGXMaZNpn4="}},"zRgukzGZOTL1UnX6Hrmo1byt6U7Ulcck9IRBf7496uk=":{"valueMac":{"type":"Buffer","data":"VvvO4hOz9Slx0tQloTRWn5LvYw/VITUrWWI9S/YsOns="}},"zduDPTDb0qs8qC31/ughU/U+wyP56M2jX8WXyCxqpEs=":{"valueMac":{"type":"Buffer","data":"YMSL31OfsPTvMAC+FcfVRT+NPfzGX8RvfZkBAVCLGL4="}},"z4uVkRfWMsgL/4p/5LgrZSFWOuBJajbp0OIn3dpNZpk=":{"valueMac":{"type":"Buffer","data":"8seymTtPQDCOAvLN0GiBlO8NWpXaQyXTz0f+qnAfFoM="}},"0ELZq61w5cmgFZ8MA2fzcew8rR8WJC+aEVRL5dAgpUw=":{"valueMac":{"type":"Buffer","data":"jZsm7KqGSUEKk7kMZiJ+tXQ9ZdLWMGwkv98/MHjpcb8="}},"0Vp6V8it7OjQGI9y97VlUe7aaMlEoWYlFH1e1EbWA/s=":{"valueMac":{"type":"Buffer","data":"akIEEhb0CSMYZMGsgZkX6WrEPf22Ia6CIT1YR1q/fUA="}},"0r8Afti43632xHYab6Qy3DiQZD85vxSlQJ4Q4qoslL8=":{"valueMac":{"type":"Buffer","data":"G87PgS55wF/b7Xj40hrXLcbSqQlyPhBh3C5xE60s/Vk="}},"0zFG/pCTLdGKotCqnl2QbF7COkMIxopUWtVnJQrTCPQ=":{"valueMac":{"type":"Buffer","data":"Ak+eaYbhxBJgMYJRUXJMppo0kGowFOvy53oBfu3naKo="}},"1C60hQppjJu9Lu9hY4msFzZf0V8ztNDHiVCjhkA4lTk=":{"valueMac":{"type":"Buffer","data":"vxepZLRFDc6vR2q4uYinF7D4J+NUu8tRyEhzR7zTv48="}},"1dhK1e+vXS7dA9ZqTtnr8adIqiE29lIhVlEUUJfAueE=":{"valueMac":{"type":"Buffer","data":"N4MH+rwrxIbuNigacUvPp0a5nZOtdwtULJTo0FpwUQ8="}},"1qH9CE/GSq53Mb1OwWaoyqJ15JgHj7K2mJpePuz1TlE=":{"valueMac":{"type":"Buffer","data":"xyAjVSDb7tdIMfGnRspMoHbEGV0V0TaJgzRKUH2Uc9M="}},"2C77/UlVZOWCOD2ZGStwF6Wn9AgYFFVdoR0IOmmgB+Q=":{"valueMac":{"type":"Buffer","data":"jjsM748U3Ng/E17HfP64jCnLqEoeyaccGjvTWgs+vTw="}},"2Ram3tiR7YRp5ZXfPGTHo9QoKK8SEmtUJLYAHro96+A=":{"valueMac":{"type":"Buffer","data":"ldofwcfMgPH5RGhKx8hDJ/CNKq8tKaRU4bidG782dmo="}},"2ZzrgDnragikLfN8Q+DISNo2BcZAun/6JKWnm2PaNKQ=":{"valueMac":{"type":"Buffer","data":"jX4NjzH4XenC6qRGfFenrrb8v64rE+sjDawryJUWtY4="}},"2szvH1Ks/+TDkDB+ejkcAX2IuhEYlcOVtgjzgL7nZqM=":{"valueMac":{"type":"Buffer","data":"pPcwNShNqyQhQgNCWNDvNDj+/hc0mNmTVAxka10Y70o="}},"3EMgpVnORHMP5QxSaNhx92gZIGUUFPjWv23fphCQ38U=":{"valueMac":{"type":"Buffer","data":"pRlPDPr1xvuD0Bs+7LFr7mU1XGA3Co/hdE1K7kho0+k="}},"3+YPLKPdN9QmNrbHxl+w9MfQSyI8EJfcH+ZnbuptqPo=":{"valueMac":{"type":"Buffer","data":"aQc3Ra3YHzbjAzHP3bRKGCpLn73tVkuPrwfuGmTDXOI="}},"4VGv5Y5zSES/7WaoNMxPcSO37aqRuwqbZc4hjbKZjrs=":{"valueMac":{"type":"Buffer","data":"A5UZoZ4SE4IuAXIthGfrwY09/JiMyHWu8USkfec2wXY="}},"4y2OyxGurJ5ERi3eI7Gd0sa6IJfWepXvMPa+BTYr92o=":{"valueMac":{"type":"Buffer","data":"BuLZDy4NmfgWwjU/mQLOyBIKx6V697dOe/btOZAosl0="}},"444ZOF8In9kri10gJU6vYafvS0dkX2UoqY2IByTMsu0=":{"valueMac":{"type":"Buffer","data":"rfUfApkoXoUTFN1ObhjOgTr0CqD1HThfdZzGM3FqGq4="}},"5Zr8JNbtJQ2bJozkcrYQw3iv6Tv9qYLmLy9a6YXcf0o=":{"valueMac":{"type":"Buffer","data":"NGO2gg53EGiQwFvpUfXouQsQIF3vtRVl8dqBOurKtKY="}},"5o8WHSx6qZc4KjES9vcmzvqI24cRuq9i1lzFcuAJ1sU=":{"valueMac":{"type":"Buffer","data":"b+2MIooVS8DEWajxcW7tp8IwZuewHUzAzYlWWczXy34="}},"6Vm6ewoW7UVf2O9Mz7Ine8bBGUWIBqW7JRbOru+iZlw=":{"valueMac":{"type":"Buffer","data":"KgQawACfXbWvi6owP77JHjp157iS/eFgI9oEnTgpwHw="}},"6bt6+iwiDT3HXQQjdAY/GMyJaTNsnzUIYeMCd1Mns7Q=":{"valueMac":{"type":"Buffer","data":"gpSj/PNd4D7Y5YVK+LFqyvB0NpS583FGF51V47eCR5g="}},"6iLhTqVDo/WS/8CVCIosgm6zyElX4z58ggENWSAXhPg=":{"valueMac":{"type":"Buffer","data":"0tdb2A6JfK2OEKmVyetQPwmKOzd69CGqjoUl1xgo3bI="}},"6zHSEpt4J2YC/sBi2F6iFgQ4IT4tTqo4LqezfrsXWAg=":{"valueMac":{"type":"Buffer","data":"s+3cC7MQeTfAnr9VLJka3WmbY/SCwuGtasa4UJ0Jptw="}},"7KJkBTT/Ja4MegsfUemZcKaS3l5iLiUrthFnEGB+6IQ=":{"valueMac":{"type":"Buffer","data":"CYumsZYDQGpzQJ87G6JOVd176znflFzy9Q+qQhGWc9Y="}},"8FBwR/60SAGShh0fxs1wMxy8vF3HbSCFwjMF8HL0c2M=":{"valueMac":{"type":"Buffer","data":"ZvNrSFpvl0rkWFimH5+9I3FF19w5boBrqBKVTGCxSEI="}},"8tKmF/rUujqkjeeL3WARYPzVDuM181H5V9EZH5H2WNA=":{"valueMac":{"type":"Buffer","data":"eJWzyyjDvDgIZEeMcqA0MyoE7A8yYcuJux/KNfF9L3w="}},"9ZkXozVHTo/yqDdeOJnOifjiFGKpdvJeqm8h0PlloTo=":{"valueMac":{"type":"Buffer","data":"25f9jadJIySY7NzGwuBlFYwdTeLFYvv0JlTRuh10kU4="}},"9cdoSjf4X9SVbpjzb8P6IR/vRcVrnGVANWo2LisI0HY=":{"valueMac":{"type":"Buffer","data":"rldm9bh7/A8IUeeINNlGRm9zSTkj0DJA08xReQ4F63c="}},"9vXoM/rQIKXibYCYh6YMr1i146wnTgkNw4BcLyqBFXE=":{"valueMac":{"type":"Buffer","data":"2T2FHVEz5WhJH0V1SAqtb76v5RhkK7/Zytwe0Py13Hw="}},"/MW9FZa0hBfEXR5yt/rJ9UAZPqrlWH1H/wqZSZlksOo=":{"valueMac":{"type":"Buffer","data":"4uVV0oao92TBx1csJ85LGK/INi19STcMhFf4xFFkawY="}},"/RsGKYuHGbDFa0bq6OVp891a4Nr5u24lZzAvmLg4z+k=":{"valueMac":{"type":"Buffer","data":"7l6MjxxvZCFiiAP4r/I9qmGthB+xM0xUh7KXCj64FxA="}},"/3JzQxiZaHi9p857LZZw/lGFIsnsnLV6xjQFdfMgjQU=":{"valueMac":{"type":"Buffer","data":"TLTLvYOUXBsIapODIq6tguIkU8TJbvFRobQYP3arEz8="}},"4ywZdjXNDr5ziDeTzxJ8hLFv/Vl6/K7mLenmMo7Odgc=":{"valueMac":{"type":"Buffer","data":"FrH0WsyzTcIPOpJXMapa9uElRcFlaijyApNkaaS9b4c="}},"a3+y0i/4pfk0rNsfUXte8bH8pndNcZqfFDjbFaMcnbg=":{"valueMac":{"type":"Buffer","data":"3hOT33o+o/fyU31nuELzWR4JAxxIIHz4wWFWLFmblmA="}}}}