{"version":28,"hash":{"type":"Buffer","data":"byp9wsO8o6LW2CKDhfTCjvrdKIJ/S98ggQGuUn5tjKQUgFG+fXQcsY9HCgXFZfD5U5WDUA0jIES/OJCa+WINuxwZZLSVMN01FNjuaUcixDI3Gk5s4CWftCTLuXBvz6vfEFXavTJ2Ar040a9vO9CC/eVqtlPnZm24iH+1Wj7bm0s="},"indexValueMap":{"MKDndOgKxnkkQ8IjleBePsUaBxgHfAmOQYGGbo0F8f0=":{"valueMac":{"type":"Buffer","data":"s/AVQwCYC4auoOsG66HCAWGk+OjL8rSKisQZiXGIPcA="}},"OjiVfKBKckyPRc/qfcGLKsuRU+18ewE1iTESQlr7M98=":{"valueMac":{"type":"Buffer","data":"+JldAVZRXD/cNBpRiYTpjVPCMZX8EjipJUxvKeOkIHI="}},"bkv/gQU921/HLExsWRpdc0oeHT5nU0/QR/mkzqTkgVk=":{"valueMac":{"type":"Buffer","data":"e0peAvrUVAIR01WAwxiOWkqKunzSaXzmSSu6ftushas="}},"AVMjpt7ljf00chvwObxDMhQrI1tn0hOmqSwR5Soz8E8=":{"valueMac":{"type":"Buffer","data":"GxyYFXUiLnwqu1VxjmD8UuU9T0bgOh7YachRKLVLz8c="}},"mmKrPUw0wE3yRHyNApwDAVxTFfxKOJroxxzgu18CyE8=":{"valueMac":{"type":"Buffer","data":"kNeDPDfGNAfQ62EHmJ+9xejV6T5r8CthWL8h4DBpEP4="}},"2+hOqNaNIH7iYX0kp26WtqgDEeWn6nIuFUvawg5AeF8=":{"valueMac":{"type":"Buffer","data":"7OYFyUgrg4dn+9jQQb6s56lvm5Vt4NYGXTNq5ncmTRw="}},"fu0VuqJ4qkOGTdYVosG4OX3Z7Vd4doEna2pKmZ0cor8=":{"valueMac":{"type":"Buffer","data":"XVfEFuvuNOJhXqVcQHe7wVT7s559SaS1UTyqvGMxCkg="}},"pawTd33zB1ngC6bmJ/PExTGtqO29BaEXHJ43LFzGXRI=":{"valueMac":{"type":"Buffer","data":"wjbW3zCnI3erqLQMZx7KvEKhF/ldKUQja+jPTQ1ftQU="}}}}