{"version":34,"hash":{"type":"Buffer","data":"aj/bwKKtUnhwBPKM3ckW7Z0uuzzsBDcVWya/6FpUnEuGf5X+4JT/0qcdSb3uCSCLyivSarlkVABbzF7yfTpkYucquUiGvvBMCE8XgcM73mzHMjGgDzfC5iNdY+lrSd7jMyj72Hbo2crF5buhH6l/1vQkcUvfLjsy4eTFKI69feQ="},"indexValueMap":{"az3kRP9gdbwo7dzRBgL8xgp/vuRLNUhaOXTwVQ+L/jI=":{"valueMac":{"type":"Buffer","data":"Sdqo52ovGR1hUD2ZpNNUONQ7gQKEOeW2wH3nHLE5jMc="}},"fcQ5DzZL49+B2PcsqHg1sCImkf3/njldXipZjaDPGSg=":{"valueMac":{"type":"Buffer","data":"7qlXMV6V/iZZSlVaF1E9LGH+RZM9Q7C9Uc7s5CTNoEg="}},"tYkVfKulz+CC234wNAx7eTHMn5K6JhVJuMxIncnq5JA=":{"valueMac":{"type":"Buffer","data":"K2/ISIlJOwCzXQYp8IKQxHni13ohgQoHv2Z/qnH0skw="}},"k5/VRM1lKs7jCqKGbm7zjUh8HnGiwBskU5LUsZvwj8Y=":{"valueMac":{"type":"Buffer","data":"ekCMiJkNTHh+kB9a5Y4C0LJM6ppIMBE0E9j8x6Rn9MI="}},"lqjmBzVYY8YHsnT3tACVF7luLU5PkKf5uKkfK8svv4o=":{"valueMac":{"type":"Buffer","data":"H1JGgvms+RPcBO+KS1Vyy3tmd1tRDreVU4jNwb8c8aA="}},"mVMn4bVghqZUbvpiWXUy9vzRHR+0XUzwNP7xWABBbr0=":{"valueMac":{"type":"Buffer","data":"hGm2M7liRO1zlKwkeofN3eiKdTgK7AltSbydcLqPv+c="}},"ST9/QDAx7rBo3dBlUjeilf0W6dgTY/Yqb+fEnKK7aGk=":{"valueMac":{"type":"Buffer","data":"cZXvr2KzXEC9saPN5YSVMu8r8Yht2q70jwMeiofXgoA="}},"bzmN+VPWl+2hZ8oAHFLSAmujn49Ihggn40K0eq6SYn0=":{"valueMac":{"type":"Buffer","data":"FnFigXaTCxQ80e+lmztYKS2tlTQXiTvrUp+ZPenGYI8="}},"aa/3kSai0fcZ2j3ASGj3ponAj3+SOmK23A65v/e1Eo0=":{"valueMac":{"type":"Buffer","data":"i/Mk903ID9/VRLSOs5HLPNS2fQLPjRZ/caZwnp4FRKU="}},"oLdoXg6VKW7wQBYJcd7z3Bu0Pqc0+LtmNcQN0xSU12s=":{"valueMac":{"type":"Buffer","data":"gKhqQj/g5YZADlHIJGHASOR2uvts/rDfo/fF/wVkl1Q="}},"oPLuYOeUXO7ys+XUpeSDfO3/CJNWC+wHpng0wZ2Xwfg=":{"valueMac":{"type":"Buffer","data":"xbCcR4emoWYENucYyfNWUqUp9jRjqr+yq34DqzZHcIA="}},"vrzlVQ/whTRkySjEMWdR6Mq8KBFv/eNxOjkNIbIFd6k=":{"valueMac":{"type":"Buffer","data":"hfwH8effmCJgpqcC9qPjQCX0CWcbL3QxLDSxN1VyBxE="}},"OaFYNjhIRi/8fSs/18CAQknulXcvmFTsCngh/yJEHvw=":{"valueMac":{"type":"Buffer","data":"/hUy/D3kR32hzk19Jx7wNN3SIVS9/bfoqMD97seCGZU="}},"5JurCvKp9Kefp2moWpKC+y8jn10Tpf0QEDgnWu0crKM=":{"valueMac":{"type":"Buffer","data":"b7cX0yCIPZT/rviyJAyl/1osVBMUw8FgEshqQ2R1Nts="}},"yWzM0u9GX6OcgQynYvfbuza76QXBLuNED30O9UXxKJo=":{"valueMac":{"type":"Buffer","data":"07XDuLjap9Z0elXi87ChORY+xFIBm/QHib/43XxP8Qk="}},"V461V9EKPDMsgeMM8vkC48hjp5XBG0TU2URClxqjeLE=":{"valueMac":{"type":"Buffer","data":"slrJj01nhzl32uuibpeQHXFiXwBQpUzyhJg1FT/vH0E="}},"I7cISO/7RIyaPOaV8aS+86JTUGCmoSAQ+b5DRjYuWRQ=":{"valueMac":{"type":"Buffer","data":"7j0Y9CXZuabcAYebOx0S/rbckXMqeFzQzjwiz4tNv0k="}},"UP8WwJDMjQ5HRXueOGQNbswVqX868taRSPrfOEBK8S0=":{"valueMac":{"type":"Buffer","data":"Ar7axe2O0hmO4NEKqBt8c2ptwISMZlfBc/nlGHdjQgs="}},"Ne+OGT63ceVO9HhhgeWU3B70FwWVu6MJNNUYh4ub+B0=":{"valueMac":{"type":"Buffer","data":"Xyur61lccPgR7DdKcnkr8u+V/AX1p/OwJanrKjPpzwU="}},"8pUr2LGqz/6PdCAcFq06WrsuMxD1DO5DID0bxQfNA+4=":{"valueMac":{"type":"Buffer","data":"szPcAlOuyM2tLbv2bPjCkK/4DTnpBYb7dw84hQ//U9c="}},"Z8Y8wNnRbUMaHlN12yC7cPYLCbU8NBrgensrsWwABlU=":{"valueMac":{"type":"Buffer","data":"KkKW75cqGgmUMYakE5tSOwPwlxv7MBjwziUTiEBUa+8="}},"ILXakaa0xEdNbSGNM2y28o43y3uoW+cuiO9c+MXjVuw=":{"valueMac":{"type":"Buffer","data":"rTEdEtCs0TNFWEPRheFJzZeiAISk7wR+krfrNFuIt1M="}},"SYgNhoNxtU1uL1clsQaQ2BzDBqmUHRVxRrvtVhLtIrE=":{"valueMac":{"type":"Buffer","data":"ypGmb7LZ+QAMsKPZ+f77cJAcHofP8IYBt0HzWF4h/Yw="}}}}