{"noiseKey":{"private":{"type":"Buffer","data":"MBDod++kpvDc1YFLkeb/zZMvvH1aJFu+3D6/NL/e+Ek="},"public":{"type":"Buffer","data":"3AwUqx90RYpjLAtlmjYMx/VcS9aBer4reLYm5g5p0UY="}},"pairingEphemeralKeyPair":{"private":{"type":"Buffer","data":"ECTnqoT2LttGuB7T20xJUauYtb5PBQkPCHRFu7bkvW8="},"public":{"type":"Buffer","data":"3XjQtx8H8Eclk5nVNteqqiS2XJSPpyKMNp4W+8J6Kkk="}},"signedIdentityKey":{"private":{"type":"Buffer","data":"2DAP66drDxWOF56C91rtjv0lRWQe58mzqjG6L6Drv18="},"public":{"type":"Buffer","data":"LzU27ibpOjU7JLVgzUNfNWXyaQxbsHcX7QmgxZ193SM="}},"signedPreKey":{"keyPair":{"private":{"type":"Buffer","data":"QBHRyV47aAhqcZEKvs3TABCVelDt9rvxnLQ2c0Xt4V8="},"public":{"type":"Buffer","data":"Zm0f1K4Y3XMBs5gHIWS4UYNetVmRVRqLR0z942bKPB0="}},"signature":{"type":"Buffer","data":"ors0Gd9sXoA9CP6ZFUcXHvttF/V+2WxJ8xGv+g7OHr6CpIIjeSZM7pOYqhn09EfKSVK2CZls/deBXRyx1THeiA=="},"keyId":1},"registrationId":242,"advSecretKey":"FAlGGzFEbRDPmzmQ6CoM4Fte+62d++PpHI7+a8ydLjs=","processedHistoryMessages":[{"key":{"remoteJid":"27063125839961@lid","fromMe":true,"id":"A5E7EB6EF5A223AD88FDCC5B3190E7E5"},"messageTimestamp":1767530050},{"key":{"remoteJid":"27063125839961@lid","fromMe":true,"id":"A564C8FE929F5470226E01EDC13B265E"},"messageTimestamp":1767530050},{"key":{"remoteJid":"27063125839961@lid","fromMe":true,"id":"A5FD11B5112030AE9BEA1FE4D31EEA8A"},"messageTimestamp":1767530050},{"key":{"remoteJid":"27063125839961@lid","fromMe":true,"id":"A52D003F97C8401F694B835A13AB27D9"},"messageTimestamp":1767530051},{"key":{"remoteJid":"27063125839961@lid","fromMe":true,"id":"A56D77A3EEB9707B1A7A8A29A7C446DD"},"messageTimestamp":1767530086},{"key":{"remoteJid":"27063125839961@lid","fromMe":true,"id":"A5BBF7714C71EB8A80639FBBEF70DAD9"},"messageTimestamp":1767530118},{"key":{"remoteJid":"27063125839961@lid","fromMe":true,"id":"A5DBC2E71A19A6E167D2BF183FC24988"},"messageTimestamp":1767530134},{"key":{"remoteJid":"27063125839961@lid","fromMe":true,"id":"A53BB0E3F7B8407096D93F5E12376824"},"messageTimestamp":1767530135}],"nextPreKeyId":115,"firstUnuploadedPreKeyId":115,"accountSyncCounter":1,"accountSettings":{"unarchiveChats":false},"pairingCode":"13GT5Z37","registered":true,"me":{"id":"5513978205168:44@s.whatsapp.net","name":"Victor","lid":"27063125839961:44@lid"},"account":{"details":"CJzRhJgGELS86coGGAQgACgA","accountSignatureKey":"vxNS+XrEij7cRxydpjq1RbqQVIzVNjU7+EbLZW5VEFw=","accountSignature":"t0Eu+0lQyrSgYlnFpGfEC88CL5mbkpXNMTJG5O/UdJuuBprJh8gl/NeXB/4qLGs79EhTxoTGMCozPOQLyD2rCQ==","deviceSignature":"Yso7DRXEjpmr2UC81Sm7xrUUwGRKqiA1RINUOsUr7boi8Zh+Xksbv4iOcxpoyoLL46B4njFj05eg8av7AjY6jg=="},"signalIdentities":[{"identifier":{"name":"27063125839961:44@lid","deviceId":0},"identifierKey":{"type":"Buffer","data":"Bb8TUvl6xIo+3EccnaY6tUW6kFSM1TY1O/hGy2VuVRBc"}}],"platform":"smba","lastAccountSyncTimestamp":1767535558,"myAppStateKeyId":"AAAAAPg7","lastPropHash":"2DlyAg"}