[{"senderKeyId":288135049,"senderChainKey":{"iteration":10,"seed":"hwYnGS5KmX+mP5yPo9fi+sN5EOsDMbWJtSnRZ9Y5wdY="},"senderSigningKey":{"public":"BWAyIsRfqhIbFbojsDGSWyJ2aVsPwn9X5KaBHCuzgLRG"},"senderMessageKeys":[{}]},{"senderKeyId":1439627211,"senderChainKey":{"iteration":9,"seed":"OdSx8whfc6enotd+pBUeUEbr4cVCcSi80bU3qeY70nw="},"senderSigningKey":{"public":"BVdZo05McyGZfWRBAEnN/cSsXTgOSRfVhUORCPXAj7Ry"},"senderMessageKeys":[{}]},{"senderKeyId":656938697,"senderChainKey":{"iteration":3,"seed":"bwsmsNiH5qky1M4UcZhEO8UzVTJU7PC/g8z6M9xfvYE="},"senderSigningKey":{"public":"BUxlXA4FhJspHU9KM5yXJQ7NGilnePwxYUoSvi7Kelou"},"senderMessageKeys":[{}]},{"senderKeyId":656938697,"senderChainKey":{"iteration":2,"seed":"bXLWyRSn1b58tGVYjPyf3VIb/qgzGheSx46NowFLxZU="},"senderSigningKey":{"public":"BUxlXA4FhJspHU9KM5yXJQ7NGilnePwxYUoSvi7Kelou"},"senderMessageKeys":[]},{"senderKeyId":656938697,"senderChainKey":{"iteration":2,"seed":"bXLWyRSn1b58tGVYjPyf3VIb/qgzGheSx46NowFLxZU="},"senderSigningKey":{"public":"BUxlXA4FhJspHU9KM5yXJQ7NGilnePwxYUoSvi7Kelou"},"senderMessageKeys":[]},{"senderKeyId":1953923542,"senderChainKey":{"iteration":2,"seed":"sPlH7YqCJLdykFQ8/XTHPJmtRBhwmrag0nUgN4M9dDk="},"senderSigningKey":{"public":"BanX/a1Sp994l07DgmzaRV3WY+hFEyWaXGVuOvLKilQy"},"senderMessageKeys":[]}]