[{"senderKeyId":1831937131,"senderChainKey":{"iteration":4,"seed":"OJsgGlZ1031nfoUYBdKLWUU2Rf3nstW5GF0qp0WTrOg="},"senderSigningKey":{"public":"BcYuJSMYj/Ay7Y3//hT8eyd0VLGAWF/SG/DNe54VPnZC"},"senderMessageKeys":[]},{"senderKeyId":1571415537,"senderChainKey":{"iteration":60,"seed":"3UZ/N3ELJ7z1cqvf2qyZhdWfjHHHrW5K/jWCoZDJLj8="},"senderSigningKey":{"public":"Bf56+zl9lPdYSJG5I/wW7ze8wgfYd/eWirOXk6E6InQZ"},"senderMessageKeys":[]},{"senderKeyId":1571415537,"senderChainKey":{"iteration":3,"seed":"KndDrzABhuPfTzQCYLiUHbikJ3jxdrXPgWLomZXdCfg="},"senderSigningKey":{"public":"Bf56+zl9lPdYSJG5I/wW7ze8wgfYd/eWirOXk6E6InQZ"},"senderMessageKeys":[]},{"senderKeyId":1571415537,"senderChainKey":{"iteration":7,"seed":"fv9BZHGnhyI31N03mvRLw9jt+D49KNszyc2X8ZIfmtQ="},"senderSigningKey":{"public":"Bf56+zl9lPdYSJG5I/wW7ze8wgfYd/eWirOXk6E6InQZ"},"senderMessageKeys":[]},{"senderKeyId":1571415537,"senderChainKey":{"iteration":8,"seed":"KiSr7EoUYMkLY+/uMGQZbeowWeA+3nXJhY6cnNG1x5M="},"senderSigningKey":{"public":"Bf56+zl9lPdYSJG5I/wW7ze8wgfYd/eWirOXk6E6InQZ"},"senderMessageKeys":[]},{"senderKeyId":1571415537,"senderChainKey":{"iteration":37,"seed":"Nxfe3/lNskH9xW9cWqGejPXc+uDQCbYE4O2c+i5vrpY="},"senderSigningKey":{"public":"Bf56+zl9lPdYSJG5I/wW7ze8wgfYd/eWirOXk6E6InQZ"},"senderMessageKeys":[]}]