[{"senderKeyId":613531837,"senderChainKey":{"iteration":18,"seed":"Fl1Zl7WRn0jgltGfa2EwOXdxJmfjcDvlldtkbIhGq6o="},"senderSigningKey":{"public":"Bcyo5TKsyvHnIVNP4XQbubDV1s3RWQg687lCbEZ3hyZ/"},"senderMessageKeys":[{}]},{"senderKeyId":1847811115,"senderChainKey":{"iteration":3,"seed":"Tt9vkir2OjpN+yGCWl5EF+H8a24giYrbMj4d9zeMwLM="},"senderSigningKey":{"public":"BQgQixYJLYrF/Qc8w0SDIxv1Z0cRucIjQN3/6kUMbJQt"},"senderMessageKeys":[]},{"senderKeyId":1252857250,"senderChainKey":{"iteration":61,"seed":"gzDqyTWArVDmQRRCNR/h5kdLYuejlQCB6FhE5MqHjaM="},"senderSigningKey":{"public":"BXtaUooiEz4uoRWBR4qoQpryg/af4A+Jy2DwCb4gkcAt"},"senderMessageKeys":[]},{"senderKeyId":1252857250,"senderChainKey":{"iteration":52,"seed":"eZFAFnuNXLin18JtwWKCzYbKrIUII1i2di6g/98DXKM="},"senderSigningKey":{"public":"BXtaUooiEz4uoRWBR4qoQpryg/af4A+Jy2DwCb4gkcAt"},"senderMessageKeys":[]},{"senderKeyId":1252857250,"senderChainKey":{"iteration":54,"seed":"todVKcRBxBwU1mO1QThnANDLFSQH101OJ4JzDqQ90K0="},"senderSigningKey":{"public":"BXtaUooiEz4uoRWBR4qoQpryg/af4A+Jy2DwCb4gkcAt"},"senderMessageKeys":[]},{"senderKeyId":1252857250,"senderChainKey":{"iteration":59,"seed":"YzqovtTvgoyMW2xlrjApCuXbnY0RbopKo5AftIKXrkY="},"senderSigningKey":{"public":"BXtaUooiEz4uoRWBR4qoQpryg/af4A+Jy2DwCb4gkcAt"},"senderMessageKeys":[]},{"senderKeyId":666769804,"senderChainKey":{"iteration":19,"seed":"7X7tG5Qih3Qrm49pdUUgvYI1C46pJX6Mm7FyU7ut3zg="},"senderSigningKey":{"public":"BWc777jrLRJKCi5aU2P62bFaYYfMsOCEcYMKGpkDAgx8"},"senderMessageKeys":[]},{"senderKeyId":1069208838,"senderChainKey":{"iteration":1,"seed":"i9hgb2J3POyVgqLlBhtU+jhvv1VPfKuMLWckuFW+Beo="},"senderSigningKey":{"public":"BQGZOc4swvmEIAltJ8LkQXyDmnjz4w8+9S1ns6ykFZFp"},"senderMessageKeys":[]},{"senderKeyId":1212148657,"senderChainKey":{"iteration":55,"seed":"mI+8SrqQqYzQpJFXpLzQ3Mwkn/djasItQ0eijfWp8y0="},"senderSigningKey":{"public":"BZHhA/9C5hBdKeqVEFPzptY30DFC/R97/zZumDxB30wd"},"senderMessageKeys":[{},{},{},{},{},{},{},{},{},{},{},{},{},{},{}]},{"senderKeyId":1212148657,"senderChainKey":{"iteration":38,"seed":"Rn/k+UXYR5GKxsDujNPHJ1Rt37T26u+dqDl1MTbtlRI="},"senderSigningKey":{"public":"BZHhA/9C5hBdKeqVEFPzptY30DFC/R97/zZumDxB30wd"},"senderMessageKeys":[]},{"senderKeyId":1212148657,"senderChainKey":{"iteration":51,"seed":"o6hoJ2hYemDH9HmJkLM0zoXvvgcL2Kl9IYX2m+HInQg="},"senderSigningKey":{"public":"BZHhA/9C5hBdKeqVEFPzptY30DFC/R97/zZumDxB30wd"},"senderMessageKeys":[]},{"senderKeyId":813571135,"senderChainKey":{"iteration":115,"seed":"szs5OJDRamNJQqCfq2j7JGV2H4jZzgsm8AkGM9xqChI="},"senderSigningKey":{"public":"Ba2YCt9SyyprYjlJ9raQwVVV+ypoo12Kf6DlTgfBqHAr"},"senderMessageKeys":[{},{},{},{},{},{},{},{},{},{},{},{},{},{},{},{},{},{},{},{},{},{},{},{},{},{},{},{},{},{},{},{},{},{},{},{},{},{},{},{},{},{},{},{},{},{},{},{},{},{},{},{},{},{},{},{},{}]}]