[{"senderKeyId":1361310387,"senderChainKey":{"iteration":3,"seed":"V28Hl6z8fHBcHWAxfcQtEqM+UwBxyDeEXllIhk5N9Yc="},"senderSigningKey":{"public":"BcBA3I2lme1QG6KeM3lBxU9bPtvOseYWQ0Nz3ILXwRxS"},"senderMessageKeys":[]},{"senderKeyId":24758997,"senderChainKey":{"iteration":9,"seed":"I6Uo2Y44Cc0BzorfcY8M5hBpEegd5k/5+6kKla7ittA="},"senderSigningKey":{"public":"BVmHVqCD1wrS8zGniWszeyHg3Tf4rOhTFnJUjf+4RX1a"},"senderMessageKeys":[]},{"senderKeyId":1913432377,"senderChainKey":{"iteration":102,"seed":"RjwG6HYdLqzDBS855xX+N8AsPIK+OXwpcgVSgMw/8fY="},"senderSigningKey":{"public":"BcUPx9I0Osy6BYBPnNRRb0tHssVVDo0AcrYz0ft2q8RU"},"senderMessageKeys":[]},{"senderKeyId":1913432377,"senderChainKey":{"iteration":55,"seed":"p9urjbeYtc6ANotdu4EaKYTLht1Ny1Ei/rn9qChE75s="},"senderSigningKey":{"public":"BcUPx9I0Osy6BYBPnNRRb0tHssVVDo0AcrYz0ft2q8RU"},"senderMessageKeys":[]},{"senderKeyId":1913432377,"senderChainKey":{"iteration":75,"seed":"xULz6TLOgzZXLFp0x1OzpVlxnCmXNVjV0psqvZCKYDw="},"senderSigningKey":{"public":"BcUPx9I0Osy6BYBPnNRRb0tHssVVDo0AcrYz0ft2q8RU"},"senderMessageKeys":[]},{"senderKeyId":1913432377,"senderChainKey":{"iteration":101,"seed":"Sg+ySBeo6MrtpDSThZFMWlfJ9sarEpDicLVTk0BVQ6c="},"senderSigningKey":{"public":"BcUPx9I0Osy6BYBPnNRRb0tHssVVDo0AcrYz0ft2q8RU"},"senderMessageKeys":[]},{"senderKeyId":227246949,"senderChainKey":{"iteration":8,"seed":"4tvfK8g5i2hVSBY9bVMcPJ2ujn8ReD+GiJJvTVfpyxM="},"senderSigningKey":{"public":"BZwCFMjz9W/tIWce+mTrzZ+5vQiHaxLuwtmD9egsSUhf"},"senderMessageKeys":[]},{"senderKeyId":227246949,"senderChainKey":{"iteration":2,"seed":"V3GUvPZgJqgqnTmfE52lcehYaR725ieeJcHJs1A4UTA="},"senderSigningKey":{"public":"BZwCFMjz9W/tIWce+mTrzZ+5vQiHaxLuwtmD9egsSUhf"},"senderMessageKeys":[]}]