[{"senderKeyId":528633525,"senderChainKey":{"iteration":2,"seed":"dgKmrQm/k4r9x3j4NK2UtDSTAFzr8ss3HgPcgy0Z4t0="},"senderSigningKey":{"public":"BTBWk++/mxc0xRW/j1khF/VhsN1vhi7dlUwLzxwO470p"},"senderMessageKeys":[]},{"senderKeyId":1322578262,"senderChainKey":{"iteration":4,"seed":"dMBnxsGKz1JV1Z+u9BuMgtjCtvBGv6ES1MQu3wRKo/s="},"senderSigningKey":{"public":"BTy2+jZVQ+2yfEPYvfwlpFYX1I7+P24in0fpQcYk/F0F"},"senderMessageKeys":[{}]},{"senderKeyId":1534805313,"senderChainKey":{"iteration":75,"seed":"4QfJ8In1H3CDZmlRw9exMr0X3yoEOs7jk9rci7TFQRE="},"senderSigningKey":{"public":"BUvOIhdYeutLNiC0uAgIelnkaeMq0x4tKcCKuKp2/+sm"},"senderMessageKeys":[{}]},{"senderKeyId":1534805313,"senderChainKey":{"iteration":52,"seed":"K0T2nhjXhjeV/vM2AdYzNw4RWZ0KSJWiEIRbJavcquc="},"senderSigningKey":{"public":"BUvOIhdYeutLNiC0uAgIelnkaeMq0x4tKcCKuKp2/+sm"},"senderMessageKeys":[]},{"senderKeyId":1534805313,"senderChainKey":{"iteration":65,"seed":"tflmfipSFUzUUhQvXhjgs+PotV+ypAVzKoRV8ozEjLI="},"senderSigningKey":{"public":"BUvOIhdYeutLNiC0uAgIelnkaeMq0x4tKcCKuKp2/+sm"},"senderMessageKeys":[]},{"senderKeyId":1534805313,"senderChainKey":{"iteration":73,"seed":"N1YNZi3jlgVuVmgO3nqJ/d7l75Exd+YcU6h+STydy4s="},"senderSigningKey":{"public":"BUvOIhdYeutLNiC0uAgIelnkaeMq0x4tKcCKuKp2/+sm"},"senderMessageKeys":[]},{"senderKeyId":423551127,"senderChainKey":{"iteration":3,"seed":"xQCjc+Rc4cLOZmIENl9zbj6+HJdsAdb+WzgGAmxAi68="},"senderSigningKey":{"public":"BZ2xiZIgJCYt3vHck04F4GEg0+H7iya8FY81rYwXXZs8"},"senderMessageKeys":[]},{"senderKeyId":556933803,"senderChainKey":{"iteration":56,"seed":"nJ6PAC14lDNo1jMXMWaoKH08zbPwWQNdkJeI545/dQM="},"senderSigningKey":{"public":"BWXRB6L/FiOgoX5wLCXEAuUEy5Db4a8RtBGC43f5nSk1"},"senderMessageKeys":[{}]},{"senderKeyId":556933803,"senderChainKey":{"iteration":15,"seed":"ZT4RXm5L3nSZHl9olvpD/p+uue8tIUa1a4knLuUBsRo="},"senderSigningKey":{"public":"BWXRB6L/FiOgoX5wLCXEAuUEy5Db4a8RtBGC43f5nSk1"},"senderMessageKeys":[]},{"senderKeyId":556933803,"senderChainKey":{"iteration":33,"seed":"BN+xLSm/cBOAoQ1vWl9ZmGbIMzrpgWOY6y0IX1i701I="},"senderSigningKey":{"public":"BWXRB6L/FiOgoX5wLCXEAuUEy5Db4a8RtBGC43f5nSk1"},"senderMessageKeys":[]},{"senderKeyId":682449601,"senderChainKey":{"iteration":1,"seed":"EyUlzsQneZsPY0BPbdS0ApdUxT+3DbzvwZ64T0JGBek="},"senderSigningKey":{"public":"BR7MrI5ReOqJ0e71CzPg4Vrm09hfjUVWBC0gIa+zWVIx"},"senderMessageKeys":[]}]