[{"senderKeyId":1210813841,"senderChainKey":{"iteration":9,"seed":"1C5Kw2s+h5prOnLHt0Wqf9t8lqHaHEzAPC37NNGUSaQ="},"senderSigningKey":{"public":"BZP/MCKn59GGglsQh02PJmwckj7G4x7zRuQ6fr4nck4s"},"senderMessageKeys":[]},{"senderKeyId":1210813841,"senderChainKey":{"iteration":2,"seed":"ijo4EEINyFUqk6HsMhb8mZ8riXTJ7jRdOjzmKeLxNSw="},"senderSigningKey":{"public":"BZP/MCKn59GGglsQh02PJmwckj7G4x7zRuQ6fr4nck4s"},"senderMessageKeys":[]},{"senderKeyId":1210813841,"senderChainKey":{"iteration":5,"seed":"zwolj2USTfo0RtgDxoxwE9DRMlycjLKEojWMevNdPWA="},"senderSigningKey":{"public":"BZP/MCKn59GGglsQh02PJmwckj7G4x7zRuQ6fr4nck4s"},"senderMessageKeys":[]},{"senderKeyId":1395856326,"senderChainKey":{"iteration":5,"seed":"P3oYySokzIHqxX9tiH0vidU9ucMELQPdmvR6P64DPc8="},"senderSigningKey":{"public":"BVeB2tnXObxoQwMdOUe7zyM9dM8Hcd4rAGPGPPgD1atO"},"senderMessageKeys":[]},{"senderKeyId":1395856326,"senderChainKey":{"iteration":2,"seed":"6JUnVYV4fqY4qL0Rkvk7xdM+jNzEau8ppXOmy7zM23U="},"senderSigningKey":{"public":"BVeB2tnXObxoQwMdOUe7zyM9dM8Hcd4rAGPGPPgD1atO"},"senderMessageKeys":[]},{"senderKeyId":1688451894,"senderChainKey":{"iteration":4,"seed":"aU7p03ZTeOKKYd2Ar5W+nLgYR1F5Qg+SgLJfQfnTu7s="},"senderSigningKey":{"public":"BRM1YZR4zTohba1AMRn7lo3of01AJV1unNpwvdLHw+cH"},"senderMessageKeys":[]}]