[{"senderKeyId":2128030393,"senderChainKey":{"iteration":128,"seed":"Ui3Owu5A98xLV5j7yAtoRsHNEzfw1/JXaG7CJPB25dQ="},"senderSigningKey":{"public":"Bc2MmFfYpUxsFsPUJoRqqpr6CMh31wwFFTGPn1b54+xn"},"senderMessageKeys":[]},{"senderKeyId":1180921430,"senderChainKey":{"iteration":82,"seed":"REZtuyjZQdAAEppiBd3+z66tot4t9vnKS58obEtbfSs="},"senderSigningKey":{"public":"BZkl1Cuob50m+O3TkzfdRvxA4RdF1Vqhbpmsg7+e5rwi"},"senderMessageKeys":[{},{}]},{"senderKeyId":624432842,"senderChainKey":{"iteration":497,"seed":"eXWoLv9x8jvZir6phpwsFRzjq55SQs8HRPlRpU4HSKk="},"senderSigningKey":{"public":"BdS+k0XD0NRZVVsGUP+WRrHiuJGBDGL6GUrZiqSA/BMV"},"senderMessageKeys":[{},{}]},{"senderKeyId":624432842,"senderChainKey":{"iteration":380,"seed":"PJRq94MC+RNYjXyyc0RuTZ+rbBB3QkPuL9Fh4HNiWzU="},"senderSigningKey":{"public":"BdS+k0XD0NRZVVsGUP+WRrHiuJGBDGL6GUrZiqSA/BMV"},"senderMessageKeys":[]},{"senderKeyId":624432842,"senderChainKey":{"iteration":463,"seed":"omH1BeX2YvGbgSTXOs17Gzdl4NjEeJMFibcFAW/+7sY="},"senderSigningKey":{"public":"BdS+k0XD0NRZVVsGUP+WRrHiuJGBDGL6GUrZiqSA/BMV"},"senderMessageKeys":[]}]