[{"senderKeyId":1173737944,"senderChainKey":{"iteration":10,"seed":"4RC07gWc5CwJLzh6+8LJ23xMjOKh9JcahX8Idhtni3o="},"senderSigningKey":{"public":"BQXFOuX3hogu2A++EuHk/4cGsqwO0Yj/GR7LNlr46Rt+"},"senderMessageKeys":[]},{"senderKeyId":1173737944,"senderChainKey":{"iteration":4,"seed":"tF2/kGXc7himdCyHehLWSfgIn1LgxljHkNR78HQYr60="},"senderSigningKey":{"public":"BQXFOuX3hogu2A++EuHk/4cGsqwO0Yj/GR7LNlr46Rt+"},"senderMessageKeys":[]},{"senderKeyId":1173737944,"senderChainKey":{"iteration":5,"seed":"QigOedx8+tKkZ1OgFHAt/MNLBTeAO7DXh7XmdTYIvOI="},"senderSigningKey":{"public":"BQXFOuX3hogu2A++EuHk/4cGsqwO0Yj/GR7LNlr46Rt+"},"senderMessageKeys":[]},{"senderKeyId":1173737944,"senderChainKey":{"iteration":6,"seed":"Ozd4VnFwQlFb6P0nbfFajVbUCs6TBH5JC7DRk57M1Gw="},"senderSigningKey":{"public":"BQXFOuX3hogu2A++EuHk/4cGsqwO0Yj/GR7LNlr46Rt+"},"senderMessageKeys":[]},{"senderKeyId":1173737944,"senderChainKey":{"iteration":7,"seed":"olBmLjiSM97rgKl8X9qA4+/Nogk7LmjBiEZdQxT/Az4="},"senderSigningKey":{"public":"BQXFOuX3hogu2A++EuHk/4cGsqwO0Yj/GR7LNlr46Rt+"},"senderMessageKeys":[]},{"senderKeyId":1173737944,"senderChainKey":{"iteration":9,"seed":"9bHulvDbKvIJmhecugV+L4aOIqLmboxYLdVVrpn3Sf0="},"senderSigningKey":{"public":"BQXFOuX3hogu2A++EuHk/4cGsqwO0Yj/GR7LNlr46Rt+"},"senderMessageKeys":[]},{"senderKeyId":37487368,"senderChainKey":{"iteration":7,"seed":"Mc8Ok1lyoWYSB/4dyXUTK/8TxHVVg+jjRXdmQrTneEM="},"senderSigningKey":{"public":"BRslDrz8bdnVsIu4J8Lg7/hSL7F1SVa9ql6r1lEs4Zpu"},"senderMessageKeys":[]},{"senderKeyId":37487368,"senderChainKey":{"iteration":6,"seed":"RTYyTwaZJQfw93pzxvSmD3+WYzi2dQ/2T3jWLGtwH3U="},"senderSigningKey":{"public":"BRslDrz8bdnVsIu4J8Lg7/hSL7F1SVa9ql6r1lEs4Zpu"},"senderMessageKeys":[]}]