[{"senderKeyId":502689652,"senderChainKey":{"iteration":1,"seed":"R9xae6oj7SNxxT17oaKAA0bW2/xIuWovLHuNw38xDyA="},"senderSigningKey":{"public":"BU/6/zQn8cOIXvxer5sDWTZE3CYWhq56tP6laOUVHO5r"},"senderMessageKeys":[]},{"senderKeyId":1135597903,"senderChainKey":{"iteration":1,"seed":"zBq3AUhdhUQBbIFfT60EZGVff/MyKcmy0GNBqd+ysXU="},"senderSigningKey":{"public":"BXySP8QxDIb0tSuaAoABjcAUDm14Zn28imN5v2c9AegG"},"senderMessageKeys":[]},{"senderKeyId":456081664,"senderChainKey":{"iteration":39,"seed":"6WDW4/oJ9SMZ+0XwYklR354T+766PZJJA56Z8g9hVN4="},"senderSigningKey":{"public":"Bf5V/ZVMqYQFJCh5SA9MMzKCIwEUEaQ0Y0ljlXS0w8II"},"senderMessageKeys":[{}]},{"senderKeyId":456081664,"senderChainKey":{"iteration":2,"seed":"Sx8Uns0AJQtIdjqGgoyKuXTAUcMdldDCRjpVR8c5DDs="},"senderSigningKey":{"public":"Bf5V/ZVMqYQFJCh5SA9MMzKCIwEUEaQ0Y0ljlXS0w8II"},"senderMessageKeys":[]},{"senderKeyId":456081664,"senderChainKey":{"iteration":37,"seed":"dDuxBgf6t/zh17VT5J40efw7A6EZPzGNumO4l2CVA3c="},"senderSigningKey":{"public":"Bf5V/ZVMqYQFJCh5SA9MMzKCIwEUEaQ0Y0ljlXS0w8II"},"senderMessageKeys":[]},{"senderKeyId":456081664,"senderChainKey":{"iteration":38,"seed":"cIhPb+TOoFrJG1xRdgRaHqRDyFanniiy2K+W5pNpdik="},"senderSigningKey":{"public":"Bf5V/ZVMqYQFJCh5SA9MMzKCIwEUEaQ0Y0ljlXS0w8II"},"senderMessageKeys":[]}]