[{"senderKeyId":88607533,"senderChainKey":{"iteration":1,"seed":"GreH4ffEj/Q+XWlpAuqlHKigSNYu47Y+owXpYN46WiM="},"senderSigningKey":{"public":"BR3/ERdWLihQgemxWYBy1IFXv3zGB/UmsgYOlM2mgGRB"},"senderMessageKeys":[]},{"senderKeyId":943688084,"senderChainKey":{"iteration":749,"seed":"RUgv9Q/TEHoB2m6klSgVEITASJYgov+VjSdIrHLzReA="},"senderSigningKey":{"public":"BYzDaluO9OBUfV5BbHRWgznGqOvfdmv9Ls4i5N8RTE1j"},"senderMessageKeys":[{},{},{},{},{},{},{},{},{},{},{}]},{"senderKeyId":943688084,"senderChainKey":{"iteration":571,"seed":"wflNRaLtECKBUakSOX1OyVmnpVqs//9qYo3Bva5wkrc="},"senderSigningKey":{"public":"BYzDaluO9OBUfV5BbHRWgznGqOvfdmv9Ls4i5N8RTE1j"},"senderMessageKeys":[]},{"senderKeyId":820116321,"senderChainKey":{"iteration":124,"seed":"eZelpWnVmJrR81eELn6nGUF+a8ALEJCGlgcp9SizGj0="},"senderSigningKey":{"public":"BSnvjxqYPiNkD2vFufXkTIld3RxTY/ULZ1/gQ9y+Goc9"},"senderMessageKeys":[]},{"senderKeyId":820116321,"senderChainKey":{"iteration":122,"seed":"Uy3CvfEs6A8RbvCauQZyqu8agOU/HBf6m2ojdRe63vo="},"senderSigningKey":{"public":"BSnvjxqYPiNkD2vFufXkTIld3RxTY/ULZ1/gQ9y+Goc9"},"senderMessageKeys":[]},{"senderKeyId":1569546067,"senderChainKey":{"iteration":3,"seed":"dI6/cLk9CMRRgqhD3g+ddlqzEU0zz/TvvBAf5spBQWQ="},"senderSigningKey":{"public":"BTCXA9N7FaFnpBhdD8VgAtGM6p+FFoiyY+zvHAxvrw1b"},"senderMessageKeys":[]}]