[{"senderKeyId":474136396,"senderChainKey":{"iteration":7,"seed":"MoN4ABPWx6ZBhw75fGwAjCQLUOfci5da/pmYzMdm4E4="},"senderSigningKey":{"public":"BQ2YFKqeSHZwUnK7YllOlT+sVGoFQslehowzW4tr/9pZ"},"senderMessageKeys":[]},{"senderKeyId":588444312,"senderChainKey":{"iteration":174,"seed":"fnRdyTKBM830djPu8P5yW5jmnXWPWDeqx2+DjHI4Zc0="},"senderSigningKey":{"public":"BRMIhUVoa8CkbI1pK/37suZd5BodnqCqzxnlYFnAbd8O"},"senderMessageKeys":[]},{"senderKeyId":588444312,"senderChainKey":{"iteration":100,"seed":"4kX6mrM81sBfa9CREIwP8kiRGGjOo3Y1k8mb5tAxgzk="},"senderSigningKey":{"public":"BRMIhUVoa8CkbI1pK/37suZd5BodnqCqzxnlYFnAbd8O"},"senderMessageKeys":[]},{"senderKeyId":588444312,"senderChainKey":{"iteration":141,"seed":"FztG3DbxUlwdeiF8gHRsaTnfmLk6UYQRTuouj8MKURA="},"senderSigningKey":{"public":"BRMIhUVoa8CkbI1pK/37suZd5BodnqCqzxnlYFnAbd8O"},"senderMessageKeys":[]},{"senderKeyId":588444312,"senderChainKey":{"iteration":165,"seed":"QiMhbnLLzY2p+gGp21YY95Je96t6C8n+wRG0D3meD3E="},"senderSigningKey":{"public":"BRMIhUVoa8CkbI1pK/37suZd5BodnqCqzxnlYFnAbd8O"},"senderMessageKeys":[]},{"senderKeyId":1090308589,"senderChainKey":{"iteration":19,"seed":"wADY1/r1lYkZh4fCpsCBW+dKwyMdFfivNNpnU+HzpZE="},"senderSigningKey":{"public":"BfLUfofl6gHSamr1iXRhZoNsVU1MONfYtuVT38lXC3AE"},"senderMessageKeys":[]},{"senderKeyId":2037624254,"senderChainKey":{"iteration":9,"seed":"2OuKUC1ITLns0Solg2KL822mtWXzof9yFiutGNL0uAo="},"senderSigningKey":{"public":"BYiRnKrZ2rlk+dpN665Vq52jQpUTS2zBYbiCOLXo1PVt"},"senderMessageKeys":[]}]