[{"senderKeyId":1935877633,"senderChainKey":{"iteration":373,"seed":"U/mcmwdcXj/gbZP3u7T7jOy+fyEYzyfwGljiWEALHl4="},"senderSigningKey":{"public":"BarhO2rolPjkht0B9xW+lsAbwUAde9Elyo1Z60ANayMa"},"senderMessageKeys":[{}]},{"senderKeyId":1935877633,"senderChainKey":{"iteration":214,"seed":"DaMDRK194cCFdIZ/TDBG9ucLxt+L8UvLfpkBEO2zyXY="},"senderSigningKey":{"public":"BarhO2rolPjkht0B9xW+lsAbwUAde9Elyo1Z60ANayMa"},"senderMessageKeys":[]},{"senderKeyId":1935877633,"senderChainKey":{"iteration":214,"seed":"DaMDRK194cCFdIZ/TDBG9ucLxt+L8UvLfpkBEO2zyXY="},"senderSigningKey":{"public":"BarhO2rolPjkht0B9xW+lsAbwUAde9Elyo1Z60ANayMa"},"senderMessageKeys":[]},{"senderKeyId":1935877633,"senderChainKey":{"iteration":214,"seed":"DaMDRK194cCFdIZ/TDBG9ucLxt+L8UvLfpkBEO2zyXY="},"senderSigningKey":{"public":"BarhO2rolPjkht0B9xW+lsAbwUAde9Elyo1Z60ANayMa"},"senderMessageKeys":[]},{"senderKeyId":1935877633,"senderChainKey":{"iteration":214,"seed":"DaMDRK194cCFdIZ/TDBG9ucLxt+L8UvLfpkBEO2zyXY="},"senderSigningKey":{"public":"BarhO2rolPjkht0B9xW+lsAbwUAde9Elyo1Z60ANayMa"},"senderMessageKeys":[]},{"senderKeyId":1935877633,"senderChainKey":{"iteration":216,"seed":"JFJApKhhstS69EDpBlhrbgvpUGumgXa8DnaXf0ChzAs="},"senderSigningKey":{"public":"BarhO2rolPjkht0B9xW+lsAbwUAde9Elyo1Z60ANayMa"},"senderMessageKeys":[]},{"senderKeyId":1935877633,"senderChainKey":{"iteration":216,"seed":"JFJApKhhstS69EDpBlhrbgvpUGumgXa8DnaXf0ChzAs="},"senderSigningKey":{"public":"BarhO2rolPjkht0B9xW+lsAbwUAde9Elyo1Z60ANayMa"},"senderMessageKeys":[]},{"senderKeyId":1935877633,"senderChainKey":{"iteration":216,"seed":"JFJApKhhstS69EDpBlhrbgvpUGumgXa8DnaXf0ChzAs="},"senderSigningKey":{"public":"BarhO2rolPjkht0B9xW+lsAbwUAde9Elyo1Z60ANayMa"},"senderMessageKeys":[]},{"senderKeyId":1935877633,"senderChainKey":{"iteration":216,"seed":"JFJApKhhstS69EDpBlhrbgvpUGumgXa8DnaXf0ChzAs="},"senderSigningKey":{"public":"BarhO2rolPjkht0B9xW+lsAbwUAde9Elyo1Z60ANayMa"},"senderMessageKeys":[]},{"senderKeyId":1935877633,"senderChainKey":{"iteration":216,"seed":"JFJApKhhstS69EDpBlhrbgvpUGumgXa8DnaXf0ChzAs="},"senderSigningKey":{"public":"BarhO2rolPjkht0B9xW+lsAbwUAde9Elyo1Z60ANayMa"},"senderMessageKeys":[]},{"senderKeyId":1935877633,"senderChainKey":{"iteration":217,"seed":"1ANWSfD622MfipseZiSxJ2jpCnwPzSDlaH+kfpT0bZg="},"senderSigningKey":{"public":"BarhO2rolPjkht0B9xW+lsAbwUAde9Elyo1Z60ANayMa"},"senderMessageKeys":[]},{"senderKeyId":1935877633,"senderChainKey":{"iteration":217,"seed":"1ANWSfD622MfipseZiSxJ2jpCnwPzSDlaH+kfpT0bZg="},"senderSigningKey":{"public":"BarhO2rolPjkht0B9xW+lsAbwUAde9Elyo1Z60ANayMa"},"senderMessageKeys":[]},{"senderKeyId":1935877633,"senderChainKey":{"iteration":217,"seed":"1ANWSfD622MfipseZiSxJ2jpCnwPzSDlaH+kfpT0bZg="},"senderSigningKey":{"public":"BarhO2rolPjkht0B9xW+lsAbwUAde9Elyo1Z60ANayMa"},"senderMessageKeys":[]},{"senderKeyId":1935877633,"senderChainKey":{"iteration":218,"seed":"W+9sAMzDPTXjyy9poe1HzJ9eSVlUnoR0fXaq8Myu2sM="},"senderSigningKey":{"public":"BarhO2rolPjkht0B9xW+lsAbwUAde9Elyo1Z60ANayMa"},"senderMessageKeys":[]},{"senderKeyId":1935877633,"senderChainKey":{"iteration":218,"seed":"W+9sAMzDPTXjyy9poe1HzJ9eSVlUnoR0fXaq8Myu2sM="},"senderSigningKey":{"public":"BarhO2rolPjkht0B9xW+lsAbwUAde9Elyo1Z60ANayMa"},"senderMessageKeys":[]},{"senderKeyId":1935877633,"senderChainKey":{"iteration":218,"seed":"W+9sAMzDPTXjyy9poe1HzJ9eSVlUnoR0fXaq8Myu2sM="},"senderSigningKey":{"public":"BarhO2rolPjkht0B9xW+lsAbwUAde9Elyo1Z60ANayMa"},"senderMessageKeys":[]},{"senderKeyId":1935877633,"senderChainKey":{"iteration":219,"seed":"NDt0fetPfLl5ta7YnhQWrECpr7DHtjNermtQumqKwCw="},"senderSigningKey":{"public":"BarhO2rolPjkht0B9xW+lsAbwUAde9Elyo1Z60ANayMa"},"senderMessageKeys":[]},{"senderKeyId":1935877633,"senderChainKey":{"iteration":220,"seed":"jmPYgfb6BuaEQIpaUUocB4ImRO64yVND/oLL5PYLJ/8="},"senderSigningKey":{"public":"BarhO2rolPjkht0B9xW+lsAbwUAde9Elyo1Z60ANayMa"},"senderMessageKeys":[]}]