[{"senderKeyId":1829581604,"senderChainKey":{"iteration":4,"seed":"egf3ip28skOdUJTpOowZPj+HWdM33SGnSZ1pMYHfjX0="},"senderSigningKey":{"public":"BU3a8SMHs2WnH/YeAHCoY9/3mIM/E9ppLT7NBn+LadUM"},"senderMessageKeys":[]},{"senderKeyId":610030963,"senderChainKey":{"iteration":9,"seed":"v3YlP8mQrIdZdfIFzhOMRnx9XiyWb7X7tkymd4DxOJE="},"senderSigningKey":{"public":"BcNdWNKsmC6PTwbtIEFvKg1JshP2vS5mY+4AEoqnY5dH"},"senderMessageKeys":[]},{"senderKeyId":610030963,"senderChainKey":{"iteration":7,"seed":"5YSmHjz2Xqfvr3sUY5UEm1VSJHnUKO7z0HhrD/GgH+M="},"senderSigningKey":{"public":"BcNdWNKsmC6PTwbtIEFvKg1JshP2vS5mY+4AEoqnY5dH"},"senderMessageKeys":[]},{"senderKeyId":610030963,"senderChainKey":{"iteration":8,"seed":"lwOcADSqZFbs0FpdKeCr2Y7gkKgneD0YFFFOaXxmCXU="},"senderSigningKey":{"public":"BcNdWNKsmC6PTwbtIEFvKg1JshP2vS5mY+4AEoqnY5dH"},"senderMessageKeys":[]},{"senderKeyId":1908791104,"senderChainKey":{"iteration":2,"seed":"x+36QplHZjPij9MBNxGRPz9FudWp1NX6YGarNgIYQgY="},"senderSigningKey":{"public":"Baof5YPVUENJdxgx4DzeaitSzHVZHsWnL7tRMUlZKAI6"},"senderMessageKeys":[]},{"senderKeyId":1019307549,"senderChainKey":{"iteration":5,"seed":"L7LlzA6o4IUCyxMC3AezGKxep55tQuou6kK5IRFA/Uo="},"senderSigningKey":{"public":"BcT1Fd7n5mv357silqyugoX7o4d2mNyb4RWEr0iQOy07"},"senderMessageKeys":[]}]