[{"senderKeyId":622027318,"senderChainKey":{"iteration":49,"seed":"tCn2zlI5yW3LkQ8i0sZ9ol4o8qPixCbhlMNPyT4PSOg="},"senderSigningKey":{"public":"BYJg6iA0x5tsZbrX3QmmhvMxkVJgV7yyqx74vkrjcHMk"},"senderMessageKeys":[{}]},{"senderKeyId":622027318,"senderChainKey":{"iteration":44,"seed":"iSJrvTC0RpdHzLiHnrSuRzKXkLQVpPhKZOB+Ae0Dh60="},"senderSigningKey":{"public":"BYJg6iA0x5tsZbrX3QmmhvMxkVJgV7yyqx74vkrjcHMk"},"senderMessageKeys":[]},{"senderKeyId":622027318,"senderChainKey":{"iteration":46,"seed":"JYBMvv5fvHS9AKA90tVg0PoJkl8NB/1m9aZmdmxEotU="},"senderSigningKey":{"public":"BYJg6iA0x5tsZbrX3QmmhvMxkVJgV7yyqx74vkrjcHMk"},"senderMessageKeys":[]},{"senderKeyId":1535705203,"senderChainKey":{"iteration":3,"seed":"c0Us0uiy8AIFh3uEJCNAGSGfcYbvXo0oAQdZsPrAaG4="},"senderSigningKey":{"public":"BS2b2W86Fe/70jfopZwFeo//ON+DG/jaLGykCCLdTcdS"},"senderMessageKeys":[]},{"senderKeyId":986800401,"senderChainKey":{"iteration":3,"seed":"a0ykJuISAdvM8me+4QCUyFGpip79CMQLd2QBswS60/I="},"senderSigningKey":{"public":"BbrZ34uk0bfzrV42B7aNTYKepadBqJFKCfCRACj/pHVK"},"senderMessageKeys":[]},{"senderKeyId":609746799,"senderChainKey":{"iteration":46,"seed":"CQnLcRzlUEn3FRWxaMb3QOAzt0PwZjufvrHbrx+M2/g="},"senderSigningKey":{"public":"BYg/O02+5eiNXa8OacWe7BMpnBz03yXVwk4Oc6rusD5l"},"senderMessageKeys":[]},{"senderKeyId":140135029,"senderChainKey":{"iteration":268,"seed":"zvfZIfibPTbGkHoy+iuESrYPPMKkhIUyoxOD9SA5Yd0="},"senderSigningKey":{"public":"BR87cz9uif+c644WzuhEL2htPISWv94/QlvPm3M4WDJL"},"senderMessageKeys":[{},{},{}]},{"senderKeyId":140135029,"senderChainKey":{"iteration":210,"seed":"owGZsroxzSIONQvw4PhUu+B2a5R72t8lW5eJ85PgYrY="},"senderSigningKey":{"public":"BR87cz9uif+c644WzuhEL2htPISWv94/QlvPm3M4WDJL"},"senderMessageKeys":[]},{"senderKeyId":140135029,"senderChainKey":{"iteration":223,"seed":"DsyvYxmUdcSTHGSmW+CG6W0uxvFQ2jW274dJXGMatDs="},"senderSigningKey":{"public":"BR87cz9uif+c644WzuhEL2htPISWv94/QlvPm3M4WDJL"},"senderMessageKeys":[]},{"senderKeyId":433670086,"senderChainKey":{"iteration":93,"seed":"1eCDgVK6fkinNkyYLoht6jQj2VUOPO+FXpybqG/ci28="},"senderSigningKey":{"public":"BYHDm3dHBax7vqUEgj3rTOGwV3v6EGVIpI4w9QhhaYot"},"senderMessageKeys":[]},{"senderKeyId":433670086,"senderChainKey":{"iteration":12,"seed":"EyFDpcwmKsC2OgngTMVC0NrydXsScBi+ebp2BTzYQdk="},"senderSigningKey":{"public":"BYHDm3dHBax7vqUEgj3rTOGwV3v6EGVIpI4w9QhhaYot"},"senderMessageKeys":[]},{"senderKeyId":1059791371,"senderChainKey":{"iteration":13,"seed":"AulH3bByUAollwkajW7lScJcI6bXjFa/QRDwbvvlhs8="},"senderSigningKey":{"public":"BZIqjg9QOEKxLGRGsHYqPlBTd3UmuMk+VPjgsMil2cER"},"senderMessageKeys":[]},{"senderKeyId":1059791371,"senderChainKey":{"iteration":1,"seed":"cMU8oI20uHAwZBy55QrIqSsyIsK9MCjoySlRQgUR5po="},"senderSigningKey":{"public":"BZIqjg9QOEKxLGRGsHYqPlBTd3UmuMk+VPjgsMil2cER"},"senderMessageKeys":[]}]