[{"senderKeyId":2007069067,"senderChainKey":{"iteration":30,"seed":"vMRRg3xU3OhoQ6zLISjcr9PDfF+zC1cC/MIC3L1zLQc="},"senderSigningKey":{"public":"BajJwWI20+stfPww3S5XZozH715s08EtBGzHLertopFt"},"senderMessageKeys":[]},{"senderKeyId":1680503970,"senderChainKey":{"iteration":14,"seed":"nxdT1LEqL8KtGHaY2heT0TxVuOvytlTSffRCzgxD6JQ="},"senderSigningKey":{"public":"BZmFnFDC+zQUqF58KzBCJm8OYALZ/nRr7aZzhIELkSY1"},"senderMessageKeys":[]},{"senderKeyId":1680503970,"senderChainKey":{"iteration":4,"seed":"R7t0I1PRTUcmjYFf8SZ1WlFOYIEN7uPKqMOPAKvrr0E="},"senderSigningKey":{"public":"BZmFnFDC+zQUqF58KzBCJm8OYALZ/nRr7aZzhIELkSY1"},"senderMessageKeys":[]},{"senderKeyId":1680503970,"senderChainKey":{"iteration":13,"seed":"3kC89VH+VieyLuTVBFIlp+fnu6R6neDKQARLJTtoLzo="},"senderSigningKey":{"public":"BZmFnFDC+zQUqF58KzBCJm8OYALZ/nRr7aZzhIELkSY1"},"senderMessageKeys":[]},{"senderKeyId":1366603867,"senderChainKey":{"iteration":2,"seed":"hRTYVjPf/uEDqNbPWnjwGvREYkhp616oytQuvNkAAbE="},"senderSigningKey":{"public":"BYwdyPJJXSOvil9qPnbux5t1lHB8ZKabHv9hk4dkI39B"},"senderMessageKeys":[]},{"senderKeyId":504978567,"senderChainKey":{"iteration":8,"seed":"9LeL5mgRuma6v6PFmz2lG7VAkhxuoR45jpqqOSD7bk0="},"senderSigningKey":{"public":"Bd7SSaNgUbuMvZQNIOFoICrn8e3Emhd1LsBVvU0B/9VG"},"senderMessageKeys":[]},{"senderKeyId":1898069477,"senderChainKey":{"iteration":1,"seed":"OrRL78LtKF2SvmWfg8C39tqjCE1lrc57Yz8CCXkgzwk="},"senderSigningKey":{"public":"BUBrT4EMK6lXf2SDUnfx/FT+YPHIm8CROOEebQWhJ7sJ"},"senderMessageKeys":[]},{"senderKeyId":1036319134,"senderChainKey":{"iteration":1,"seed":"JQ5BSqtiBzjgU8OS5+OfKZYt+Qy3wn+W1EwVLAraS5M="},"senderSigningKey":{"public":"BcQEWWubrYJlW9vGWQSzacEdx3qvTGvUF//JcLmHg3Nu"},"senderMessageKeys":[]},{"senderKeyId":1101065224,"senderChainKey":{"iteration":6,"seed":"1v+seHA7rnXi7WEGWlFEdz4Im5CNnbz3k8QVObowK/M="},"senderSigningKey":{"public":"BUPyeJNR3nyjxpYwU10SkyHV76SY/z4Sx6caw8wD7HVt"},"senderMessageKeys":[]}]