[{"senderKeyId":743694656,"senderChainKey":{"iteration":37,"seed":"K87ujVwg977JKxbKuFy0kGzeREXtBItD953CpKwFIUE="},"senderSigningKey":{"public":"BSt0Pu8cm6dwvwev9m5NnNQzX/HGBjdtVcl2it2IIvBA"},"senderMessageKeys":[{}]},{"senderKeyId":743694656,"senderChainKey":{"iteration":29,"seed":"yujN7Ua7aKiEePGgcInDqlHxaJWBbxZ27uKGvi6E/hU="},"senderSigningKey":{"public":"BSt0Pu8cm6dwvwev9m5NnNQzX/HGBjdtVcl2it2IIvBA"},"senderMessageKeys":[]},{"senderKeyId":273787706,"senderChainKey":{"iteration":29,"seed":"V31AwOcKsFF1eIpTkh7hhi1KILvdp7L+KrFSRXH2rFM="},"senderSigningKey":{"public":"BbS6JqnBX3VV+5iYLp1hON9vdlZhwIgDZSFkpaY9ZAp6"},"senderMessageKeys":[]},{"senderKeyId":1154585380,"senderChainKey":{"iteration":7,"seed":"vUHRYqCP56bdY9xBrZ+Nepyic90qUSjUi+XSRn4MYqo="},"senderSigningKey":{"public":"BaleVtVLpEmzYb0+J08Zi1847oynf936cjZy1QvCBw9q"},"senderMessageKeys":[]},{"senderKeyId":384037630,"senderChainKey":{"iteration":128,"seed":"bb7OcLi70ud4wburvw5Zo3LFmClNOAdt8KnRX16VN14="},"senderSigningKey":{"public":"BWbuJdRH7oG/wtQLkQmC6H/1PrGPAyHpFZWfVUU5/0Zb"},"senderMessageKeys":[{},{}]},{"senderKeyId":384037630,"senderChainKey":{"iteration":36,"seed":"kyhMA4w/s5hztq6BCLyK22PjBQdAwFgL6gCYmaxQWBY="},"senderSigningKey":{"public":"BWbuJdRH7oG/wtQLkQmC6H/1PrGPAyHpFZWfVUU5/0Zb"},"senderMessageKeys":[]},{"senderKeyId":548958153,"senderChainKey":{"iteration":1,"seed":"o+Xcvcew+C4ndtqoxH+DrKh/3Kjll4wjXOAmrizJK94="},"senderSigningKey":{"public":"BX1ajIaO8yggiW+hEhK9ioeufHBy7pc/yt7Nnv6V3+EW"},"senderMessageKeys":[]},{"senderKeyId":548958153,"senderChainKey":{"iteration":31,"seed":"OnEaPyUXhRW7SexuZJdLXXgnbvN3ZGbqfVEHBWTiLrI="},"senderSigningKey":{"public":"BX1ajIaO8yggiW+hEhK9ioeufHBy7pc/yt7Nnv6V3+EW"},"senderMessageKeys":[]},{"senderKeyId":548958153,"senderChainKey":{"iteration":31,"seed":"OnEaPyUXhRW7SexuZJdLXXgnbvN3ZGbqfVEHBWTiLrI="},"senderSigningKey":{"public":"BX1ajIaO8yggiW+hEhK9ioeufHBy7pc/yt7Nnv6V3+EW"},"senderMessageKeys":[]},{"senderKeyId":548958153,"senderChainKey":{"iteration":31,"seed":"OnEaPyUXhRW7SexuZJdLXXgnbvN3ZGbqfVEHBWTiLrI="},"senderSigningKey":{"public":"BX1ajIaO8yggiW+hEhK9ioeufHBy7pc/yt7Nnv6V3+EW"},"senderMessageKeys":[]},{"senderKeyId":548958153,"senderChainKey":{"iteration":31,"seed":"OnEaPyUXhRW7SexuZJdLXXgnbvN3ZGbqfVEHBWTiLrI="},"senderSigningKey":{"public":"BX1ajIaO8yggiW+hEhK9ioeufHBy7pc/yt7Nnv6V3+EW"},"senderMessageKeys":[]},{"senderKeyId":548958153,"senderChainKey":{"iteration":31,"seed":"OnEaPyUXhRW7SexuZJdLXXgnbvN3ZGbqfVEHBWTiLrI="},"senderSigningKey":{"public":"BX1ajIaO8yggiW+hEhK9ioeufHBy7pc/yt7Nnv6V3+EW"},"senderMessageKeys":[]},{"senderKeyId":548958153,"senderChainKey":{"iteration":31,"seed":"OnEaPyUXhRW7SexuZJdLXXgnbvN3ZGbqfVEHBWTiLrI="},"senderSigningKey":{"public":"BX1ajIaO8yggiW+hEhK9ioeufHBy7pc/yt7Nnv6V3+EW"},"senderMessageKeys":[]},{"senderKeyId":548958153,"senderChainKey":{"iteration":31,"seed":"OnEaPyUXhRW7SexuZJdLXXgnbvN3ZGbqfVEHBWTiLrI="},"senderSigningKey":{"public":"BX1ajIaO8yggiW+hEhK9ioeufHBy7pc/yt7Nnv6V3+EW"},"senderMessageKeys":[]},{"senderKeyId":548958153,"senderChainKey":{"iteration":31,"seed":"OnEaPyUXhRW7SexuZJdLXXgnbvN3ZGbqfVEHBWTiLrI="},"senderSigningKey":{"public":"BX1ajIaO8yggiW+hEhK9ioeufHBy7pc/yt7Nnv6V3+EW"},"senderMessageKeys":[]},{"senderKeyId":548958153,"senderChainKey":{"iteration":31,"seed":"OnEaPyUXhRW7SexuZJdLXXgnbvN3ZGbqfVEHBWTiLrI="},"senderSigningKey":{"public":"BX1ajIaO8yggiW+hEhK9ioeufHBy7pc/yt7Nnv6V3+EW"},"senderMessageKeys":[]},{"senderKeyId":548958153,"senderChainKey":{"iteration":31,"seed":"OnEaPyUXhRW7SexuZJdLXXgnbvN3ZGbqfVEHBWTiLrI="},"senderSigningKey":{"public":"BX1ajIaO8yggiW+hEhK9ioeufHBy7pc/yt7Nnv6V3+EW"},"senderMessageKeys":[]},{"senderKeyId":548958153,"senderChainKey":{"iteration":31,"seed":"OnEaPyUXhRW7SexuZJdLXXgnbvN3ZGbqfVEHBWTiLrI="},"senderSigningKey":{"public":"BX1ajIaO8yggiW+hEhK9ioeufHBy7pc/yt7Nnv6V3+EW"},"senderMessageKeys":[]},{"senderKeyId":548958153,"senderChainKey":{"iteration":31,"seed":"OnEaPyUXhRW7SexuZJdLXXgnbvN3ZGbqfVEHBWTiLrI="},"senderSigningKey":{"public":"BX1ajIaO8yggiW+hEhK9ioeufHBy7pc/yt7Nnv6V3+EW"},"senderMessageKeys":[]},{"senderKeyId":548958153,"senderChainKey":{"iteration":31,"seed":"OnEaPyUXhRW7SexuZJdLXXgnbvN3ZGbqfVEHBWTiLrI="},"senderSigningKey":{"public":"BX1ajIaO8yggiW+hEhK9ioeufHBy7pc/yt7Nnv6V3+EW"},"senderMessageKeys":[]},{"senderKeyId":548958153,"senderChainKey":{"iteration":31,"seed":"OnEaPyUXhRW7SexuZJdLXXgnbvN3ZGbqfVEHBWTiLrI="},"senderSigningKey":{"public":"BX1ajIaO8yggiW+hEhK9ioeufHBy7pc/yt7Nnv6V3+EW"},"senderMessageKeys":[]},{"senderKeyId":548958153,"senderChainKey":{"iteration":31,"seed":"OnEaPyUXhRW7SexuZJdLXXgnbvN3ZGbqfVEHBWTiLrI="},"senderSigningKey":{"public":"BX1ajIaO8yggiW+hEhK9ioeufHBy7pc/yt7Nnv6V3+EW"},"senderMessageKeys":[]},{"senderKeyId":548958153,"senderChainKey":{"iteration":31,"seed":"OnEaPyUXhRW7SexuZJdLXXgnbvN3ZGbqfVEHBWTiLrI="},"senderSigningKey":{"public":"BX1ajIaO8yggiW+hEhK9ioeufHBy7pc/yt7Nnv6V3+EW"},"senderMessageKeys":[]},{"senderKeyId":548958153,"senderChainKey":{"iteration":31,"seed":"OnEaPyUXhRW7SexuZJdLXXgnbvN3ZGbqfVEHBWTiLrI="},"senderSigningKey":{"public":"BX1ajIaO8yggiW+hEhK9ioeufHBy7pc/yt7Nnv6V3+EW"},"senderMessageKeys":[]},{"senderKeyId":548958153,"senderChainKey":{"iteration":31,"seed":"OnEaPyUXhRW7SexuZJdLXXgnbvN3ZGbqfVEHBWTiLrI="},"senderSigningKey":{"public":"BX1ajIaO8yggiW+hEhK9ioeufHBy7pc/yt7Nnv6V3+EW"},"senderMessageKeys":[]},{"senderKeyId":548958153,"senderChainKey":{"iteration":31,"seed":"OnEaPyUXhRW7SexuZJdLXXgnbvN3ZGbqfVEHBWTiLrI="},"senderSigningKey":{"public":"BX1ajIaO8yggiW+hEhK9ioeufHBy7pc/yt7Nnv6V3+EW"},"senderMessageKeys":[]},{"senderKeyId":548958153,"senderChainKey":{"iteration":31,"seed":"OnEaPyUXhRW7SexuZJdLXXgnbvN3ZGbqfVEHBWTiLrI="},"senderSigningKey":{"public":"BX1ajIaO8yggiW+hEhK9ioeufHBy7pc/yt7Nnv6V3+EW"},"senderMessageKeys":[]},{"senderKeyId":548958153,"senderChainKey":{"iteration":31,"seed":"OnEaPyUXhRW7SexuZJdLXXgnbvN3ZGbqfVEHBWTiLrI="},"senderSigningKey":{"public":"BX1ajIaO8yggiW+hEhK9ioeufHBy7pc/yt7Nnv6V3+EW"},"senderMessageKeys":[]},{"senderKeyId":548958153,"senderChainKey":{"iteration":31,"seed":"OnEaPyUXhRW7SexuZJdLXXgnbvN3ZGbqfVEHBWTiLrI="},"senderSigningKey":{"public":"BX1ajIaO8yggiW+hEhK9ioeufHBy7pc/yt7Nnv6V3+EW"},"senderMessageKeys":[]},{"senderKeyId":548958153,"senderChainKey":{"iteration":31,"seed":"OnEaPyUXhRW7SexuZJdLXXgnbvN3ZGbqfVEHBWTiLrI="},"senderSigningKey":{"public":"BX1ajIaO8yggiW+hEhK9ioeufHBy7pc/yt7Nnv6V3+EW"},"senderMessageKeys":[]},{"senderKeyId":548958153,"senderChainKey":{"iteration":31,"seed":"OnEaPyUXhRW7SexuZJdLXXgnbvN3ZGbqfVEHBWTiLrI="},"senderSigningKey":{"public":"BX1ajIaO8yggiW+hEhK9ioeufHBy7pc/yt7Nnv6V3+EW"},"senderMessageKeys":[]},{"senderKeyId":548958153,"senderChainKey":{"iteration":31,"seed":"OnEaPyUXhRW7SexuZJdLXXgnbvN3ZGbqfVEHBWTiLrI="},"senderSigningKey":{"public":"BX1ajIaO8yggiW+hEhK9ioeufHBy7pc/yt7Nnv6V3+EW"},"senderMessageKeys":[]},{"senderKeyId":548958153,"senderChainKey":{"iteration":31,"seed":"OnEaPyUXhRW7SexuZJdLXXgnbvN3ZGbqfVEHBWTiLrI="},"senderSigningKey":{"public":"BX1ajIaO8yggiW+hEhK9ioeufHBy7pc/yt7Nnv6V3+EW"},"senderMessageKeys":[]},{"senderKeyId":548958153,"senderChainKey":{"iteration":31,"seed":"OnEaPyUXhRW7SexuZJdLXXgnbvN3ZGbqfVEHBWTiLrI="},"senderSigningKey":{"public":"BX1ajIaO8yggiW+hEhK9ioeufHBy7pc/yt7Nnv6V3+EW"},"senderMessageKeys":[]},{"senderKeyId":548958153,"senderChainKey":{"iteration":31,"seed":"OnEaPyUXhRW7SexuZJdLXXgnbvN3ZGbqfVEHBWTiLrI="},"senderSigningKey":{"public":"BX1ajIaO8yggiW+hEhK9ioeufHBy7pc/yt7Nnv6V3+EW"},"senderMessageKeys":[]},{"senderKeyId":548958153,"senderChainKey":{"iteration":31,"seed":"OnEaPyUXhRW7SexuZJdLXXgnbvN3ZGbqfVEHBWTiLrI="},"senderSigningKey":{"public":"BX1ajIaO8yggiW+hEhK9ioeufHBy7pc/yt7Nnv6V3+EW"},"senderMessageKeys":[]},{"senderKeyId":548958153,"senderChainKey":{"iteration":31,"seed":"OnEaPyUXhRW7SexuZJdLXXgnbvN3ZGbqfVEHBWTiLrI="},"senderSigningKey":{"public":"BX1ajIaO8yggiW+hEhK9ioeufHBy7pc/yt7Nnv6V3+EW"}}]