[{"senderKeyId":1428864043,"senderChainKey":{"iteration":53,"seed":"36FMD/BoM6zYiOTFaGGikCvSDHlk0N8v/wcI0DT+/c0="},"senderSigningKey":{"public":"BT/T/2Z61jREza4E2xGGXG8XSN/YWibkmb3AbFRPbKUf"},"senderMessageKeys":[]},{"senderKeyId":1428864043,"senderChainKey":{"iteration":17,"seed":"AONrEyPoQqBTgdKZrPOZSnx1Nf30jOofrR1mYOoEWnE="},"senderSigningKey":{"public":"BT/T/2Z61jREza4E2xGGXG8XSN/YWibkmb3AbFRPbKUf"},"senderMessageKeys":[]},{"senderKeyId":811488647,"senderChainKey":{"iteration":4,"seed":"mDSqmzB5BabthgjU3WdfdGOFllVMMz8z4jHM6i7iT6E="},"senderSigningKey":{"public":"BQEi0jlq+Cfdb08d5xpdY/Uj2wE6MJSWxxF+ROGVHd45"},"senderMessageKeys":[]}]