[{"senderKeyId":1671273341,"senderChainKey":{"iteration":1,"seed":"rrnu8N/ZPObGwD5Td5kPSFZ0f/I0FDBd6Ag3oEUJq94="},"senderSigningKey":{"public":"BWbn6tZhJxQNga4lVK7mlUv2CXb/Q00ObVhLmOI1FEMz"},"senderMessageKeys":[]},{"senderKeyId":429060549,"senderChainKey":{"iteration":109,"seed":"eTwaX2DS+oAO+JnKawxfStbtsLyqogooGKzpCWCMdVE="},"senderSigningKey":{"public":"BUrKAxQCwhOwO0uF/mAnIG8XvzK8Bg8rIFxIKVNJcAk0"},"senderMessageKeys":[{},{},{},{}]},{"senderKeyId":429060549,"senderChainKey":{"iteration":91,"seed":"lnqx+Kw0mbHJbPpZHRK/vpkyfo9cbamEi5zffwDFnnY="},"senderSigningKey":{"public":"BUrKAxQCwhOwO0uF/mAnIG8XvzK8Bg8rIFxIKVNJcAk0"},"senderMessageKeys":[]},{"senderKeyId":429060549,"senderChainKey":{"iteration":95,"seed":"XmFiIgt3YwN9ILNPzaWzmtuani6SaIpE3VSy0+ZyDnM="},"senderSigningKey":{"public":"BUrKAxQCwhOwO0uF/mAnIG8XvzK8Bg8rIFxIKVNJcAk0"},"senderMessageKeys":[]}]