[{"senderKeyId":255162601,"senderChainKey":{"iteration":20,"seed":"1hF7KOFZ5RwVdN5RyRXAOOGv2+QXEXTnzVvsYGdL1Xk="},"senderSigningKey":{"public":"BcdoA9uEYKNGDT1f6QkyIFlBajxlcTOE/82vJb58u3pv"},"senderMessageKeys":[]},{"senderKeyId":1509392298,"senderChainKey":{"iteration":170,"seed":"KWxVjHoQc7g1ErgOn7pAtyYYEStBzzNb8T69ZYlyYjs="},"senderSigningKey":{"public":"BXNskqDox+oRAY/SSeXNlon+ydJmZbLah9IuiSq+lxFV"},"senderMessageKeys":[{},{},{},{},{},{}]},{"senderKeyId":1509392298,"senderChainKey":{"iteration":131,"seed":"wDj77hTgay06nttvIgQJ4OYGbnjUGC9FC16Q5jeAylc="},"senderSigningKey":{"public":"BXNskqDox+oRAY/SSeXNlon+ydJmZbLah9IuiSq+lxFV"},"senderMessageKeys":[]},{"senderKeyId":1509392298,"senderChainKey":{"iteration":143,"seed":"DcjUbIv9Bw4ZZTS6XnlYLx/brJDHkFkpyTYOoRCJtlo="},"senderSigningKey":{"public":"BXNskqDox+oRAY/SSeXNlon+ydJmZbLah9IuiSq+lxFV"},"senderMessageKeys":[]},{"senderKeyId":248358869,"senderChainKey":{"iteration":42,"seed":"HmdlISOSM9AsetZM1/y6laxSpsgcNcISZhMPgM/T6a8="},"senderSigningKey":{"public":"BbM18i6rkQsuR7qGis6aG+k1fU3mBEWF5IBYxkVvgAV5"},"senderMessageKeys":[]},{"senderKeyId":248358869,"senderChainKey":{"iteration":2,"seed":"2LIOC58G9hEyMAmR/JRphIdMBZO1uCV9enS+ZLrJ+zA="},"senderSigningKey":{"public":"BbM18i6rkQsuR7qGis6aG+k1fU3mBEWF5IBYxkVvgAV5"},"senderMessageKeys":[]}]