[{"senderKeyId":539606546,"senderChainKey":{"iteration":1,"seed":"/tKSzaLUFU84r5BfCF6Wsk5X57hrQXSO4N8LLdZYg2s="},"senderSigningKey":{"public":"BYmwkGHlZOBAM+xQIpc2UWkajxyW+RX68suJ/Fk8Vu1Z"},"senderMessageKeys":[]},{"senderKeyId":459257236,"senderChainKey":{"iteration":1,"seed":"aKZZ3GkupWQLcub6/+tDe6mLzQFX9554ayZ0zxHKqWk="},"senderSigningKey":{"public":"BY6rkNY1OjypDa21/N7ICf8xrmHqOifaNbHnjWOvqPsK"},"senderMessageKeys":[]},{"senderKeyId":816141855,"senderChainKey":{"iteration":11,"seed":"Js3ejic7/UVmwSFVQ/9dVAdTi2I16p1lztEdofx+o7c="},"senderSigningKey":{"public":"BZVrDFU1ZEV53RhoFdPTNEjBUQvpBjpuYHgnTrN1rG81"},"senderMessageKeys":[]}]