[{"senderKeyId":1226044225,"senderChainKey":{"iteration":1,"seed":"fIKYUewwO7wHHQ49HSqDSAI9JfhLK5c6sb5HPT6f7pE="},"senderSigningKey":{"public":"Ba5HFxIzkN/L3C/r+ZH/TS5TIRGZj4cr347u9wA/JYB6"},"senderMessageKeys":[]},{"senderKeyId":306097746,"senderChainKey":{"iteration":2,"seed":"mSta4O3wmFFiFfsk9gzgctWxwfQysbItbsmNsQNXBvM="},"senderSigningKey":{"public":"BRGvJdEIbSMlx9ahps+7YsCaUGfvk1mVOALVKzQDE85u"},"senderMessageKeys":[]},{"senderKeyId":1091336512,"senderChainKey":{"iteration":5,"seed":"o8grnNrolUOMj6Ky/JyKnPW95KXvyRBT/ramI3UJTdM="},"senderSigningKey":{"public":"Bd77el0n2cQgqfLXKzCoThYqIugWP3E6vz9qy2HapI1+"},"senderMessageKeys":[]},{"senderKeyId":1091336512,"senderChainKey":{"iteration":4,"seed":"OMooGUu7jaxrz0bScmp9OzlxHtklAkYJNmTRa5z6LG4="},"senderSigningKey":{"public":"Bd77el0n2cQgqfLXKzCoThYqIugWP3E6vz9qy2HapI1+"},"senderMessageKeys":[]},{"senderKeyId":521433687,"senderChainKey":{"iteration":4,"seed":"D79+PPT5YUvrRjY26Sfkrv6gA1xHp7CbqmuciofSbdE="},"senderSigningKey":{"public":"BRj70oAIzsFg3if34LMGfNdVak4AgxEssr9AxmNWKWoB"},"senderMessageKeys":[]},{"senderKeyId":521433687,"senderChainKey":{"iteration":2,"seed":"5K1rNO03TXhnRw3HFT+4KisFdEbaHksbraxJTe5C7m8="},"senderSigningKey":{"public":"BRj70oAIzsFg3if34LMGfNdVak4AgxEssr9AxmNWKWoB"},"senderMessageKeys":[]},{"senderKeyId":1517823100,"senderChainKey":{"iteration":12,"seed":"Je/OKywag0pfEG2MelbC0nPdDv8i5UigolztuIQp3xA="},"senderSigningKey":{"public":"BcsQZzjeGi3c2bQ362KUY9KEaGvsl86oonKtfjk9kBB/"},"senderMessageKeys":[]}]