[{"senderKeyId":833219989,"senderChainKey":{"iteration":3,"seed":"hsZjZi7ljnMu4gMziVSN7myLu7hcszme6E1jT83erEQ="},"senderSigningKey":{"public":"BeDRMyKnlsQ5iRRgLxDAbUZjFD+3xEWqtQERWo16J0wr"},"senderMessageKeys":[]},{"senderKeyId":555222797,"senderChainKey":{"iteration":12,"seed":"e4P8AtNNu5W9kydfJizwPSgq4lNjVnJ9yGd3o79BF6M="},"senderSigningKey":{"public":"BSaAGi5tjpmZy0WG+UTu/jrxl2F4wa7C1QwgO4m7HM1n"},"senderMessageKeys":[]},{"senderKeyId":758333115,"senderChainKey":{"iteration":79,"seed":"3fcrVZaAE2/Le3P0FOBdlRLeZQd4BY1IScZJZNQUock="},"senderSigningKey":{"public":"BZzI7iaOjnUZ/Dpq32HHbSPeBxOgVBB2rKlAGtwf1/Vf"},"senderMessageKeys":[]},{"senderKeyId":758333115,"senderChainKey":{"iteration":62,"seed":"sURrt09Nx29UYLzGI43GtfLsu49FPBMCFnLIkaSSf+Q="},"senderSigningKey":{"public":"BZzI7iaOjnUZ/Dpq32HHbSPeBxOgVBB2rKlAGtwf1/Vf"},"senderMessageKeys":[]},{"senderKeyId":758333115,"senderChainKey":{"iteration":67,"seed":"LwmP7tgA432XRGZ6Iubb4n43ujuvVBq6bZdEJiUP1co="},"senderSigningKey":{"public":"BZzI7iaOjnUZ/Dpq32HHbSPeBxOgVBB2rKlAGtwf1/Vf"},"senderMessageKeys":[]},{"senderKeyId":102661947,"senderChainKey":{"iteration":1,"seed":"wTZ4uXS+dttOVhR3ugLjn8LgrnMByh33I/ZL9PN6F4Y="},"senderSigningKey":{"public":"BbWI5o2v/7lIus+hTTcq6Hlw7aBN3DUy8GiQcpuIDp16"},"senderMessageKeys":[]},{"senderKeyId":465171675,"senderChainKey":{"iteration":20,"seed":"g5kYcYz/mC0l5jLz0Y2V9dw7Mbgubs3vRHeBLEw3LUs="},"senderSigningKey":{"public":"BeVRixhCVeanBi8gmg0F/zDAM68hED/h+mBaebBnYX1z"},"senderMessageKeys":[]},{"senderKeyId":2003483123,"senderChainKey":{"iteration":49,"seed":"G77EK2GQdjX9gShpgF440VBECBBNRFemR2l2AJaXvSA="},"senderSigningKey":{"public":"BXbE0PvTbZ46rKG/B0hd3/BpIMMj+t5uqPMEz49uJ70r"},"senderMessageKeys":[]}]