[{"senderKeyId":1208413424,"senderChainKey":{"iteration":4,"seed":"PrRWLqSepBFyn7c6nlCqkVl6RhW8k6usKLFgFD1vEMo="},"senderSigningKey":{"public":"BU8bqeG7ra0jZbPjfUF0WlDNmm5NqQRodbEL+cLHxqJ0"},"senderMessageKeys":[]},{"senderKeyId":456923346,"senderChainKey":{"iteration":17,"seed":"tejJPOW+Zzvfa4rfDtTM7K+fmy30upJrel2ZRNEL/Ts="},"senderSigningKey":{"public":"BVTpie6qd2N9wmfOuMsTViYsPVWlvKMGHRZNvyc+0RU2"},"senderMessageKeys":[]},{"senderKeyId":1152085925,"senderChainKey":{"iteration":31,"seed":"hq+IACyKakHuUHYyARMnp5qcNKrp1dNSK5LI/V8Qd1o="},"senderSigningKey":{"public":"BUo5X2fia3XfXMrjhUhDJGanMtGaox3qaZSI2kdGAM4T"},"senderMessageKeys":[]}]