[{"senderKeyId":604255138,"senderChainKey":{"iteration":1,"seed":"h/yR0qL2Uz5hv6QBSfo5Atz/tGuLX+CZRxfnZFqOb8M="},"senderSigningKey":{"public":"BciJrT0p/bXRVI+ySmFLS1WDhIFNDbKZDqm9M0OBSQl2"},"senderMessageKeys":[]},{"senderKeyId":514843023,"senderChainKey":{"iteration":1,"seed":"Uw01y/2D3/vK+uFXamm0Pyr3SCI+spPZKhdVuiq/kRo="},"senderSigningKey":{"public":"BX0nQO060CEQurP/Dy9UOZMJbnvwdO8RarfKTQeyix5z"},"senderMessageKeys":[]},{"senderKeyId":2035049236,"senderChainKey":{"iteration":4,"seed":"6aypfyBFSEJpHtOddy3pP/twViRa0V3PkBODiHEItoc="},"senderSigningKey":{"public":"BTQmDJY2w1DjeyPWrsDwWuFhpwS09nyRen6BAQjEkh5y"},"senderMessageKeys":[]},{"senderKeyId":196422411,"senderChainKey":{"iteration":1,"seed":"SB4pJOjloT4g29UikN3iys2rForrJKMyClJxcobtHM0="},"senderSigningKey":{"public":"BXNcklwbO+uqR6SlW7YwvJHB/n9yu4RQFg7TodAQWE98"},"senderMessageKeys":[]},{"senderKeyId":1363239454,"senderChainKey":{"iteration":1,"seed":"Hq6A6MgDitv8OL+VrYNPWPBM6r0JtHPOa4WtlGf00hM="},"senderSigningKey":{"public":"BX/N35yFKiRLUkPzhHk+gSQDHycCTtsbbcEDkCUFjQ10"},"senderMessageKeys":[]},{"senderKeyId":970248048,"senderChainKey":{"iteration":2,"seed":"IadFRQRI8HOucyNZaX7vpaVsm0fIcnppgLxb64QH098="},"senderSigningKey":{"public":"BYiPNb1jHRpQcNEPynARNz3hPepIsaufKX0qczGg8O1g"},"senderMessageKeys":[]},{"senderKeyId":1369081980,"senderChainKey":{"iteration":2,"seed":"2yqWovQlUj7IDB+0fHvY5OgmSGFqJ6PioVqm4rq6QIk="},"senderSigningKey":{"public":"BeYSBpV+XEXhKLnOmAKrbZRIoGSUIqRIeGSc1E9FCt4u"},"senderMessageKeys":[]},{"senderKeyId":2045589029,"senderChainKey":{"iteration":1,"seed":"mtK9n8IRbeJL6fRDHGf1r/WkyQens48+KkAR4dqt91s="},"senderSigningKey":{"public":"BUVHdKSAKztp5oIVhlrQNyu8U+3LTvdS0QUIn/fu4utW"},"senderMessageKeys":[]},{"senderKeyId":401419499,"senderChainKey":{"iteration":2,"seed":"VdSVhQggVyNNWGVKvn87kNvIFEqmHrpLX2QHU02gb9Q="},"senderSigningKey":{"public":"BeDmOqzKEdnxglFoaY1bECccb0pxowrTc4mhPNzqhkcD"},"senderMessageKeys":[]}]