[{"senderKeyId":578881043,"senderChainKey":{"iteration":6,"seed":"CNx4LE3+xJ9gBjAg1j2G5/XN1qTP+HnuLaVhptwFdso="},"senderSigningKey":{"public":"BTxGgZGrTpy9rsUgveMDXv0Be8akpjpa4U8hqAFsL+YI"},"senderMessageKeys":[]},{"senderKeyId":578881043,"senderChainKey":{"iteration":3,"seed":"vqp7DkJUeUP0to/fV05MYBKCSP9H4w5SjWmx2mgRiMg="},"senderSigningKey":{"public":"BTxGgZGrTpy9rsUgveMDXv0Be8akpjpa4U8hqAFsL+YI"},"senderMessageKeys":[]},{"senderKeyId":1601068302,"senderChainKey":{"iteration":10,"seed":"zJILtBr86cJHuo9w479hPuLRrc+znWjDgP+UkXPORb8="},"senderSigningKey":{"public":"BYyisRY9OexuWyxEsZQ0jaSoZ5OM6z3O6ZddarY3aC17"},"senderMessageKeys":[]},{"senderKeyId":1489462160,"senderChainKey":{"iteration":4,"seed":"jXgZwBa/9rsEmQiQz1Lf8YppHHC4SKJKYHszFMpGkV8="},"senderSigningKey":{"public":"BbjMsjqzZERN9hlZBaXzo1E5fNDAUpS1CPb6Fzq2Hlko"},"senderMessageKeys":[]},{"senderKeyId":687467182,"senderChainKey":{"iteration":21,"seed":"/KvO0JTkZOLkvPvOovXyDSWurHlJRjm+Yo1Ra4yFHbw="},"senderSigningKey":{"public":"Ba6edHIoarPg3sWSEV5lM3cul95KwOlkEOazy+mZLPgl"},"senderMessageKeys":[]},{"senderKeyId":687467182,"senderChainKey":{"iteration":2,"seed":"Rjd8TRslu0wdbUkAmVt1lpoDdD02s5Ziiq4w2J5bLLU="},"senderSigningKey":{"public":"Ba6edHIoarPg3sWSEV5lM3cul95KwOlkEOazy+mZLPgl"},"senderMessageKeys":[]}]