[{"senderKeyId":1026613730,"senderChainKey":{"iteration":45,"seed":"XmZQFzI9mnJRAQ12o2vZ6hFednPDUZ//lAUy96G0Ktg="},"senderSigningKey":{"public":"BczVlcqw9Z4uvjf3g5tv5mTgdyz6nCdfIWh0yzlwOWQd"},"senderMessageKeys":[]},{"senderKeyId":1428640930,"senderChainKey":{"iteration":77,"seed":"7bEoONv7wlAT7KaNUyAo6+6x0F4hs/Gib1tVXM+UWgQ="},"senderSigningKey":{"public":"Bb0R8MPKI9TwnNKaLJg35hixF5wXweRznxzWjbFvsWgU"},"senderMessageKeys":[{},{},{},{}]},{"senderKeyId":1428640930,"senderChainKey":{"iteration":34,"seed":"DSFttF1TKoqQP7YewEiUOOcwcxctRYHo8M/cwFDBf+M="},"senderSigningKey":{"public":"Bb0R8MPKI9TwnNKaLJg35hixF5wXweRznxzWjbFvsWgU"},"senderMessageKeys":[]},{"senderKeyId":1428640930,"senderChainKey":{"iteration":48,"seed":"bcDYD3Huz1Kx3tTFNgdH/LXT6OsD4ZoyoUUMNwn8i8I="},"senderSigningKey":{"public":"Bb0R8MPKI9TwnNKaLJg35hixF5wXweRznxzWjbFvsWgU"},"senderMessageKeys":[]}]