[{"senderKeyId":1413437882,"senderChainKey":{"iteration":8,"seed":"PwPC4hg76umrjh9BnSBP9SDhfahCzMYMd+FOcc9U2fU="},"senderSigningKey":{"public":"BYfOZ46Ewp2uuUaquktrRTUaFgF7GhzyVgwY5fWDLela"},"senderMessageKeys":[]},{"senderKeyId":17918749,"senderChainKey":{"iteration":1,"seed":"d/PMkWADNGzmeSf+Eq3y2X11MxRFPI3iU0+CDt5XJaE="},"senderSigningKey":{"public":"Bf4Oz4xiRQcLh73WJePFutpyxFFOZmPQQw3GubCHyqAg"},"senderMessageKeys":[]},{"senderKeyId":1775022309,"senderChainKey":{"iteration":10,"seed":"qkY/O+fpCSvE17tBE/S5aZX4oIM7zkeq3vv3jjIzYVc="},"senderSigningKey":{"public":"BfnnMz7ZJL6scDqT2c6oAzjBsGe3UJdla7AifQUYEEJt"},"senderMessageKeys":[]},{"senderKeyId":215809634,"senderChainKey":{"iteration":1,"seed":"BRheXy0g39Dh1oIDfQ/y4N06s6Nre/8WHld0dNog4oY="},"senderSigningKey":{"public":"BQnvOwVUTTULLKjCmxpAx6YejfmFe6UKTonD5PJTmpBR"},"senderMessageKeys":[]},{"senderKeyId":340082106,"senderChainKey":{"iteration":4,"seed":"QrerjGogOUU9mntA98ofsW8yIoZ9zLB0Hp1HFu8yyoA="},"senderSigningKey":{"public":"Bd+F/MfHEwqmkIgBbSnFEYW7VpnZIHMAsXSyi8HIgC8C"},"senderMessageKeys":[]}]