[{"senderKeyId":2496984,"senderChainKey":{"iteration":3,"seed":"OJWrwWSJEqC0AnMNUUBp+nCml3RIQLn1aLn48U1xtuE="},"senderSigningKey":{"public":"BQSlfaFoXIprNcyrYu8FFgp1tI8O0WsMUciRNDQEcM1L"},"senderMessageKeys":[]},{"senderKeyId":365444669,"senderChainKey":{"iteration":18,"seed":"h77MyOXk6/PCGAexd6QjRyaxSwC0Mc4Nt9y921XJyNM="},"senderSigningKey":{"public":"BdIj7D8Lo8Q3LjvsaJEAhBmF5PV/RIMqz7oSSHKrIt9V"},"senderMessageKeys":[{}]},{"senderKeyId":365444669,"senderChainKey":{"iteration":8,"seed":"dukWPnU7cfd4CdMEoIc1rVYrEiEg+EuADXyDYaJUmps="},"senderSigningKey":{"public":"BdIj7D8Lo8Q3LjvsaJEAhBmF5PV/RIMqz7oSSHKrIt9V"},"senderMessageKeys":[]},{"senderKeyId":365444669,"senderChainKey":{"iteration":12,"seed":"5jw5pkR62whrFvMBo5+JIL/Bz2TJ55zL6LlBwy2GgSE="},"senderSigningKey":{"public":"BdIj7D8Lo8Q3LjvsaJEAhBmF5PV/RIMqz7oSSHKrIt9V"},"senderMessageKeys":[]},{"senderKeyId":1654073111,"senderChainKey":{"iteration":3,"seed":"/Eqxzlm/HkGMk4b61+xZRa0d+MiYebhhOsDbSfNLq38="},"senderSigningKey":{"public":"Bc+y0KVEgO8SZlRcSD2AhxCqMrehW0EFu8c5ggR1z0pz"},"senderMessageKeys":[]},{"senderKeyId":1654073111,"senderChainKey":{"iteration":1,"seed":"ukU5OVuPP3E3UEg0qMn/wlw3Hk9PmGCHt0nJst3/i7g="},"senderSigningKey":{"public":"Bc+y0KVEgO8SZlRcSD2AhxCqMrehW0EFu8c5ggR1z0pz"},"senderMessageKeys":[]},{"senderKeyId":172603431,"senderChainKey":{"iteration":41,"seed":"unv1q9MAJWT5SIyRGCAq/5pXVS/BKQD5BZFK1og9TwQ="},"senderSigningKey":{"public":"BQMVPqtb83JUKGGSf1qIXO1BZjfgyDysVg3zDnsR745D"},"senderMessageKeys":[{},{},{},{},{},{},{},{},{},{},{},{},{},{},{},{},{},{},{},{},{},{},{},{},{},{},{},{},{},{}]}]