[{"senderKeyId":1664568630,"senderChainKey":{"iteration":327,"seed":"+1UWX9MuZvfX1Cx8ggV1rzG7b8AW2N2YyUtRijRF5xM="},"senderSigningKey":{"public":"BRN/FUitjuLWtbpkxE+iHNQ8/X/Vf6gYLNSdy9r6wDZV"},"senderMessageKeys":[{},{}]},{"senderKeyId":1664568630,"senderChainKey":{"iteration":303,"seed":"E6i0wW3YGXE1S90fz3cRrGZCd2yOVqRx/P9HJCa2kyk="},"senderSigningKey":{"public":"BRN/FUitjuLWtbpkxE+iHNQ8/X/Vf6gYLNSdy9r6wDZV"},"senderMessageKeys":[]},{"senderKeyId":89146374,"senderChainKey":{"iteration":104,"seed":"qK5g6DGwkeRtDXlRawkQp3EEXdej30Brzkv4SEd6Xj8="},"senderSigningKey":{"public":"Bcbgv70dRbgl0AtshtRaU0f/GxXtRS1VLaU9gzKLwgUc"},"senderMessageKeys":[{},{},{},{},{},{},{},{},{},{},{},{},{},{},{},{},{},{},{},{},{},{},{},{},{},{},{},{},{},{},{},{},{},{},{},{},{},{},{},{},{},{},{},{},{},{},{},{},{}]}]