[{"senderKeyId":1876712850,"senderChainKey":{"iteration":1,"seed":"GYM4bqinfwWmxCiZ4YizxZeV/vOfhWlv7t3SOS6Z9nc="},"senderSigningKey":{"public":"Bcg4MFAm2IAp4inYPsWb8H4ExaoljVE8rAUCFJlzOZxh"},"senderMessageKeys":[]},{"senderKeyId":1577363506,"senderChainKey":{"iteration":1,"seed":"hKwW7wFIRY3V66R85aEVoRzM8VrbaStnvEKmOyq1BRg="},"senderSigningKey":{"public":"BfrwaUENumqhOsiiwLgvc9T7jqplUJl9Uu4PdIQxfLtG"},"senderMessageKeys":[]},{"senderKeyId":1888950740,"senderChainKey":{"iteration":1,"seed":"Njz3avI4eHDb3GCsif27g2Ri9FMSPbZgSYSI9ikfVks="},"senderSigningKey":{"public":"BcAZo0e0BTzemSAXN1SZjwhNyuFi0FvuofvPwweOpTB1"},"senderMessageKeys":[]}]