[{"senderKeyId":140374308,"senderChainKey":{"iteration":46,"seed":"eq4DR1Vovgnb/zxx9VNN+ZjaEkz5u7wDk2YMk35FMtg="},"senderSigningKey":{"public":"BQEa7bmGtN7Aw9GES6/QJOXmmZ6yNopj6ZhANlgyDwVT"},"senderMessageKeys":[{},{},{},{}]},{"senderKeyId":140374308,"senderChainKey":{"iteration":17,"seed":"8Q5xabCaG9qYZhGa3d8y60SLsNEqSNOOUB3b7wEr0z8="},"senderSigningKey":{"public":"BQEa7bmGtN7Aw9GES6/QJOXmmZ6yNopj6ZhANlgyDwVT"},"senderMessageKeys":[]},{"senderKeyId":1342536006,"senderChainKey":{"iteration":1,"seed":"hG4y36gFd9KOdVGVG09lvQGc4hf42kd85Ixc8lZE5eU="},"senderSigningKey":{"public":"BeELp6wDQReAoqkQa/9XfbYJ2tOfm8WxSczBKOLHbLgM"},"senderMessageKeys":[]},{"senderKeyId":1342536006,"senderChainKey":{"iteration":8,"seed":"y6i71jTNt3SWI20Y0nwnMg7Jhb3lLbG4pXcW4bbmg2U="},"senderSigningKey":{"public":"BeELp6wDQReAoqkQa/9XfbYJ2tOfm8WxSczBKOLHbLgM"},"senderMessageKeys":[]},{"senderKeyId":1342536006,"senderChainKey":{"iteration":8,"seed":"y6i71jTNt3SWI20Y0nwnMg7Jhb3lLbG4pXcW4bbmg2U="},"senderSigningKey":{"public":"BeELp6wDQReAoqkQa/9XfbYJ2tOfm8WxSczBKOLHbLgM"},"senderMessageKeys":[]},{"senderKeyId":1342536006,"senderChainKey":{"iteration":8,"seed":"y6i71jTNt3SWI20Y0nwnMg7Jhb3lLbG4pXcW4bbmg2U="},"senderSigningKey":{"public":"BeELp6wDQReAoqkQa/9XfbYJ2tOfm8WxSczBKOLHbLgM"},"senderMessageKeys":[]},{"senderKeyId":1342536006,"senderChainKey":{"iteration":8,"seed":"y6i71jTNt3SWI20Y0nwnMg7Jhb3lLbG4pXcW4bbmg2U="},"senderSigningKey":{"public":"BeELp6wDQReAoqkQa/9XfbYJ2tOfm8WxSczBKOLHbLgM"},"senderMessageKeys":[]},{"senderKeyId":1342536006,"senderChainKey":{"iteration":8,"seed":"y6i71jTNt3SWI20Y0nwnMg7Jhb3lLbG4pXcW4bbmg2U="},"senderSigningKey":{"public":"BeELp6wDQReAoqkQa/9XfbYJ2tOfm8WxSczBKOLHbLgM"},"senderMessageKeys":[]},{"senderKeyId":1342536006,"senderChainKey":{"iteration":8,"seed":"y6i71jTNt3SWI20Y0nwnMg7Jhb3lLbG4pXcW4bbmg2U="},"senderSigningKey":{"public":"BeELp6wDQReAoqkQa/9XfbYJ2tOfm8WxSczBKOLHbLgM"}}]