[{"senderKeyId":1052880734,"senderChainKey":{"iteration":76,"seed":"/AVDoSwbyzbloTIcLH5gIBVl6LRRwWkdDtqZ5Px39pI="},"senderSigningKey":{"public":"BU72FExRBcLJ4hbHMW7Hl7kvnrILOwBQmow9nBNQ5PUl"},"senderMessageKeys":[{}]},{"senderKeyId":1052880734,"senderChainKey":{"iteration":45,"seed":"4poJxtneDTZaku/M8iEYJOys5oS6WXh/iEB93tvOgRY="},"senderSigningKey":{"public":"BU72FExRBcLJ4hbHMW7Hl7kvnrILOwBQmow9nBNQ5PUl"},"senderMessageKeys":[]},{"senderKeyId":185172318,"senderChainKey":{"iteration":72,"seed":"u9A919sSwHIEf+3KczXjVwEhqox7v+oNZNgI8Ht/BfE="},"senderSigningKey":{"public":"BTaVYdlxINNnHGokUJQXXk/DuAGfTsAeaWWpoy1lqX4d"},"senderMessageKeys":[{}]},{"senderKeyId":185172318,"senderChainKey":{"iteration":52,"seed":"924uxYip6b56nQKO+e4FVT2/eDKlo6PkhNtjK6tMyoo="},"senderSigningKey":{"public":"BTaVYdlxINNnHGokUJQXXk/DuAGfTsAeaWWpoy1lqX4d"},"senderMessageKeys":[]},{"senderKeyId":185172318,"senderChainKey":{"iteration":60,"seed":"g6Uptka2p2dRHCCh1CNNdR689X+iRMWPqyMDd9/Qgx8="},"senderSigningKey":{"public":"BTaVYdlxINNnHGokUJQXXk/DuAGfTsAeaWWpoy1lqX4d"},"senderMessageKeys":[]},{"senderKeyId":185172318,"senderChainKey":{"iteration":63,"seed":"XcVc9SiwLIhxgEl1doIxZsGVEtOoC9pu+iwk/cWV6fk="},"senderSigningKey":{"public":"BTaVYdlxINNnHGokUJQXXk/DuAGfTsAeaWWpoy1lqX4d"},"senderMessageKeys":[]},{"senderKeyId":1565734622,"senderChainKey":{"iteration":6,"seed":"7nW/FLCOEKyOsaSKW0wL2e5ebFPiQ9WcDCv+dpmtTPw="},"senderSigningKey":{"public":"BZbcfyO+ETqiNtpCKI4+cYlj/wIrCSS/Pmm++kOFYCJi"},"senderMessageKeys":[]},{"senderKeyId":1260794676,"senderChainKey":{"iteration":19,"seed":"1iLq1zyCymMBAlk2J3KLNKZt8JR5nU/Q2fj304uc1yI="},"senderSigningKey":{"public":"BeqdRQwhGnnMtjQZfaJC+xRAoozRyj3Gaai8nWDO/iYk"},"senderMessageKeys":[]},{"senderKeyId":1260794676,"senderChainKey":{"iteration":15,"seed":"CLWIL8jzAeDmf1zJs1PeNiNZD9KcUyEyVk08MBPy7Bw="},"senderSigningKey":{"public":"BeqdRQwhGnnMtjQZfaJC+xRAoozRyj3Gaai8nWDO/iYk"},"senderMessageKeys":[]},{"senderKeyId":690882040,"senderChainKey":{"iteration":2,"seed":"2390oWYuBbPGvlQACBzyPVpFt2XSXk3GXjZ6SfZ/vE8="},"senderSigningKey":{"public":"BYfabooAoobocO3TVFb1QKa9HlJ/DFtFsmNdJ1e6i0pa"},"senderMessageKeys":[]}]