[{"senderKeyId":878060683,"senderChainKey":{"iteration":45,"seed":"dSa1BvPidTShe7nZmNrbG4CIgTelzuzdjEcyzRWiuto="},"senderSigningKey":{"public":"BS3aF4f446nL288ql8qQgKKOfyPdc8SaxBD409HAea0S"},"senderMessageKeys":[]},{"senderKeyId":878060683,"senderChainKey":{"iteration":24,"seed":"PkCivDbhBG5czGZ6vS7KXhsLJB+5DCBlCQ3PluUl3XU="},"senderSigningKey":{"public":"BS3aF4f446nL288ql8qQgKKOfyPdc8SaxBD409HAea0S"},"senderMessageKeys":[]},{"senderKeyId":1554586746,"senderChainKey":{"iteration":24,"seed":"YQyrly6vWqQIuAiR3ZlTI4kbIe0sNeyjSVvrcTZuvdU="},"senderSigningKey":{"public":"Bfk5BUq7FlJKJ0Tiqn+Enz1Ox+bZY61cxKeClPLUBI9P"},"senderMessageKeys":[]}]