[{"senderKeyId":1438672885,"senderChainKey":{"iteration":1,"seed":"HeUeFvo8KQQ6e+zhgwngNjsutpkMrudsdY3pro3nT+Q="},"senderSigningKey":{"public":"BWHAdyK2dsiYzAHywaHtS/TGBMfJBIf0SVpBlfdixM4l"},"senderMessageKeys":[]},{"senderKeyId":75356043,"senderChainKey":{"iteration":17,"seed":"OlkxGZofJw527K+YZn7WfdUJTcdq+GqQRA7Rk44E0sM="},"senderSigningKey":{"public":"BeNji/raN9fobzAP/nrpQALHyhuR28O2q3+mJYXOApsC"},"senderMessageKeys":[]},{"senderKeyId":75356043,"senderChainKey":{"iteration":11,"seed":"vy/yVm+6U46oxnIv1igVEAaIh8vbxthSzV/b5vStz2w="},"senderSigningKey":{"public":"BeNji/raN9fobzAP/nrpQALHyhuR28O2q3+mJYXOApsC"},"senderMessageKeys":[]},{"senderKeyId":529642570,"senderChainKey":{"iteration":49,"seed":"kgtHQP8ipdRQq+kKRbB225FHMcS/ntMRR8N3BxXMi6Q="},"senderSigningKey":{"public":"BVLd/BdHZhcjdwso3luGbtlimRvNY8EFVKjkeyRgB5gN"},"senderMessageKeys":[{},{}]},{"senderKeyId":529642570,"senderChainKey":{"iteration":23,"seed":"ZO5yHbinpA55+3OPFDZStIwCkyS1gfrALxUwZp521Xs="},"senderSigningKey":{"public":"BVLd/BdHZhcjdwso3luGbtlimRvNY8EFVKjkeyRgB5gN"},"senderMessageKeys":[]},{"senderKeyId":529642570,"senderChainKey":{"iteration":31,"seed":"eLedRzotv/h2lIlCfhrciP5HLwA0paxv9Vhv+NiekgI="},"senderSigningKey":{"public":"BVLd/BdHZhcjdwso3luGbtlimRvNY8EFVKjkeyRgB5gN"},"senderMessageKeys":[]},{"senderKeyId":782961053,"senderChainKey":{"iteration":66,"seed":"Sb0YPdvcNl3h/GcFb52rEnCqcX5fs3++YgJvBIbbx/w="},"senderSigningKey":{"public":"BeNCH4M4SHMrFYbdypJsrIKRf9rpI+RQNREvrh9jF456"},"senderMessageKeys":[{},{},{},{},{},{},{},{},{},{},{},{},{},{},{},{},{},{},{},{},{},{},{},{},{},{},{},{},{},{},{},{},{},{},{},{},{}]},{"senderKeyId":782961053,"senderChainKey":{"iteration":49,"seed":"Bj2bB+7X/6zZwtDa4Ntr4yrNVo5YthmF+QuywkIAQ/8="},"senderSigningKey":{"public":"BeNCH4M4SHMrFYbdypJsrIKRf9rpI+RQNREvrh9jF456"},"senderMessageKeys":[]},{"senderKeyId":782961053,"senderChainKey":{"iteration":50,"seed":"WEP6vaPWvAQMQ5lfwdwtjiFVIW/gGeZUV6tXvUm/Yuo="},"senderSigningKey":{"public":"BeNCH4M4SHMrFYbdypJsrIKRf9rpI+RQNREvrh9jF456"},"senderMessageKeys":[]},{"senderKeyId":782961053,"senderChainKey":{"iteration":50,"seed":"WEP6vaPWvAQMQ5lfwdwtjiFVIW/gGeZUV6tXvUm/Yuo="},"senderSigningKey":{"public":"BeNCH4M4SHMrFYbdypJsrIKRf9rpI+RQNREvrh9jF456"},"senderMessageKeys":[]},{"senderKeyId":782961053,"senderChainKey":{"iteration":50,"seed":"WEP6vaPWvAQMQ5lfwdwtjiFVIW/gGeZUV6tXvUm/Yuo="},"senderSigningKey":{"public":"BeNCH4M4SHMrFYbdypJsrIKRf9rpI+RQNREvrh9jF456"},"senderMessageKeys":[]},{"senderKeyId":782961053,"senderChainKey":{"iteration":51,"seed":"p69/YLDlqOf2beGlLrdRIx+OmHplJS/2vQUhfO3QF7U="},"senderSigningKey":{"public":"BeNCH4M4SHMrFYbdypJsrIKRf9rpI+RQNREvrh9jF456"},"senderMessageKeys":[]},{"senderKeyId":782961053,"senderChainKey":{"iteration":51,"seed":"p69/YLDlqOf2beGlLrdRIx+OmHplJS/2vQUhfO3QF7U="},"senderSigningKey":{"public":"BeNCH4M4SHMrFYbdypJsrIKRf9rpI+RQNREvrh9jF456"},"senderMessageKeys":[]},{"senderKeyId":782961053,"senderChainKey":{"iteration":51,"seed":"p69/YLDlqOf2beGlLrdRIx+OmHplJS/2vQUhfO3QF7U="},"senderSigningKey":{"public":"BeNCH4M4SHMrFYbdypJsrIKRf9rpI+RQNREvrh9jF456"},"senderMessageKeys":[]},{"senderKeyId":782961053,"senderChainKey":{"iteration":51,"seed":"p69/YLDlqOf2beGlLrdRIx+OmHplJS/2vQUhfO3QF7U="},"senderSigningKey":{"public":"BeNCH4M4SHMrFYbdypJsrIKRf9rpI+RQNREvrh9jF456"},"senderMessageKeys":[]},{"senderKeyId":782961053,"senderChainKey":{"iteration":51,"seed":"p69/YLDlqOf2beGlLrdRIx+OmHplJS/2vQUhfO3QF7U="},"senderSigningKey":{"public":"BeNCH4M4SHMrFYbdypJsrIKRf9rpI+RQNREvrh9jF456"},"senderMessageKeys":[]},{"senderKeyId":782961053,"senderChainKey":{"iteration":51,"seed":"p69/YLDlqOf2beGlLrdRIx+OmHplJS/2vQUhfO3QF7U="},"senderSigningKey":{"public":"BeNCH4M4SHMrFYbdypJsrIKRf9rpI+RQNREvrh9jF456"},"senderMessageKeys":[]},{"senderKeyId":782961053,"senderChainKey":{"iteration":51,"seed":"p69/YLDlqOf2beGlLrdRIx+OmHplJS/2vQUhfO3QF7U="},"senderSigningKey":{"public":"BeNCH4M4SHMrFYbdypJsrIKRf9rpI+RQNREvrh9jF456"},"senderMessageKeys":[]},{"senderKeyId":782961053,"senderChainKey":{"iteration":51,"seed":"p69/YLDlqOf2beGlLrdRIx+OmHplJS/2vQUhfO3QF7U="},"senderSigningKey":{"public":"BeNCH4M4SHMrFYbdypJsrIKRf9rpI+RQNREvrh9jF456"},"senderMessageKeys":[]},{"senderKeyId":782961053,"senderChainKey":{"iteration":51,"seed":"p69/YLDlqOf2beGlLrdRIx+OmHplJS/2vQUhfO3QF7U="},"senderSigningKey":{"public":"BeNCH4M4SHMrFYbdypJsrIKRf9rpI+RQNREvrh9jF456"},"senderMessageKeys":[]},{"senderKeyId":782961053,"senderChainKey":{"iteration":52,"seed":"IFD0mUyO0be9NrFwAHkRcFm4ng+H/pIb1G8e2oeEHXs="},"senderSigningKey":{"public":"BeNCH4M4SHMrFYbdypJsrIKRf9rpI+RQNREvrh9jF456"},"senderMessageKeys":[]},{"senderKeyId":782961053,"senderChainKey":{"iteration":53,"seed":"Qr6btxyHMlxtJSYj720antlv6UmxbHY3W1RVt0HwQaA="},"senderSigningKey":{"public":"BeNCH4M4SHMrFYbdypJsrIKRf9rpI+RQNREvrh9jF456"},"senderMessageKeys":[]},{"senderKeyId":782961053,"senderChainKey":{"iteration":53,"seed":"Qr6btxyHMlxtJSYj720antlv6UmxbHY3W1RVt0HwQaA="},"senderSigningKey":{"public":"BeNCH4M4SHMrFYbdypJsrIKRf9rpI+RQNREvrh9jF456"},"senderMessageKeys":[]},{"senderKeyId":782961053,"senderChainKey":{"iteration":54,"seed":"6KesmETyMCwppEUvBvRR6wEkCTd/lb9B0CS7bJz9cWg="},"senderSigningKey":{"public":"BeNCH4M4SHMrFYbdypJsrIKRf9rpI+RQNREvrh9jF456"},"senderMessageKeys":[]},{"senderKeyId":782961053,"senderChainKey":{"iteration":54,"seed":"6KesmETyMCwppEUvBvRR6wEkCTd/lb9B0CS7bJz9cWg="},"senderSigningKey":{"public":"BeNCH4M4SHMrFYbdypJsrIKRf9rpI+RQNREvrh9jF456"},"senderMessageKeys":[]},{"senderKeyId":782961053,"senderChainKey":{"iteration":55,"seed":"nsFXL5U6rNlRLGnQGEBxnC6Y8kB5bPOevPyxH0oQ3cw="},"senderSigningKey":{"public":"BeNCH4M4SHMrFYbdypJsrIKRf9rpI+RQNREvrh9jF456"},"senderMessageKeys":[]},{"senderKeyId":782961053,"senderChainKey":{"iteration":55,"seed":"nsFXL5U6rNlRLGnQGEBxnC6Y8kB5bPOevPyxH0oQ3cw="},"senderSigningKey":{"public":"BeNCH4M4SHMrFYbdypJsrIKRf9rpI+RQNREvrh9jF456"},"senderMessageKeys":[]},{"senderKeyId":782961053,"senderChainKey":{"iteration":55,"seed":"nsFXL5U6rNlRLGnQGEBxnC6Y8kB5bPOevPyxH0oQ3cw="},"senderSigningKey":{"public":"BeNCH4M4SHMrFYbdypJsrIKRf9rpI+RQNREvrh9jF456"},"senderMessageKeys":[]},{"senderKeyId":782961053,"senderChainKey":{"iteration":55,"seed":"nsFXL5U6rNlRLGnQGEBxnC6Y8kB5bPOevPyxH0oQ3cw="},"senderSigningKey":{"public":"BeNCH4M4SHMrFYbdypJsrIKRf9rpI+RQNREvrh9jF456"},"senderMessageKeys":[]},{"senderKeyId":782961053,"senderChainKey":{"iteration":55,"seed":"nsFXL5U6rNlRLGnQGEBxnC6Y8kB5bPOevPyxH0oQ3cw="},"senderSigningKey":{"public":"BeNCH4M4SHMrFYbdypJsrIKRf9rpI+RQNREvrh9jF456"},"senderMessageKeys":[]},{"senderKeyId":782961053,"senderChainKey":{"iteration":55,"seed":"nsFXL5U6rNlRLGnQGEBxnC6Y8kB5bPOevPyxH0oQ3cw="},"senderSigningKey":{"public":"BeNCH4M4SHMrFYbdypJsrIKRf9rpI+RQNREvrh9jF456"},"senderMessageKeys":[]},{"senderKeyId":782961053,"senderChainKey":{"iteration":56,"seed":"lAFRlUPexRSyMSzMyvDRl4zveK9t00KtWc96rurB8QU="},"senderSigningKey":{"public":"BeNCH4M4SHMrFYbdypJsrIKRf9rpI+RQNREvrh9jF456"},"senderMessageKeys":[]},{"senderKeyId":782961053,"senderChainKey":{"iteration":56,"seed":"lAFRlUPexRSyMSzMyvDRl4zveK9t00KtWc96rurB8QU="},"senderSigningKey":{"public":"BeNCH4M4SHMrFYbdypJsrIKRf9rpI+RQNREvrh9jF456"},"senderMessageKeys":[]},{"senderKeyId":782961053,"senderChainKey":{"iteration":56,"seed":"lAFRlUPexRSyMSzMyvDRl4zveK9t00KtWc96rurB8QU="},"senderSigningKey":{"public":"BeNCH4M4SHMrFYbdypJsrIKRf9rpI+RQNREvrh9jF456"},"senderMessageKeys":[]},{"senderKeyId":782961053,"senderChainKey":{"iteration":57,"seed":"4qLWwS+/1qgoaF7A/zGvUNVjNSjiaCygByhI4rfUNW0="},"senderSigningKey":{"public":"BeNCH4M4SHMrFYbdypJsrIKRf9rpI+RQNREvrh9jF456"},"senderMessageKeys":[]},{"senderKeyId":782961053,"senderChainKey":{"iteration":57,"seed":"4qLWwS+/1qgoaF7A/zGvUNVjNSjiaCygByhI4rfUNW0="},"senderSigningKey":{"public":"BeNCH4M4SHMrFYbdypJsrIKRf9rpI+RQNREvrh9jF456"},"senderMessageKeys":[]},{"senderKeyId":782961053,"senderChainKey":{"iteration":57,"seed":"4qLWwS+/1qgoaF7A/zGvUNVjNSjiaCygByhI4rfUNW0="},"senderSigningKey":{"public":"BeNCH4M4SHMrFYbdypJsrIKRf9rpI+RQNREvrh9jF456"},"senderMessageKeys":[]},{"senderKeyId":782961053,"senderChainKey":{"iteration":57,"seed":"4qLWwS+/1qgoaF7A/zGvUNVjNSjiaCygByhI4rfUNW0="},"senderSigningKey":{"public":"BeNCH4M4SHMrFYbdypJsrIKRf9rpI+RQNREvrh9jF456"},"senderMessageKeys":[]},{"senderKeyId":782961053,"senderChainKey":{"iteration":58,"seed":"GuXFRSOH+K+QPTrHuVh5kflmTuLMo1OUF6dNKZJ1Efc="},"senderSigningKey":{"public":"BeNCH4M4SHMrFYbdypJsrIKRf9rpI+RQNREvrh9jF456"},"senderMessageKeys":[]},{"senderKeyId":782961053,"senderChainKey":{"iteration":59,"seed":"gmI5cCJAD+pJITl/woh8B1wV4wAV0OOhcY4uDRa2PnU="},"senderSigningKey":{"public":"BeNCH4M4SHMrFYbdypJsrIKRf9rpI+RQNREvrh9jF456"},"senderMessageKeys":[]},{"senderKeyId":782961053,"senderChainKey":{"iteration":59,"seed":"gmI5cCJAD+pJITl/woh8B1wV4wAV0OOhcY4uDRa2PnU="},"senderSigningKey":{"public":"BeNCH4M4SHMrFYbdypJsrIKRf9rpI+RQNREvrh9jF456"},"senderMessageKeys":[]},{"senderKeyId":782961053,"senderChainKey":{"iteration":59,"seed":"gmI5cCJAD+pJITl/woh8B1wV4wAV0OOhcY4uDRa2PnU="},"senderSigningKey":{"public":"BeNCH4M4SHMrFYbdypJsrIKRf9rpI+RQNREvrh9jF456"},"senderMessageKeys":[]},{"senderKeyId":782961053,"senderChainKey":{"iteration":59,"seed":"gmI5cCJAD+pJITl/woh8B1wV4wAV0OOhcY4uDRa2PnU="},"senderSigningKey":{"public":"BeNCH4M4SHMrFYbdypJsrIKRf9rpI+RQNREvrh9jF456"},"senderMessageKeys":[]},{"senderKeyId":782961053,"senderChainKey":{"iteration":59,"seed":"gmI5cCJAD+pJITl/woh8B1wV4wAV0OOhcY4uDRa2PnU="},"senderSigningKey":{"public":"BeNCH4M4SHMrFYbdypJsrIKRf9rpI+RQNREvrh9jF456"},"senderMessageKeys":[]}]