[{"senderKeyId":848223935,"senderChainKey":{"iteration":56,"seed":"r5fDHmbYj8Dmpumg9vpoKzn8kQ0PH2xjAN3a5B3U9Zg="},"senderSigningKey":{"public":"BQs6dwq00sgZai3DCg3ymKlw+rYMq5tUvfYvwkBmw9I8"},"senderMessageKeys":[]},{"senderKeyId":1027856030,"senderChainKey":{"iteration":2,"seed":"kEbCxuaElhFPcYTD8FQAREG/YjeiJATqa8xec9ZU1eE="},"senderSigningKey":{"public":"BWsqVekz3v3O/W4Kd3CUz4WwYD1t2HOQX6Eff9Pf3EN1"},"senderMessageKeys":[]},{"senderKeyId":1027856030,"senderChainKey":{"iteration":1,"seed":"eLr6ewz2cTYqKIEs9IjTjlw18j6Nm4rcz896C89MGVU="},"senderSigningKey":{"public":"BWsqVekz3v3O/W4Kd3CUz4WwYD1t2HOQX6Eff9Pf3EN1"},"senderMessageKeys":[]},{"senderKeyId":1781892175,"senderChainKey":{"iteration":244,"seed":"wmuWZw1eYVwQUMX7Z0Y6cgxRi//lCSSlqsxtT9nz4C8="},"senderSigningKey":{"public":"BaoES9fu+VwNu9E/sF8inv1uniJNTnRC2j93OhBfKl5m"},"senderMessageKeys":[{},{},{}]},{"senderKeyId":1781892175,"senderChainKey":{"iteration":45,"seed":"40NAGvbnbh4lGnTmEdoLJfCa0tYkRjZiFFAQYW8H2/I="},"senderSigningKey":{"public":"BaoES9fu+VwNu9E/sF8inv1uniJNTnRC2j93OhBfKl5m"},"senderMessageKeys":[]},{"senderKeyId":1781892175,"senderChainKey":{"iteration":227,"seed":"Mx3nQd19N726jj4/BgSIFnLPYB/aKy53W4i3we3xj5c="},"senderSigningKey":{"public":"BaoES9fu+VwNu9E/sF8inv1uniJNTnRC2j93OhBfKl5m"},"senderMessageKeys":[]}]