[{"senderKeyId":635782621,"senderChainKey":{"iteration":4,"seed":"m34DhI9BMG04siGz4Pl110xBj/yEaKuv9llVTThEx1k="},"senderSigningKey":{"public":"BWitS2ODo/dG7pfaicqXVZyoVyxci6CnM5Po4BTx6gMw"},"senderMessageKeys":[]},{"senderKeyId":266818593,"senderChainKey":{"iteration":83,"seed":"Cbs8rU2i7GmUMuSAJ2dHekq5zBYrXjrHWQRTkkf345c="},"senderSigningKey":{"public":"BQDj/M7Lmeyr5pZXsB0zE1uwJ9lE3MfJqgO98avCzrwr"},"senderMessageKeys":[]},{"senderKeyId":266818593,"senderChainKey":{"iteration":17,"seed":"45M6qywQyvVeYTEHkjb7qNO8323oQECqeTAANUUuQh0="},"senderSigningKey":{"public":"BQDj/M7Lmeyr5pZXsB0zE1uwJ9lE3MfJqgO98avCzrwr"},"senderMessageKeys":[]},{"senderKeyId":266818593,"senderChainKey":{"iteration":22,"seed":"PBTm69ETXiRKuE2SV/T4em8gcVNpspd0pK150ekjJeg="},"senderSigningKey":{"public":"BQDj/M7Lmeyr5pZXsB0zE1uwJ9lE3MfJqgO98avCzrwr"},"senderMessageKeys":[]},{"senderKeyId":266818593,"senderChainKey":{"iteration":57,"seed":"lQRnU4mrvQt4jM501h+fH/dGqxq57RWqt3QE0IYobxo="},"senderSigningKey":{"public":"BQDj/M7Lmeyr5pZXsB0zE1uwJ9lE3MfJqgO98avCzrwr"},"senderMessageKeys":[]},{"senderKeyId":64887430,"senderChainKey":{"iteration":2,"seed":"CwMX1LzFAcLY/r3jKkA8an5HzBM7U3FZsXOGXyZIpIU="},"senderSigningKey":{"public":"BUJq47Do9QkSXVO2KsYHK4OOs9rjp+rx1LLdXovKgHlT"},"senderMessageKeys":[]},{"senderKeyId":1222047897,"senderChainKey":{"iteration":40,"seed":"ZjfNtGpu0DdANhHZR7BOrNgPgJe+QGzfZFgnu9Hd204="},"senderSigningKey":{"public":"BeztM0IIGrxXJK1IPWWSq3zMyrnYySbyRWpQiNVi+pMx"},"senderMessageKeys":[{},{}]},{"senderKeyId":1222047897,"senderChainKey":{"iteration":4,"seed":"JF99DNZt5aOhko6Y/KL4GQ7Wf80VzhW8NZbkJZpDU34="},"senderSigningKey":{"public":"BeztM0IIGrxXJK1IPWWSq3zMyrnYySbyRWpQiNVi+pMx"},"senderMessageKeys":[]},{"senderKeyId":1222047897,"senderChainKey":{"iteration":18,"seed":"xQdUihasqOwnLMwzUDrGbHU1lyFv+Ef4ufchzvRAYp4="},"senderSigningKey":{"public":"BeztM0IIGrxXJK1IPWWSq3zMyrnYySbyRWpQiNVi+pMx"},"senderMessageKeys":[]},{"senderKeyId":1253045494,"senderChainKey":{"iteration":32,"seed":"StmyOnqUJA8LTL+D+vT+1bYzwe1NRnAW2JGI+0KuPfk="},"senderSigningKey":{"public":"BQybKU9ze4DyGpqA0c4To18VF7fPaKv+TrBAxoj2chw3"},"senderMessageKeys":[]}]