[{"senderKeyId":496915347,"senderChainKey":{"iteration":12,"seed":"8686jM1qGJA90lAeXJbs738wEcz+6qzBuTd0/s8IZdk="},"senderSigningKey":{"public":"BcxlCHeQZwblQeymrSC99h8V+MA9AjicrzXNQ+307v5T"},"senderMessageKeys":[]},{"senderKeyId":627088727,"senderChainKey":{"iteration":8,"seed":"urdWb31uegZT6X26tYZWnPkhdai3zp8SXn78TArPUb8="},"senderSigningKey":{"public":"BRRXKyCBKOrSYLEzIIPVt25tBfPIHFzy3JALU6SSFMoD"},"senderMessageKeys":[]},{"senderKeyId":980785900,"senderChainKey":{"iteration":115,"seed":"la+w2EuosiGXZPqUD16KkOZUXtn0Ry6zoo9EJWisB3o="},"senderSigningKey":{"public":"BUIM920+Jq95991MPXPZwZTHJVoTsc/N05jdy2LFPBZN"},"senderMessageKeys":[{}]},{"senderKeyId":980785900,"senderChainKey":{"iteration":82,"seed":"tTtrUGID9vBByutajOwHK7rFvcNY7M7ksbjDN9EKS4o="},"senderSigningKey":{"public":"BUIM920+Jq95991MPXPZwZTHJVoTsc/N05jdy2LFPBZN"},"senderMessageKeys":[]},{"senderKeyId":980785900,"senderChainKey":{"iteration":92,"seed":"FPONBzV/YoqI30o4BB2NKdFcd8ZMrtXs3ngwgATbbM0="},"senderSigningKey":{"public":"BUIM920+Jq95991MPXPZwZTHJVoTsc/N05jdy2LFPBZN"},"senderMessageKeys":[]},{"senderKeyId":980785900,"senderChainKey":{"iteration":106,"seed":"VNG0Yhtnpl2TUNPMQZYzDzE6Ih+eZMlXf5bk4+8Kdp8="},"senderSigningKey":{"public":"BUIM920+Jq95991MPXPZwZTHJVoTsc/N05jdy2LFPBZN"},"senderMessageKeys":[]},{"senderKeyId":691465973,"senderChainKey":{"iteration":15,"seed":"0leyoPA/xP1SzlmB81vv88vJqcPgg7B/50FXxWrckag="},"senderSigningKey":{"public":"BXGySTSG6D5XlIJPygIWVXtbaa2cwEUFC58eSFYcqXwK"},"senderMessageKeys":[]},{"senderKeyId":153330916,"senderChainKey":{"iteration":203,"seed":"AcFL5gx1TCnSNW14PDJbWreJqORi/oJU/YQo0/2IYNI="},"senderSigningKey":{"public":"BV+ZBz9wA39LKN83CV4tOiWelhXKQWhmlr8JQsqORKYV"},"senderMessageKeys":[{},{},{},{},{},{},{},{}]},{"senderKeyId":153330916,"senderChainKey":{"iteration":203,"seed":"AcFL5gx1TCnSNW14PDJbWreJqORi/oJU/YQo0/2IYNI="},"senderSigningKey":{"public":"BV+ZBz9wA39LKN83CV4tOiWelhXKQWhmlr8JQsqORKYV"},"senderMessageKeys":[]},{"senderKeyId":1020028540,"senderChainKey":{"iteration":72,"seed":"A0WwGt5fveS9rVE29Xw/+9UhAzuUm3bDTT3we6twwko="},"senderSigningKey":{"public":"BWGFWR3hYF9UGDpX5PYqkVlzN8lnWb363Oet3MyZiyol"},"senderMessageKeys":[{}]},{"senderKeyId":1020028540,"senderChainKey":{"iteration":58,"seed":"FL05EqLR3xK67ok8YZSUA4MP6wJ+wJY4UH5ncRx2D34="},"senderSigningKey":{"public":"BWGFWR3hYF9UGDpX5PYqkVlzN8lnWb363Oet3MyZiyol"},"senderMessageKeys":[]},{"senderKeyId":1964679443,"senderChainKey":{"iteration":1,"seed":"tLH0XgzVMj4skII0+Qqqm9MLHSyCIcyc1FBA2O9zUro="},"senderSigningKey":{"public":"BbleClwLQrNg1wJToclsLliZcE6nApF60zjEHkaj+QR8"}}]