[{"senderKeyId":465087751,"senderChainKey":{"iteration":22,"seed":"HE+3ue9bAvc4TUwincgZnOhS6gKOSpTYZq/r+cnOVSI="},"senderSigningKey":{"public":"BQz5B5mBnEnwSXzliCiJX6ZmXPNGfpnGZ4bL8DD+OkxH"},"senderMessageKeys":[]},{"senderKeyId":1585881135,"senderChainKey":{"iteration":6,"seed":"UDQqZtSCTpPy71i4QjIoW2eCeE1vLV/ux/AVxZqWpsI="},"senderSigningKey":{"public":"BYSJq/PEGGlPZxRjOZLWqCgoUYvUNGzCVvYb5kpWmYcT"},"senderMessageKeys":[]},{"senderKeyId":415042572,"senderChainKey":{"iteration":94,"seed":"mH0w9BNuHC9aKgWvq6sU96lQNY8LLVtkkM5SrAJxM2k="},"senderSigningKey":{"public":"BfwpUJbEKDqKjjEQax5TAdPu44Gr6P6oOBV1l+ynmZlK"},"senderMessageKeys":[]},{"senderKeyId":415042572,"senderChainKey":{"iteration":71,"seed":"lovt33QpKTp8Z69bY2Btlhwq62fjFDDMZdi7mogLN30="},"senderSigningKey":{"public":"BfwpUJbEKDqKjjEQax5TAdPu44Gr6P6oOBV1l+ynmZlK"},"senderMessageKeys":[]},{"senderKeyId":415042572,"senderChainKey":{"iteration":80,"seed":"B73/4hs062TfrgNUt32lnixdY2vI6QMBq6J2OaQixEA="},"senderSigningKey":{"public":"BfwpUJbEKDqKjjEQax5TAdPu44Gr6P6oOBV1l+ynmZlK"},"senderMessageKeys":[]},{"senderKeyId":1067826716,"senderChainKey":{"iteration":25,"seed":"sQQc7lolkfSx7jkEY+kxyNLYxY+A6mWWZxoJckVMX2E="},"senderSigningKey":{"public":"BUdOkVy+bDEVHLZZML7LNd70bRmPF50uIq+rWOVG1Rlv"},"senderMessageKeys":[{}]},{"senderKeyId":1067826716,"senderChainKey":{"iteration":7,"seed":"xnZuAgfNKT24d9KfO9/4z6iomz2pXqA0T4pqPPl74QY="},"senderSigningKey":{"public":"BUdOkVy+bDEVHLZZML7LNd70bRmPF50uIq+rWOVG1Rlv"},"senderMessageKeys":[]},{"senderKeyId":1535152494,"senderChainKey":{"iteration":30,"seed":"1sPB2FIwHLRKlpIlanc0QLmaO5dvZ3uNOYoIgIc3UE0="},"senderSigningKey":{"public":"BatRSQ5xP9bfmI2RlwdukL7H1+otIQr+u+SBvc7fN7kY"},"senderMessageKeys":[{},{}]},{"senderKeyId":1535152494,"senderChainKey":{"iteration":1,"seed":"1QBtMwuuINQYgRSHsqW+ensDE3fxh0m6Dm4ZFGTAZ1I="},"senderSigningKey":{"public":"BatRSQ5xP9bfmI2RlwdukL7H1+otIQr+u+SBvc7fN7kY"},"senderMessageKeys":[]}]