{"_sessions":{"BbXdTqYRWMGEvt/Fq2EBr425tlYxFgaMzjXLBPksFoha":{"registrationId":1805919044,"currentRatchet":{"ephemeralKeyPair":{"pubKey":"BfxAwqyhTTFQuQKA+FmDqLkAj0Oqt48wAKBj1WOr9G5s","privKey":"QHceOdMkAQ7uz3c6OHAf1TQq+RJkC/CFbssEd4TZXGk="},"lastRemoteEphemeralKey":"BQJGKoMo3nUXh/AsvnxGOINS57qdQa82giDRJApRrIof","previousCounter":0,"rootKey":"MLF/H4RLPqwVBrTLpx5MWKpivfKd/G9xFvA+I6DrDnk="},"indexInfo":{"baseKey":"BbXdTqYRWMGEvt/Fq2EBr425tlYxFgaMzjXLBPksFoha","baseKeyType":1,"closed":-1,"used":1767533369408,"created":1767533369408,"remoteIdentityKey":"BRPbS92NismOecHg0RCIcULY4R6v07/mL7DkULkNo6g5"},"_chains":{"BfxAwqyhTTFQuQKA+FmDqLkAj0Oqt48wAKBj1WOr9G5s":{"chainKey":{"counter":1,"key":"a53K+xwTGzf/pIsWMqembJ3hSrxRXFqXT0PtzUBgEDI="},"chainType":1,"messageKeys":{}}},"pendingPreKey":{"signedKeyId":2522996,"baseKey":"BbXdTqYRWMGEvt/Fq2EBr425tlYxFgaMzjXLBPksFoha"}}},"version":"v1"}