{"_sessions":{"Bad4qNRHCj9/Tv8yLuGf/QSPIrKHNyJqyyLxzQuSBKts":{"registrationId":23347781,"currentRatchet":{"ephemeralKeyPair":{"pubKey":"BYhIxRyNOE778muIYUZw4rXzWHXJCVwRNtEcVrmTGhMN","privKey":"OG4MIBcIa4hT9MWFyLLlrBn8OIGadK7Eo3Ht9TG8Jkw="},"lastRemoteEphemeralKey":"BfG/F4xvot8ITld4QGsByv5Ss40aYvbxrKacTabtHSoz","previousCounter":0,"rootKey":"dwBhVygobJt3xngXndyQF9ti3/zFXTKsMQi54NoAEok="},"indexInfo":{"baseKey":"Bad4qNRHCj9/Tv8yLuGf/QSPIrKHNyJqyyLxzQuSBKts","baseKeyType":1,"closed":-1,"used":1767567599468,"created":1767567599468,"remoteIdentityKey":"BVdqRS2Jv2uFet+YLpRW25177CgvrRSumMXc31XY0/Ia"},"_chains":{"BYhIxRyNOE778muIYUZw4rXzWHXJCVwRNtEcVrmTGhMN":{"chainKey":{"counter":16,"key":"7PMZBp0HgAq5jI9y7TBCbEVRbLP3hDsLh+uNNoQMSME="},"chainType":1,"messageKeys":{}}},"pendingPreKey":{"signedKeyId":12818707,"baseKey":"Bad4qNRHCj9/Tv8yLuGf/QSPIrKHNyJqyyLxzQuSBKts","preKeyId":2241491}}},"version":"v1"}