{"_sessions":{"BTF4wWe33pZq3lhxo5sMNOOgb0WK3CY1bvzBkZXOAXk0":{"registrationId":579286723,"currentRatchet":{"ephemeralKeyPair":{"pubKey":"BY9RrSdTyvUwLSKtjqUwgYGdmnJ4ea6AITeWpOzvBpFg","privKey":"EDOyBHoiz1/3r9wOMYfNxncV1sAdK//EULtIavygu1Y="},"lastRemoteEphemeralKey":"BdmBHbWj9eR9PaNjroXt/X+t+HErpfmXg+OfqZac4iR1","previousCounter":0,"rootKey":"M5/SiCTIe5zXwhSWPXONEYLGe4LVVrQnt5oB2hdputk="},"indexInfo":{"baseKey":"BTF4wWe33pZq3lhxo5sMNOOgb0WK3CY1bvzBkZXOAXk0","baseKeyType":1,"closed":-1,"used":1767533372427,"created":1767533372427,"remoteIdentityKey":"BTGvlcfx5dXjdemFY1sgCQM0UGlr4ArD9Rn9nRIjgXhi"},"_chains":{"BY9RrSdTyvUwLSKtjqUwgYGdmnJ4ea6AITeWpOzvBpFg":{"chainKey":{"counter":1,"key":"g17T5vE+frQNeknfOhYs+IL+5k7jjeZGkFQkJAPVYXA="},"chainType":1,"messageKeys":{}}},"pendingPreKey":{"signedKeyId":16191611,"baseKey":"BTF4wWe33pZq3lhxo5sMNOOgb0WK3CY1bvzBkZXOAXk0","preKeyId":7003165}}},"version":"v1"}