{"_sessions":{"BXdVlTbUVMqhv5l+2+8ZNr2gwWZ+aaO/k3I0b8aWIz0N":{"registrationId":1978967905,"currentRatchet":{"ephemeralKeyPair":{"pubKey":"BRLk9ueQH8YE/kYXDfIQh1JmnIOzuOw0UQy8xw2gQb9b","privKey":"CI9837bl+eKJ/gAASrvmrH06ieqtQUjrC1VaF2RMalI="},"lastRemoteEphemeralKey":"Bcp7FxFcNxdWuigdqVb7xlkxSMFLnazQ7B/YliWWaJUL","previousCounter":0,"rootKey":"8Ag4yZvCCIPGGiW+a4NgwMmCqbB6h9td7f0OtVrAAks="},"indexInfo":{"baseKey":"BXdVlTbUVMqhv5l+2+8ZNr2gwWZ+aaO/k3I0b8aWIz0N","baseKeyType":1,"closed":-1,"used":1767533369125,"created":1767533369125,"remoteIdentityKey":"BQzMkzBp8WJOD2Z0cSgKPqw+ov9b3Ihg9+Ub9slnViNK"},"_chains":{"BRLk9ueQH8YE/kYXDfIQh1JmnIOzuOw0UQy8xw2gQb9b":{"chainKey":{"counter":1,"key":"DfI7cic+RQEEfD3Ms6WhZkfex9BmooxqYR1JHb19Vdc="},"chainType":1,"messageKeys":{}}},"pendingPreKey":{"signedKeyId":9688173,"baseKey":"BXdVlTbUVMqhv5l+2+8ZNr2gwWZ+aaO/k3I0b8aWIz0N","preKeyId":15578428}}},"version":"v1"}