{"_sessions":{"BWJsnQd2wZXYOzGwWC3vPxDV4eCuhLpJHA1gAZd5Y61B":{"registrationId":90797819,"currentRatchet":{"ephemeralKeyPair":{"pubKey":"Bcxq+6x498Na3ftTNN+dtXWf8bii9x3+YiWwsVnuACdK","privKey":"wNJTZ7XSPJpVKlNz5MlYSTEOyHd9IFjW+Wj/Zuvyon0="},"lastRemoteEphemeralKey":"BbmLTdGWh1qT8p5CS8XMN9Yv40WNkQWsEzOUNYlXh7ly","previousCounter":0,"rootKey":"r5RcNQyrVLlcCNQjsgBmItoG6v8xeiPxsM1C42DUGS8="},"indexInfo":{"baseKey":"BWJsnQd2wZXYOzGwWC3vPxDV4eCuhLpJHA1gAZd5Y61B","baseKeyType":2,"closed":1767559547231,"used":1767558358345,"created":1767530253627,"remoteIdentityKey":"BVQFi2gB0CZUY/zFvMjvs80aiuAG29VavTgMp588i9dO"},"_chains":{"Baof23pIvaKlgjMZKzDt4romPmn6ezt7V2hh8qDkKusz":{"chainKey":{"counter":0},"chainType":2,"messageKeys":{}},"BbmLTdGWh1qT8p5CS8XMN9Yv40WNkQWsEzOUNYlXh7ly":{"chainKey":{"counter":3,"key":"9ZoWiYNqRqCap01vuEwnJa0Bc8XsGucdzNEa6L2pWKw="},"chainType":2,"messageKeys":{}},"Bcxq+6x498Na3ftTNN+dtXWf8bii9x3+YiWwsVnuACdK":{"chainKey":{"counter":-1,"key":"ATYSkvgRE54nCYYX7Em4uVfFf9If1KioAfreegrLXw4="},"chainType":1,"messageKeys":{}}}},"BY1S8wReY3SBCk8ScfGLrAXtjNrlKMGMJsQlG+UGN6IO":{"registrationId":90797819,"currentRatchet":{"ephemeralKeyPair":{"pubKey":"BSUmcdi2D9Q1QzIFYvgctb7tUTesocXI2aOT/Q2nW3t1","privKey":"SHvJibmQq2b1RPdkFb38na0/YbN3fsjJFZb3Zv65JUw="},"lastRemoteEphemeralKey":"BVHDVjPHncTTXYfhXeHjYI/FPTOsyADzHKQEUfohKwpg","previousCounter":0,"rootKey":"DdF/qmsYGpYkVKBiiJl/Kb8dDjIFlZTrpRkibqvG70Q="},"indexInfo":{"baseKey":"BY1S8wReY3SBCk8ScfGLrAXtjNrlKMGMJsQlG+UGN6IO","baseKeyType":2,"closed":-1,"used":1767660160865,"created":1767559547321,"remoteIdentityKey":"BVQFi2gB0CZUY/zFvMjvs80aiuAG29VavTgMp588i9dO"},"_chains":{"BSP2AFWjLYs13Rz/mCn/jNLZqRgQymDMGCA8TBvBq4Re":{"chainKey":{"counter":0},"chainType":2,"messageKeys":{}},"BUMfJ+lXR7vZARGBOth0hBNOFjUADRJlDbnyHKJ61SNW":{"chainKey":{"counter":1},"chainType":2,"messageKeys":{}},"BVHDVjPHncTTXYfhXeHjYI/FPTOsyADzHKQEUfohKwpg":{"chainKey":{"counter":9,"key":"IDKDJmNz8cNkKv9Hp0ZLQhuFZ7HZADoz7Q/97HklW90="},"chainType":2,"messageKeys":{}},"BSUmcdi2D9Q1QzIFYvgctb7tUTesocXI2aOT/Q2nW3t1":{"chainKey":{"counter":-1,"key":"zVV5RrS87ZSEMfohrnUkdZXCuRXQ4cpb5UdVP/MLjNs="},"chainType":1,"messageKeys":{}}}}},"version":"v1"}