{"_sessions":{"BbNa35K2KTPMAvsuANOX7ZdkrGw1VggJMVAUTQU38bgZ":{"registrationId":460340981,"currentRatchet":{"ephemeralKeyPair":{"pubKey":"BeEEQX8SFvVNNXoT3RL7eHHdR+qRP8yefh80Vp7jvjBv","privKey":"MLSjXx97WmYU2S+fqbboYU1gNOC2dQt7a9ccGtbUbWo="},"lastRemoteEphemeralKey":"BSYPksHUcH6GHV43fJfvOa9BM5+1O2gBYhQXP3eRbKpD","previousCounter":0,"rootKey":"0xEtasdafIhCWQOoWUno1k9kwuU5WVgMDLM5IftxhMg="},"indexInfo":{"baseKey":"BbNa35K2KTPMAvsuANOX7ZdkrGw1VggJMVAUTQU38bgZ","baseKeyType":1,"closed":-1,"used":1767533369106,"created":1767533369106,"remoteIdentityKey":"BVxfYcGExtKOKmOvvEVyoDOiGdWEvcHh8tNkpgNyXzc3"},"_chains":{"BeEEQX8SFvVNNXoT3RL7eHHdR+qRP8yefh80Vp7jvjBv":{"chainKey":{"counter":1,"key":"j7v31Mc1wQIFtbnnIm2HzAXZvWTI98eKiH49+Y+M3BE="},"chainType":1,"messageKeys":{}}},"pendingPreKey":{"signedKeyId":8198128,"baseKey":"BbNa35K2KTPMAvsuANOX7ZdkrGw1VggJMVAUTQU38bgZ"}}},"version":"v1"}