{"_sessions":{"BWQDJYoklNfyTh65exrcgE4RSeh1vNufMizE+taA9/AU":{"registrationId":426293620,"currentRatchet":{"ephemeralKeyPair":{"pubKey":"BcmM3zCf+ccggwgbdNEt1dk4IzLoG6INzNlMY9B7iQh1","privKey":"oAsonFzpYJtONHKzPlwEiXhHiMpSQ4Bvz4myhLQcdk4="},"lastRemoteEphemeralKey":"BV4OhfJFKUhCYcX6HRQWTuFruKQ7259ChV43oVlUuNx6","previousCounter":0,"rootKey":"n5iK+IBIMX6zZemazsbSRLKrwSDwbYUQEmMq4k/TJ4E="},"indexInfo":{"baseKey":"BWQDJYoklNfyTh65exrcgE4RSeh1vNufMizE+taA9/AU","baseKeyType":1,"closed":-1,"used":1767533369228,"created":1767533369228,"remoteIdentityKey":"BXhFLylSw3AGmNc7rLOKFt80o7OBW8k4WoTf0d+rDcMl"},"_chains":{"BcmM3zCf+ccggwgbdNEt1dk4IzLoG6INzNlMY9B7iQh1":{"chainKey":{"counter":1,"key":"godXgdNsNWaJB8rwrqOOfxeFB/Y43PXEWcpbuhYa4iU="},"chainType":1,"messageKeys":{}}},"pendingPreKey":{"signedKeyId":8989639,"baseKey":"BWQDJYoklNfyTh65exrcgE4RSeh1vNufMizE+taA9/AU","preKeyId":765495}}},"version":"v1"}