{"_sessions":{"BeNoJeZ6FyFgWoHhUZOuMoZrwppanh4UW7KR18rQT2ok":{"registrationId":1918972145,"currentRatchet":{"ephemeralKeyPair":{"pubKey":"BdIyVYS10mRWtbqjlvxMuhyLE4HdR3kClju6+W8YFIIf","privKey":"oB19VYT3SzKAEKqR431MXx9V9LifzulLC8UcYAqtz1o="},"lastRemoteEphemeralKey":"BQDCdjsMLibKd6Ku75RrRWwg2LdgFBy1xIPhFIkIQZ5K","previousCounter":0,"rootKey":"0gUqhQOAzH30GvkUoUmtbxNH5EFex0cZU10sUIVFmFk="},"indexInfo":{"baseKey":"BeNoJeZ6FyFgWoHhUZOuMoZrwppanh4UW7KR18rQT2ok","baseKeyType":1,"closed":-1,"used":1767533372436,"created":1767533372436,"remoteIdentityKey":"BS6Y0dhCmIKvyB7YkUUbyqQI8UNtmmyFbbpHixGJ3EhX"},"_chains":{"BdIyVYS10mRWtbqjlvxMuhyLE4HdR3kClju6+W8YFIIf":{"chainKey":{"counter":1,"key":"W8DqH64c357IkrF+5gYc3tBgubPqUvHTVi86w4ep9Rs="},"chainType":1,"messageKeys":{}}},"pendingPreKey":{"signedKeyId":15546961,"baseKey":"BeNoJeZ6FyFgWoHhUZOuMoZrwppanh4UW7KR18rQT2ok"}}},"version":"v1"}