{"_sessions":{"BRxzQHOX7u+MvO4zZ/4cJdk+YGlzCQTksY5BUxu2bJ4G":{"registrationId":358,"currentRatchet":{"ephemeralKeyPair":{"pubKey":"BVqreKIrXISxc4QaehDdw7MXpGhuwuELSCshNvQx2tEv","privKey":"qKdtTYf0kp6yk+beSZPHN268MytUaVnMHf2o4hSsxWk="},"lastRemoteEphemeralKey":"BV8IOteoYG/XECyg+XVSFNJhlGgm6aQGw+t/slBr9gZE","previousCounter":0,"rootKey":"bm/nTINhrem9+ji+kepZb/2amoPtCy6dckDdj/QJ18s="},"indexInfo":{"baseKey":"BRxzQHOX7u+MvO4zZ/4cJdk+YGlzCQTksY5BUxu2bJ4G","baseKeyType":1,"closed":-1,"used":1767533369061,"created":1767533369061,"remoteIdentityKey":"BSscbB0OcOH0GaHd6pfXJizxzLhT94iyrjujFT2Icy4I"},"_chains":{"BVqreKIrXISxc4QaehDdw7MXpGhuwuELSCshNvQx2tEv":{"chainKey":{"counter":1,"key":"WFyUMBbfUlqPg4NLo2/1e2y4T5K0969g9Zj3FoZ9Krc="},"chainType":1,"messageKeys":{}}},"pendingPreKey":{"signedKeyId":1,"baseKey":"BRxzQHOX7u+MvO4zZ/4cJdk+YGlzCQTksY5BUxu2bJ4G"}}},"version":"v1"}