{"_sessions":{"BYZHPisFjfRLlntGSHJblEMpSK1wif/JlSvG4Wc1yMkm":{"registrationId":509276455,"currentRatchet":{"ephemeralKeyPair":{"pubKey":"BSiN0BJUn0a0h/49q3afksDlxc0CcHKmeo9K2R+IlblB","privKey":"QHq7QdfvTFz2vO3LoUdKHTsvc8tOIw0bY6Y+mA/Ewk4="},"lastRemoteEphemeralKey":"Ba7LeHdI6EQ9uQTC0dCh25t2g6/xhVaISxaCwBQYfSJ+","previousCounter":0,"rootKey":"fU+C3fEAiuSPrP6vFfvDI4y4IdYnVDzcFP8eUshrZq8="},"indexInfo":{"baseKey":"BYZHPisFjfRLlntGSHJblEMpSK1wif/JlSvG4Wc1yMkm","baseKeyType":1,"closed":-1,"used":1767533368974,"created":1767533368974,"remoteIdentityKey":"BcicuT39UhR7TTCV4Bn27WMSHv+/y+yIQQgo40oRc1oZ"},"_chains":{"BSiN0BJUn0a0h/49q3afksDlxc0CcHKmeo9K2R+IlblB":{"chainKey":{"counter":1,"key":"QxiUinYi4PqaAEmnnp69bz9yMlYwONH57mwPnmF55aE="},"chainType":1,"messageKeys":{}}},"pendingPreKey":{"signedKeyId":9600799,"baseKey":"BYZHPisFjfRLlntGSHJblEMpSK1wif/JlSvG4Wc1yMkm","preKeyId":5607993}}},"version":"v1"}