{"_sessions":{"Bb2kI+m/hikOjw5j8DqYMl0KbESOZEWJX5XvLAqKncUX":{"registrationId":1174403599,"currentRatchet":{"ephemeralKeyPair":{"pubKey":"BfTeJbW+KnjkfbA1+0bsHgKTXcHqMPIcAmzu/mBKjI1n","privKey":"+HRjXh0z4qyDkvSQLAcfe8qOjLvjbOdwuv7y5f6GWlE="},"lastRemoteEphemeralKey":"Bb4izEoMbk3YGSzrTGX87/lFq3Gi7VTP/HZIShcZBtsQ","previousCounter":0,"rootKey":"CYBG48FFi6ejt3HR8euO2C6m6Q+o9L4Z4eQcIsJsihQ="},"indexInfo":{"baseKey":"Bb2kI+m/hikOjw5j8DqYMl0KbESOZEWJX5XvLAqKncUX","baseKeyType":1,"closed":-1,"used":1767533369081,"created":1767533369081,"remoteIdentityKey":"BdVAk25yGgtG/mksWfDUK8pLUdkc/khOUqUBxj4phuEc"},"_chains":{"BfTeJbW+KnjkfbA1+0bsHgKTXcHqMPIcAmzu/mBKjI1n":{"chainKey":{"counter":1,"key":"mj9r7eU6SebVgi5nvSl/q/ECUulN+5+zl4yTPtVpDG4="},"chainType":1,"messageKeys":{}}},"pendingPreKey":{"signedKeyId":3,"baseKey":"Bb2kI+m/hikOjw5j8DqYMl0KbESOZEWJX5XvLAqKncUX","preKeyId":8301704}}},"version":"v1"}