{"_sessions":{"BWGJAFKpEobYwRYgU0StdYFsXyhn6Jf/s14co3ukTxR8":{"registrationId":390682622,"currentRatchet":{"ephemeralKeyPair":{"pubKey":"BWAFrQ30m54CAZUpczwyM6MRppprnRPBkcwP7mGMckIl","privKey":"+Jn/Wb9E2Dt78PW2mddMFWhw1XGVKcKAXWbGyk0073A="},"lastRemoteEphemeralKey":"BQ4tw1rNbE0kvzYg5/KUI1/wcIythTtWROM7CEbPjKtk","previousCounter":1,"rootKey":"i//zZLvx5bV4cet2uLCVWuOioRLF6Q6/fZonw1kUh+M="},"indexInfo":{"baseKey":"BWGJAFKpEobYwRYgU0StdYFsXyhn6Jf/s14co3ukTxR8","baseKeyType":1,"closed":-1,"used":1767624843150,"created":1767533372401,"remoteIdentityKey":"BWZR21EINSqShwQwYKEsP+2ZgealP7eGlrgN9qIg/YU6"},"_chains":{"BQ4tw1rNbE0kvzYg5/KUI1/wcIythTtWROM7CEbPjKtk":{"chainKey":{"counter":2,"key":"1FFSayDYBnmZcaPBSsNe9Zj7LJEWmNE26U0w0YeG1+o="},"chainType":2,"messageKeys":{}},"BWAFrQ30m54CAZUpczwyM6MRppprnRPBkcwP7mGMckIl":{"chainKey":{"counter":-1,"key":"KrXjQWBGTPIJjBdf+Yu8YExxBNxi0G1U5RF0A3E0VJI="},"chainType":1,"messageKeys":{}}}}},"version":"v1"}