{"_sessions":{"BcjRBRiiESyW0d8dEiwpBCUkU/ejbck22idcmLCKqRA0":{"registrationId":1871863018,"currentRatchet":{"ephemeralKeyPair":{"pubKey":"BZfxM3RbQ6INNFy1XqPTV7GtU91ILct7CpmfK/6G2Jw/","privKey":"QJ/E1SZl5JG4yvJ7pTA54aY/u+JYrELC4M/RvQ9UM3E="},"lastRemoteEphemeralKey":"BdxzFAlqsMMFSecU59OOPxZep/zjWVBhRywiM/LxgOop","previousCounter":0,"rootKey":"Nl+Wg3PsNPzmINBKIq4227Wt8A9j5MbIBCN5aNqHzA0="},"indexInfo":{"baseKey":"BcjRBRiiESyW0d8dEiwpBCUkU/ejbck22idcmLCKqRA0","baseKeyType":1,"closed":-1,"used":1767533372305,"created":1767533372305,"remoteIdentityKey":"BWnu33jIwI9JM2oYGRvD+RDBd8874srwvminvpHCZmN8"},"_chains":{"BZfxM3RbQ6INNFy1XqPTV7GtU91ILct7CpmfK/6G2Jw/":{"chainKey":{"counter":1,"key":"YIr+Kjs7ECMAxOz0w0RcNiqz54zpyKzC1CnEi4do20o="},"chainType":1,"messageKeys":{}}},"pendingPreKey":{"signedKeyId":7555620,"baseKey":"BcjRBRiiESyW0d8dEiwpBCUkU/ejbck22idcmLCKqRA0","preKeyId":507663}}},"version":"v1"}