{"_sessions":{"BVFHDR+5vNuROleDlyVO6+owpToNqQAEGtpc9zQ5CzYc":{"registrationId":12379,"currentRatchet":{"ephemeralKeyPair":{"pubKey":"BRPTqZig2IxALxF5BxVW5p/iyyFZvdNvGvcals7mzUh2","privKey":"GNT23b4re8X8rXlCoVWmVln80uw6dTE2B2bgXzke/0o="},"lastRemoteEphemeralKey":"BVhrn/dfbxitsiTnMLuX6iEO09v1qREPxQkyQomvIpt6","previousCounter":0,"rootKey":"sLaQUaVNJ6Wo+yrVctEFxnxHDAmeqWv7YADkXb8d6dI="},"indexInfo":{"baseKey":"BVFHDR+5vNuROleDlyVO6+owpToNqQAEGtpc9zQ5CzYc","baseKeyType":2,"closed":-1,"used":1767564096593,"created":1767564096593,"remoteIdentityKey":"BYdOvISz3mM0rf+RNGjpWdAueVVk9xzGcjLHHXoFsb9b"},"_chains":{"BVhrn/dfbxitsiTnMLuX6iEO09v1qREPxQkyQomvIpt6":{"chainKey":{"counter":1,"key":"1wOSr/8rHsawQll13siotXDqSgnuaecZ7SE2YbDMbH0="},"chainType":2,"messageKeys":{}},"BRPTqZig2IxALxF5BxVW5p/iyyFZvdNvGvcals7mzUh2":{"chainKey":{"counter":143,"key":"VgFpKGraPCDQtRApgt1GbPOyqQ+ItEEqi2MSzwzOl/U="},"chainType":1,"messageKeys":{}}}}},"version":"v1"}