{"_sessions":{"Bde1zYODga9MfV4Wp3iQvGtPwBplzQoSWPjXCm78DMZR":{"registrationId":1743216090,"currentRatchet":{"ephemeralKeyPair":{"pubKey":"BUhRL7UemFRZwA/eLByBLq16gT3fbWlyqRcRVDIVqwQl","privKey":"2Kk5R2MftFDQ9O76wMJH3pipOamT4+LP84MjduGLGnc="},"lastRemoteEphemeralKey":"BXakj3HR6gPQ9TzXBvrpk3tOYkRma2f07KnMOdq9blEK","previousCounter":0,"rootKey":"aBtV5vcXY88N/C56iZNgvAy0KVrAZliFS8Po/f7mSIU="},"indexInfo":{"baseKey":"Bde1zYODga9MfV4Wp3iQvGtPwBplzQoSWPjXCm78DMZR","baseKeyType":1,"closed":-1,"used":1767533372246,"created":1767533372246,"remoteIdentityKey":"BVcFWACQYfDNQgvjYNbEygtVlP6F7rmuZSqlrZK7H/lW"},"_chains":{"BUhRL7UemFRZwA/eLByBLq16gT3fbWlyqRcRVDIVqwQl":{"chainKey":{"counter":1,"key":"VMhmy+WpeR0eeNAHmKt/jJ4Y8mKUvbSiIBs9GdOqb9c="},"chainType":1,"messageKeys":{}}},"pendingPreKey":{"signedKeyId":15057944,"baseKey":"Bde1zYODga9MfV4Wp3iQvGtPwBplzQoSWPjXCm78DMZR"}}},"version":"v1"}