{"_sessions":{"BYszkVqXSYW1n2R7Ai4tFQNqVNsJHNrkR1jndoZDVDc9":{"registrationId":1342176814,"currentRatchet":{"ephemeralKeyPair":{"pubKey":"BWPxjyya9/YR7c3y4FhAQqyLloMyWRCLc/0rjWmPz1gd","privKey":"YMC5PT7zWWacE6i8xDiJVnLVEH4jwiHKASXpmSFqXU8="},"lastRemoteEphemeralKey":"BRvKqHASc2BdH6uAIdVPnu3pw4br6Njzy21UD7cHft5S","previousCounter":0,"rootKey":"DWA0Ia5d0t3qmBSqlaX++/qNEBBO4DwGoBXFr8beQEs="},"indexInfo":{"baseKey":"BYszkVqXSYW1n2R7Ai4tFQNqVNsJHNrkR1jndoZDVDc9","baseKeyType":1,"closed":-1,"used":1767533372405,"created":1767533372405,"remoteIdentityKey":"BQAbOCBMfdN5KEaFV2a/SVRy2WQZk7bX1E1RtzqFluBl"},"_chains":{"BWPxjyya9/YR7c3y4FhAQqyLloMyWRCLc/0rjWmPz1gd":{"chainKey":{"counter":1,"key":"9z0kM92wzakZkycw/ChT6ZXeqX0WxT1o/y+MDcn8vAc="},"chainType":1,"messageKeys":{}}},"pendingPreKey":{"signedKeyId":14561107,"baseKey":"BYszkVqXSYW1n2R7Ai4tFQNqVNsJHNrkR1jndoZDVDc9"}}},"version":"v1"}