{"_sessions":{"BRjqcwpPs1RONOHmS40l7iIqsaXlDYaQHX5Xa1ofezNd":{"registrationId":734240130,"currentRatchet":{"ephemeralKeyPair":{"pubKey":"BZf/Vdfq8DvGqpe8j8EQ+Bl26kiewgFIGsn3w6N3IIRe","privKey":"cG48iFaC1gTBG3xI/wzOG0LcMHcUGMGTRIrIAHUuR0Q="},"lastRemoteEphemeralKey":"Ba2t8LFJXSRAJ8yMvC3PIZqK+wyweCIOJSzXX90nTA55","previousCounter":0,"rootKey":"6FZQECBmD27J5LYpAiNPZH2vVMx1XxexdGroyvq1KGo="},"indexInfo":{"baseKey":"BRjqcwpPs1RONOHmS40l7iIqsaXlDYaQHX5Xa1ofezNd","baseKeyType":1,"closed":-1,"used":1767574580275,"created":1767574580275,"remoteIdentityKey":"BXg6iHb2fMnT9zsD+gW8AWckDBJEHnWF/KEredWa+5t6"},"_chains":{"BZf/Vdfq8DvGqpe8j8EQ+Bl26kiewgFIGsn3w6N3IIRe":{"chainKey":{"counter":0,"key":"KCbyH/tgA41VaQvN/14+2ebsxU667/UGqA893akEVxE="},"chainType":1,"messageKeys":{}}},"pendingPreKey":{"signedKeyId":9920864,"baseKey":"BRjqcwpPs1RONOHmS40l7iIqsaXlDYaQHX5Xa1ofezNd","preKeyId":14597285}}},"version":"v1"}