{"_sessions":{"BURd37KOE1LcbK7zV+uDjwjBewAtU3BLXXCjPbL/7b0W":{"registrationId":77,"currentRatchet":{"ephemeralKeyPair":{"pubKey":"Bd13IK9LMBzi3SohDzpcJW7GlFU6k6n2fyTY4BKMNtId","privKey":"mC90C1AI6sA3laT/y2XHEM1+2pINM0yLIx5hiYjgm2k="},"lastRemoteEphemeralKey":"Bd4NtTk0R8CpveM6XbtiR8IeF4z0OJ1vql/6AGUTg7oH","previousCounter":0,"rootKey":"6A4LhgpX8TZFZqvWYl6iYbvpyRgtBCGjbxdbMPECMlY="},"indexInfo":{"baseKey":"BURd37KOE1LcbK7zV+uDjwjBewAtU3BLXXCjPbL/7b0W","baseKeyType":1,"closed":-1,"used":1767533369065,"created":1767533369065,"remoteIdentityKey":"BRiMZtO76BevDPbCoJHoSTijgqwGBjZeWsS6ZPDUtA4z"},"_chains":{"Bd13IK9LMBzi3SohDzpcJW7GlFU6k6n2fyTY4BKMNtId":{"chainKey":{"counter":1,"key":"4gVoxsjV/Gwd/OLRFCw9XWPezTil2zMb/B3s5x6CN/8="},"chainType":1,"messageKeys":{}}},"pendingPreKey":{"signedKeyId":1,"baseKey":"BURd37KOE1LcbK7zV+uDjwjBewAtU3BLXXCjPbL/7b0W"}}},"version":"v1"}