{"_sessions":{"BYmbz1y/lOkXwakgqkqLaSufAFYB1rOIC8dGfH4W/lwD":{"registrationId":1124437803,"currentRatchet":{"ephemeralKeyPair":{"pubKey":"Bc+msE+eDSye1NFSq7M3zEOtpg50rczohEU2ngVsjBoG","privKey":"gOqQoQV1/INgXAQ4HbPN0V4+uRSU6HwlmBbCqWJbEGY="},"lastRemoteEphemeralKey":"Bf1JtldusIuxXPWdODSTy7ebk0DgGWH8TkBH+ONFLmU6","previousCounter":0,"rootKey":"LKYZHYK0Us708g8q5zFaNgrr295VFA0dH93kqXXWxcg="},"indexInfo":{"baseKey":"BYmbz1y/lOkXwakgqkqLaSufAFYB1rOIC8dGfH4W/lwD","baseKeyType":1,"closed":-1,"used":1767533372329,"created":1767533372329,"remoteIdentityKey":"Bab1uE80SLJpPPMucZXAvyh8xgots9w5/w1u8ZigcuZK"},"_chains":{"Bc+msE+eDSye1NFSq7M3zEOtpg50rczohEU2ngVsjBoG":{"chainKey":{"counter":1,"key":"yztGKybUi7AcUZ+Eo6GeefTqK2yPq63N6iHrMEAA5Ls="},"chainType":1,"messageKeys":{}}},"pendingPreKey":{"signedKeyId":13296427,"baseKey":"BYmbz1y/lOkXwakgqkqLaSufAFYB1rOIC8dGfH4W/lwD"}}},"version":"v1"}