{"_sessions":{"Bdil6/EAKUpFf2HMack2O041XHj5gnuArNbbtxH57mNV":{"registrationId":1007135084,"currentRatchet":{"ephemeralKeyPair":{"pubKey":"BWWfSNd1Ki8FVgrYLitblXKW61e68bg+9/8NBEkppGxY","privKey":"GI6tQwOgs++aa6zTWMQGiOB5Cn7HJbrEoFg63r4QW30="},"lastRemoteEphemeralKey":"BVrM4OhR2j/+lG3w7M2RQspU9tfAOVws592p0M9ApCNl","previousCounter":0,"rootKey":"sZqRDvlweT/v+bG6O7LLEduLBh3mDZX0h/Uhm6RhHKY="},"indexInfo":{"baseKey":"Bdil6/EAKUpFf2HMack2O041XHj5gnuArNbbtxH57mNV","baseKeyType":1,"closed":-1,"used":1767533372172,"created":1767533372172,"remoteIdentityKey":"BduAqwfuxR3mQtXZ3rBJb8ndAI9M0hrZQ+hKg9X9MWgr"},"_chains":{"BWWfSNd1Ki8FVgrYLitblXKW61e68bg+9/8NBEkppGxY":{"chainKey":{"counter":1,"key":"z/TI24DhlImHHTW3vPq6i8ixosoYDn+80GBsEjGVQpU="},"chainType":1,"messageKeys":{}}},"pendingPreKey":{"signedKeyId":5920360,"baseKey":"Bdil6/EAKUpFf2HMack2O041XHj5gnuArNbbtxH57mNV"}}},"version":"v1"}