{"_sessions":{"BSYjA5TM7fabsnh3opOaBWvOSsiGy5hJWWNu77ZLkx0Q":{"registrationId":364420759,"currentRatchet":{"ephemeralKeyPair":{"pubKey":"BYI3Vj8gEn9tZ/wQ5oov4TFsSxEpje2bzlTzZ+Ykwagi","privKey":"CHhDIirP6aq8XBzQzLJGoiv6RJc8VZPwqkPmybxiFV0="},"lastRemoteEphemeralKey":"BbJIvXOG0vznnKmGo7FjJdGoPIGj2bJDpd/auDZw4pIF","previousCounter":0,"rootKey":"59fMd4hRFvuIR5qqSRgTNT6g+qN6cAVlkGs1PlQfcXE="},"indexInfo":{"baseKey":"BSYjA5TM7fabsnh3opOaBWvOSsiGy5hJWWNu77ZLkx0Q","baseKeyType":1,"closed":-1,"used":1767533369331,"created":1767533369331,"remoteIdentityKey":"BTV4Mg5Jp9aLlRIzqkilx5B8f/mPwFPEFvdMNHKyhfRj"},"_chains":{"BYI3Vj8gEn9tZ/wQ5oov4TFsSxEpje2bzlTzZ+Ykwagi":{"chainKey":{"counter":1,"key":"CLRYxP9TmEeixVC0cuszH4jj/c/pmrgrl6IpA85z8xM="},"chainType":1,"messageKeys":{}}},"pendingPreKey":{"signedKeyId":16366755,"baseKey":"BSYjA5TM7fabsnh3opOaBWvOSsiGy5hJWWNu77ZLkx0Q","preKeyId":16555411}}},"version":"v1"}