{"_sessions":{"BV7mPvvabipBWeGqcjoC04qDHOthaxGnEuWuNXgIiaAd":{"registrationId":10321,"currentRatchet":{"ephemeralKeyPair":{"pubKey":"Be5UKF4+cdcIgMESRo9UZO4CPVhkdfmQ65tpgP7xW74p","privKey":"4D49kh54LvUHwBCmYsE7bcoEQODD9d0c6VT/4oJrgnc="},"lastRemoteEphemeralKey":"Bcbj8vXZaIiNqwJyWq6ZU8aRss72pA9L6+jgLkigk/E3","previousCounter":0,"rootKey":"0Evs2u2xSidg5wtV8XrPFoYPzHXUkH97PP/V3Gau96Q="},"indexInfo":{"baseKey":"BV7mPvvabipBWeGqcjoC04qDHOthaxGnEuWuNXgIiaAd","baseKeyType":1,"closed":1767556433985,"used":1767556429272,"created":1767556429272,"remoteIdentityKey":"BQl16kZ3HLGJsIf+e8f5ZnzWQBfwhwg8m/BPKE8vFAok"},"_chains":{"Be5UKF4+cdcIgMESRo9UZO4CPVhkdfmQ65tpgP7xW74p":{"chainKey":{"counter":0,"key":"uTJWM6C9GbDYTaoMzSY98352J7ve4t/ZdpzkY3+5RPk="},"chainType":1,"messageKeys":{}}},"pendingPreKey":{"signedKeyId":1,"baseKey":"BV7mPvvabipBWeGqcjoC04qDHOthaxGnEuWuNXgIiaAd","preKeyId":733}},"BYQfnYour9UFMPiYL9NK7NjGjeY+iuyMXHS8NwPSJ5UD":{"registrationId":10321,"currentRatchet":{"ephemeralKeyPair":{"pubKey":"BUKZSMEOFFjqkWOwcQlliL/XSAY2HZxSoR2BDlSK9Sdi","privKey":"IPNLKtt5LckGwZIcrl3WYz7xQJz3Oh+iG6C9IhXHPHs="},"lastRemoteEphemeralKey":"BZFC2TTfi4xQftvGi9iev1mrHvJw9wijEwsieiLpykkr","previousCounter":2,"rootKey":"A053yrf/MTclArDrY5wQzPlFNqQJEY9RASpoOnWoiIg="},"indexInfo":{"baseKey":"BYQfnYour9UFMPiYL9NK7NjGjeY+iuyMXHS8NwPSJ5UD","baseKeyType":2,"closed":-1,"used":1767557801000,"created":1767556433996,"remoteIdentityKey":"BQl16kZ3HLGJsIf+e8f5ZnzWQBfwhwg8m/BPKE8vFAok"},"_chains":{"BRclK2MBf0Ewzqdgf9DY9h8/reZayqXgYbbOVEnRgCot":{"chainKey":{"counter":0},"chainType":2,"messageKeys":{}},"BZFC2TTfi4xQftvGi9iev1mrHvJw9wijEwsieiLpykkr":{"chainKey":{"counter":0,"key":"2XgLIZ6n6sPPDZ46Ykhj0NrB0FsvIlpQhqy4dRf3pu0="},"chainType":2,"messageKeys":{}},"BUKZSMEOFFjqkWOwcQlliL/XSAY2HZxSoR2BDlSK9Sdi":{"chainKey":{"counter":145,"key":"P8qnmqCXdOzju644ThYr5PZwYxw2++KTmoIVYXxbe3I="},"chainType":1,"messageKeys":{}}}}},"version":"v1"}