{"_sessions":{"BbS+9fbIS78F1oam6SlXo+13lSFS9n3V884JXMAC6319":{"registrationId":464175550,"currentRatchet":{"ephemeralKeyPair":{"pubKey":"BbeoTQtGo5NShE6QSRqmAMNWdXKsSSypd38+dmnjEWl2","privKey":"YHIDVNT0BpFCynQKwKkhFeJ3/PvBb1tKh1nYvLhBxls="},"lastRemoteEphemeralKey":"BWQe5hzGJDWSX47KDviXoVPElEyyGO3ylJ5YraprdDZZ","previousCounter":0,"rootKey":"LkLHo+IR3EL0yhSgccr99Y//K9ZzNN02tHM6HTgZcDM="},"indexInfo":{"baseKey":"BbS+9fbIS78F1oam6SlXo+13lSFS9n3V884JXMAC6319","baseKeyType":1,"closed":-1,"used":1767533372454,"created":1767533372454,"remoteIdentityKey":"BfqGKZ1Sm/ljquImFXlxsf9IpBie6oz0Er8tSASSGnIF"},"_chains":{"BbeoTQtGo5NShE6QSRqmAMNWdXKsSSypd38+dmnjEWl2":{"chainKey":{"counter":0,"key":"KogLaouPF107CQd737bcs8gsbxtfwMj2afDRbibKZSA="},"chainType":1,"messageKeys":{}}},"pendingPreKey":{"signedKeyId":7239338,"baseKey":"BbS+9fbIS78F1oam6SlXo+13lSFS9n3V884JXMAC6319","preKeyId":6987061}}},"version":"v1"}