{"_sessions":{"BYykfu3b9dTFgv8qPpZwanmVPpzQO7MfJNqnTqM4Dugd":{"registrationId":778499325,"currentRatchet":{"ephemeralKeyPair":{"pubKey":"BZNKArocQyh6J25+IiRflFacbtcutXa+XMfvDrSO6lx4","privKey":"uPhapuBOGzV9f8Z9atoht6Wr5TGVlghrgYBVS7GlFk0="},"lastRemoteEphemeralKey":"BaB4vpL1YDrjEiwQZDTvuaXmXzwYH7x6KSLvjFcWrvg3","previousCounter":0,"rootKey":"LGmrv1JLWu1EkF2Q3fOdaD8vd2h81j3kTCaTvri4M54="},"indexInfo":{"baseKey":"BYykfu3b9dTFgv8qPpZwanmVPpzQO7MfJNqnTqM4Dugd","baseKeyType":1,"closed":1767582408947,"used":1767568801831,"created":1767533369233,"remoteIdentityKey":"Bb6nMuB2EJY/i1+EzWJCmkafLr5jeonf/oq5gchiSogT"},"_chains":{"BaB4vpL1YDrjEiwQZDTvuaXmXzwYH7x6KSLvjFcWrvg3":{"chainKey":{"counter":4,"key":"bqndy3CVGoTt+d1r3/08NQBu0mbGq7B4plyAGVxalDI="},"chainType":2,"messageKeys":{}},"BZNKArocQyh6J25+IiRflFacbtcutXa+XMfvDrSO6lx4":{"chainKey":{"counter":0,"key":"mQuzLLXQ2vpx8Rg8ZRhbmfF2+862xUtl6jlKohUb/3Q="},"chainType":1,"messageKeys":{}}}},"BcRBCTlVNx8q/D7eTEcHXMROEaVifCBaeUdnYEP4a6x5":{"registrationId":778499325,"currentRatchet":{"ephemeralKeyPair":{"pubKey":"Ba6J70yzPJQBpE1Dyb0ev8bA3tiDKhmIdv5hVSnd8kRZ","privKey":"2BtsPvf+b0NghV0fFIGOOUny/mnSNVQEHhwuSml5518="},"lastRemoteEphemeralKey":"BcVCiOZWYIr8oBybxOgIG3zbhkZGCWIq2WOvN0G5nrBP","previousCounter":0,"rootKey":"PVmHUoiJqLPxnfn5JSZDQdXlEsJI2f2Qlfu/l6jmOek="},"indexInfo":{"baseKey":"BcRBCTlVNx8q/D7eTEcHXMROEaVifCBaeUdnYEP4a6x5","baseKeyType":2,"closed":-1,"used":1767582408952,"created":1767582408952,"remoteIdentityKey":"Bb6nMuB2EJY/i1+EzWJCmkafLr5jeonf/oq5gchiSogT"},"_chains":{"BcVCiOZWYIr8oBybxOgIG3zbhkZGCWIq2WOvN0G5nrBP":{"chainKey":{"counter":7,"key":"9xCWKs05J4WCmW6hIGyMn1FBFm/SnG4w3JS/jwUyL0s="},"chainType":2,"messageKeys":{}},"Ba6J70yzPJQBpE1Dyb0ev8bA3tiDKhmIdv5hVSnd8kRZ":{"chainKey":{"counter":-1,"key":"3G7UdZoDSNswjNaAbf1n67Q8HKkp+WJiE4FX6VG3Ik0="},"chainType":1,"messageKeys":{}}}}},"version":"v1"}