{"_sessions":{"BXrmsUzv8jjw9QuVgTlWjxC935Y1MIEmKVseTz4LG1B+":{"registrationId":485999310,"currentRatchet":{"ephemeralKeyPair":{"pubKey":"BcvAHx0TOH30Asn5DVqAoXbK8Ls7mlejm5AZcDM+IYMy","privKey":"SLf/4+s9T5ETTfW4VkSpaPazUuxS5k5aL0WE59FgqGU="},"lastRemoteEphemeralKey":"BeCS8VuPbvwNqR0QYWQDw1+JMQnPj8kmNveZwa3WNmcG","previousCounter":0,"rootKey":"aHzEkWacS/E7w41cPjeJNSwEcXxahZuRwy0hjqR8CTU="},"indexInfo":{"baseKey":"BXrmsUzv8jjw9QuVgTlWjxC935Y1MIEmKVseTz4LG1B+","baseKeyType":1,"closed":-1,"used":1767696519440,"created":1767533372375,"remoteIdentityKey":"BUp3ctzJ3CpnCZJB2en8ahWEfOc0VIAUsTkGORkEu45H"},"_chains":{"BYpInMVO1uI5Y2qagm/lG8AUuASTsm4EtfOFasQh5TRH":{"chainKey":{"counter":0},"chainType":2,"messageKeys":{}},"BeCS8VuPbvwNqR0QYWQDw1+JMQnPj8kmNveZwa3WNmcG":{"chainKey":{"counter":0,"key":"VMHLj8+AgqbalPpO3HBoeQQxVACusjumnCKmVjTCLIc="},"chainType":2,"messageKeys":{}},"BcvAHx0TOH30Asn5DVqAoXbK8Ls7mlejm5AZcDM+IYMy":{"chainKey":{"counter":-1,"key":"hVk2zJN25taGq0RU5I9AxlTaOpHbu8vctIyhOSHQ+1Y="},"chainType":1,"messageKeys":{}}}}},"version":"v1"}