{"_sessions":{"BQX06Ptc8ry7X4S9uGiYd0xje9t1atfiMbCHUqusyFZc":{"registrationId":1414067573,"currentRatchet":{"ephemeralKeyPair":{"pubKey":"Bbj44he8D5KwTCiISYus0kLzo53EvmWS6XJcrV6C+bQ/","privKey":"EE9zznfjVMjTuOoPNu0TCkM27lEcZIhMiHFpn73te2M="},"lastRemoteEphemeralKey":"BX+hIPuh+tFGXWqpDwcqE8D4qqyu96SNa1AXtrVOi7oX","previousCounter":0,"rootKey":"kep4bjjDKTIkr4YLorhPYNYfjrnuWznmqMtNpcMO7ko="},"indexInfo":{"baseKey":"BQX06Ptc8ry7X4S9uGiYd0xje9t1atfiMbCHUqusyFZc","baseKeyType":1,"closed":-1,"used":1767533369257,"created":1767533369257,"remoteIdentityKey":"BW7Bsk8FJGOqU1HFPImzPDYlxEVKtqeCcgRJEbdjS+p6"},"_chains":{"Bbj44he8D5KwTCiISYus0kLzo53EvmWS6XJcrV6C+bQ/":{"chainKey":{"counter":1,"key":"+POIzIDGt7Zk5JZOlVQYeKECu7plst2K7i7dFDhjcyk="},"chainType":1,"messageKeys":{}}},"pendingPreKey":{"signedKeyId":4129381,"baseKey":"BQX06Ptc8ry7X4S9uGiYd0xje9t1atfiMbCHUqusyFZc","preKeyId":4443477}}},"version":"v1"}