{"_sessions":{"BXkABJ2X2PKdKRjlTYPTt8Wq9IFFQ9B/wOto4hhUmLoI":{"registrationId":2026944981,"currentRatchet":{"ephemeralKeyPair":{"pubKey":"BTu4gKf0UKHsdP0hYb7A84oiw8CRd5nCwrVNnOwc1w1f","privKey":"+Kbms5h4hl1hvAKqRbOlGeXqfenlvyMFMBWjUf/GGWI="},"lastRemoteEphemeralKey":"Bc4o1QbHbrI7QgOnKH2Rsmwq1bWvQvJ4C579aHMTibY9","previousCounter":0,"rootKey":"1/2Zbgft3xip4eWMmoocgPJi2B57ggRPPHw65yLfCmY="},"indexInfo":{"baseKey":"BXkABJ2X2PKdKRjlTYPTt8Wq9IFFQ9B/wOto4hhUmLoI","baseKeyType":1,"closed":-1,"used":1767533369272,"created":1767533369272,"remoteIdentityKey":"BXpdXlFBtM1vOkplKLiO5q1XCknCZeKLnpee1P0r3aUt"},"_chains":{"BTu4gKf0UKHsdP0hYb7A84oiw8CRd5nCwrVNnOwc1w1f":{"chainKey":{"counter":1,"key":"e9yph+vccarg4RVWz7dD3bQHPZaUpNZepnVNgDfdm4o="},"chainType":1,"messageKeys":{}}},"pendingPreKey":{"signedKeyId":265579,"baseKey":"BXkABJ2X2PKdKRjlTYPTt8Wq9IFFQ9B/wOto4hhUmLoI","preKeyId":2060}}},"version":"v1"}