{"_sessions":{"Beh16A4WmMRIkEGbTpT7NoB7dNLaOEgFclTPWoZfzPpe":{"registrationId":1560070217,"currentRatchet":{"ephemeralKeyPair":{"pubKey":"BZqA6+nvMHPSFIQ3T1j/VyBDVesJDW1el4sTgLPMvwQP","privKey":"IJM3lsZ7t3cSEOrSlQ2BC3zXZIIGrpoYdWJtEggaylc="},"lastRemoteEphemeralKey":"BQsoz+Zr0lbqYZxm+yi/2QrE2sh253bBNqWvOynR/+ZT","previousCounter":0,"rootKey":"YMPi/RwtDC5Nv3ufJyeaf+dHIZZaAMASBA76pZvGWK4="},"indexInfo":{"baseKey":"Beh16A4WmMRIkEGbTpT7NoB7dNLaOEgFclTPWoZfzPpe","baseKeyType":1,"closed":-1,"used":1767703945193,"created":1767703846470,"remoteIdentityKey":"BdMAv7aqRiPLq3BuILW9UhswBvm6zOvgQpxzEfi9jlw0"},"_chains":{"BQsoz+Zr0lbqYZxm+yi/2QrE2sh253bBNqWvOynR/+ZT":{"chainKey":{"counter":0,"key":"JRCDDnruFuhOr1PMXz0gySX/3Xq7bx41+ZFy2ar4hf0="},"chainType":2,"messageKeys":{}},"BZqA6+nvMHPSFIQ3T1j/VyBDVesJDW1el4sTgLPMvwQP":{"chainKey":{"counter":-1,"key":"Y3ECs5H0cUT0KA/LqiZX8SKcCbjNLUwVx0fCjX4susc="},"chainType":1,"messageKeys":{}}}}},"version":"v1"}