{"_sessions":{"BTHcVyzU+AwmREq4awa2opy9ewNU/GmAjqwyi5kzvW4j":{"registrationId":377115924,"currentRatchet":{"ephemeralKeyPair":{"pubKey":"BYJ/Nk6ECRyvlTfncFug3ScgXSNL1hjJpF3X7/a/pd0y","privKey":"KCflkw5jyZTN+4PjqNmSfUL6Tew7oZ4IQNJdNq4USk8="},"lastRemoteEphemeralKey":"BeiHlK6/P8wyohYGnMgFh+GRh1rgug3xJolBv2JaiqM9","previousCounter":0,"rootKey":"Eb7dkO4ppxYyrReyfkdDMmCoJGffKfb7fhDfK0pFNqY="},"indexInfo":{"baseKey":"BTHcVyzU+AwmREq4awa2opy9ewNU/GmAjqwyi5kzvW4j","baseKeyType":1,"closed":-1,"used":1767533372309,"created":1767533372309,"remoteIdentityKey":"BdHGLAF2yO6tfpw8wuycoGmYzFoBwpErg5gsrL7zaMRs"},"_chains":{"BYJ/Nk6ECRyvlTfncFug3ScgXSNL1hjJpF3X7/a/pd0y":{"chainKey":{"counter":1,"key":"1lLVP5soIihYRQ7UfVy5uHeY66LUcGhlwk6fblv6+t8="},"chainType":1,"messageKeys":{}}},"pendingPreKey":{"signedKeyId":1358804,"baseKey":"BTHcVyzU+AwmREq4awa2opy9ewNU/GmAjqwyi5kzvW4j","preKeyId":16578670}}},"version":"v1"}