{"_sessions":{"BVijhomzLtrSD5qFGY4v79aOafPVMjVjGEBn61O2g7sc":{"registrationId":1633233321,"currentRatchet":{"ephemeralKeyPair":{"pubKey":"BTd8EgYJ3wamKIkE9BpYHPJFadk9civKCJDkNM61RGtv","privKey":"SCfAXqIlC+fH+pipATB8eab/3oHk+9rNr+VL3hogNkk="},"lastRemoteEphemeralKey":"BTHm4J7i5qnoQm/COrQQY7rJjbUeG0flPUfaMG5e2d9u","previousCounter":0,"rootKey":"LSyO4C06zmQXrd7AGNYqgveTuC7ahlTAdS8rTs79ZkE="},"indexInfo":{"baseKey":"BVijhomzLtrSD5qFGY4v79aOafPVMjVjGEBn61O2g7sc","baseKeyType":1,"closed":-1,"used":1767533369213,"created":1767533369213,"remoteIdentityKey":"BV3moJFb5fSYdZPXlizWS2u6V+aTlS+MnNWWJ6mrhawq"},"_chains":{"BTd8EgYJ3wamKIkE9BpYHPJFadk9civKCJDkNM61RGtv":{"chainKey":{"counter":1,"key":"GGY/1B4B3e9GZUEkmT42fHIIA7WHaDDzWd2PX6ssQ6I="},"chainType":1,"messageKeys":{}}},"pendingPreKey":{"signedKeyId":8333144,"baseKey":"BVijhomzLtrSD5qFGY4v79aOafPVMjVjGEBn61O2g7sc","preKeyId":13777361}}},"version":"v1"}