{"_sessions":{"BdjsPReGWCvojzOKLK8csx1eQ0blpDZvQ6w2PC2JW2pj":{"registrationId":1776636758,"currentRatchet":{"ephemeralKeyPair":{"pubKey":"BW9iqQY7qKrkFAAt6bF6XSn+Qu0V/5EzUc2gtKnnO0ZV","privKey":"0GeO2LvYpZbNmYK4W0KOU9Ua0wxlyLWougIasNmtwkQ="},"lastRemoteEphemeralKey":"BTD3vJZNpqz92IB220PVzC3rRKT1+2+nG3NX4/BrQCgS","previousCounter":0,"rootKey":"JknGpWh29YhbIosJiKboi8vrUtW2yA7SzeddMJF2ulA="},"indexInfo":{"baseKey":"BdjsPReGWCvojzOKLK8csx1eQ0blpDZvQ6w2PC2JW2pj","baseKeyType":1,"closed":-1,"used":1767533369242,"created":1767533369242,"remoteIdentityKey":"BUayqfREchyznrcn6roUT9In1QwRvAybmZJbzZMAd9EI"},"_chains":{"BW9iqQY7qKrkFAAt6bF6XSn+Qu0V/5EzUc2gtKnnO0ZV":{"chainKey":{"counter":1,"key":"K6heP2wwgKVk4xZCSc7wD4tEZ3EmWfWE3hLwxSRkiN0="},"chainType":1,"messageKeys":{}}},"pendingPreKey":{"signedKeyId":2674039,"baseKey":"BdjsPReGWCvojzOKLK8csx1eQ0blpDZvQ6w2PC2JW2pj","preKeyId":5589955}}},"version":"v1"}