{"_sessions":{"BZjjr0WE2N1NXhsyesb9Zvna1u+axdYmXtZa/LKOchhu":{"registrationId":1114252188,"currentRatchet":{"ephemeralKeyPair":{"pubKey":"BUSeXyJfDEIa8xd2ekIs1UuE9enUo29WOdd/rItapwdL","privKey":"4JLu9cyZGhdFodQQhrJvuMZxcp67835vm7mjyWtOAlg="},"lastRemoteEphemeralKey":"BVniHxM+ZCMMBfGqqt1SJ62/9WM6RTgpJCaWvYUhLq8J","previousCounter":0,"rootKey":"zTD7mTJEJV+RnRY6girONxh+9UPcXKjOPttl0tgsn08="},"indexInfo":{"baseKey":"BZjjr0WE2N1NXhsyesb9Zvna1u+axdYmXtZa/LKOchhu","baseKeyType":1,"closed":-1,"used":1767564478698,"created":1767533372217,"remoteIdentityKey":"BYZ2wJTXabARaXGv6z2dmGVx/puDMc/0I7trtTRlTHEc"},"_chains":{"BVniHxM+ZCMMBfGqqt1SJ62/9WM6RTgpJCaWvYUhLq8J":{"chainKey":{"counter":0,"key":"ShxqIZ6sJAWqWqIgq7/Uq2dD0qQCrvx7rpyfwjYbFqs="},"chainType":2,"messageKeys":{}},"BUSeXyJfDEIa8xd2ekIs1UuE9enUo29WOdd/rItapwdL":{"chainKey":{"counter":0,"key":"ML2TM9IEmGNqUgZSrOvMZtYMTjlTHJg2W8b4o/ebS9Y="},"chainType":1,"messageKeys":{}}}}},"version":"v1"}