{"_sessions":{"BQ1gUiRtqOVQou76rxy6m0036rZI56st18JR8X8z60se":{"registrationId":1957498539,"currentRatchet":{"ephemeralKeyPair":{"pubKey":"BQe8tIMWHuYxuINclCVW7camtyStonBED0NhN5Vp8CI5","privKey":"II5TFPzcxILlx2xiMBLG2IoZnMPYQjokVZ6CpQ2HhFA="},"lastRemoteEphemeralKey":"BX7m+/FAmBarLwXXEdT6hi5ZNtK3bAZZ6WmS6iTAg8Yx","previousCounter":0,"rootKey":"3Fn7ZivipOwI+O6yNB/udtSh2QcpJPbmwXjjZhoSwII="},"indexInfo":{"baseKey":"BQ1gUiRtqOVQou76rxy6m0036rZI56st18JR8X8z60se","baseKeyType":1,"closed":-1,"used":1767658859580,"created":1767533369413,"remoteIdentityKey":"BbJI+drozegmGSVLZVJd3rwdzDHecrc0MoikBYsMC8sn"},"_chains":{"BYbqFB1AzR8PXFK2RrE9STXp03ra3Ls6r0poTRVEftYI":{"chainKey":{"counter":2},"chainType":2,"messageKeys":{}},"BX7m+/FAmBarLwXXEdT6hi5ZNtK3bAZZ6WmS6iTAg8Yx":{"chainKey":{"counter":5,"key":"m2DkmREJox38xN7sY9ewx9J6wt6CmYF4iOyC94OfWk8="},"chainType":2,"messageKeys":{"3":"h2/IVpPQ53ZfNRnr2Kc5Rib/HS+xAj8Bjwn4mS8xM8s="}},"BQe8tIMWHuYxuINclCVW7camtyStonBED0NhN5Vp8CI5":{"chainKey":{"counter":-1,"key":"UY/IvuQnjAF/CdkDzkpmp7gOHgRPD7Jg21yRzC2EvA8="},"chainType":1,"messageKeys":{}}}}},"version":"v1"}