{"_sessions":{"BaeXlOn68V74uIMhGuPdK4/o85tPaK+3szHOdiH69AdE":{"registrationId":2144071555,"currentRatchet":{"ephemeralKeyPair":{"pubKey":"BW8VjCGrD3upb+TiCy8clkkoDpt+7h/Lj84TRH+SCSV3","privKey":"4E8QAtFlNxoS05SlBzYp2GMsKQXoZMiPmw4IlaJl9X8="},"lastRemoteEphemeralKey":"BZvxfzBHuCEugCMDXtSbW5TCO68hXBDWBm3qMIohjr8e","previousCounter":0,"rootKey":"e4JVrKvUtDnrac58F00z6L+7mYC0twLfY3gAHVwuruk="},"indexInfo":{"baseKey":"BaeXlOn68V74uIMhGuPdK4/o85tPaK+3szHOdiH69AdE","baseKeyType":1,"closed":-1,"used":1767533369422,"created":1767533369422,"remoteIdentityKey":"BYyjjbVC2vZWuF2sYwXCD+hYxkhdbqYtlmwQcerzTAB0"},"_chains":{"BW8VjCGrD3upb+TiCy8clkkoDpt+7h/Lj84TRH+SCSV3":{"chainKey":{"counter":1,"key":"G3N+CKZV+brdurB6qSS+5o+Pdm+ZePqmTcZgNUu22wo="},"chainType":1,"messageKeys":{}}},"pendingPreKey":{"signedKeyId":8294275,"baseKey":"BaeXlOn68V74uIMhGuPdK4/o85tPaK+3szHOdiH69AdE","preKeyId":20129}}},"version":"v1"}