{"_sessions":{"BcfOTBtdjXFUqWAlmNlC5MShQsMW42uS9wP+3I1yuHt1":{"registrationId":15260,"currentRatchet":{"ephemeralKeyPair":{"pubKey":"BWNzPj8r0atabSRCL2dibcc0Nr8jsfd6hupr0c0rWh5y","privKey":"IOI5fkcErWMTPLmAGrTYnjMDU0PRVK6fkSTCsKH8VWY="},"lastRemoteEphemeralKey":"BSQb72RPj6bvW4V3plQdj5DlEz1QohnpXshL/CDdcxQu","previousCounter":0,"rootKey":"EUpCpqrrp8Hy5AwPHqUx3XNQ7eXLIgMUgYLK0g3mhrY="},"indexInfo":{"baseKey":"BcfOTBtdjXFUqWAlmNlC5MShQsMW42uS9wP+3I1yuHt1","baseKeyType":1,"closed":-1,"used":1767533369090,"created":1767533369090,"remoteIdentityKey":"BfySnVWLUCWqzL/HDvV5qBmTX/HNau+X26HvFNPbW55H"},"_chains":{"BWNzPj8r0atabSRCL2dibcc0Nr8jsfd6hupr0c0rWh5y":{"chainKey":{"counter":1,"key":"kGnl/tiiSZUbQhi2tLEoj/vISLEmxRGKjo38GpIaAYk="},"chainType":1,"messageKeys":{}}},"pendingPreKey":{"signedKeyId":1,"baseKey":"BcfOTBtdjXFUqWAlmNlC5MShQsMW42uS9wP+3I1yuHt1"}}},"version":"v1"}