{"_sessions":{"BW4WCcZPcSUPs7xH1JSKjTE/FAtzAoKBuZ99IS8f/U0P":{"registrationId":1131649563,"currentRatchet":{"ephemeralKeyPair":{"pubKey":"Bc6fCiEWfIl1RrmkicPXqMf60gqwwPA/cEjL+3wyLkRJ","privKey":"yMHhVCcGHTp42eS9Pd/0Q2Cf7DGQCLe6uNkqrqnzsWw="},"lastRemoteEphemeralKey":"Bdqcun8BfTeDGk/+z/DOgLqZE4ptodJVHLTPRfXLwf4D","previousCounter":0,"rootKey":"yxjMLNsobRs21VTOwo6psN3HusPKQbDObLBqM7mx6Ak="},"indexInfo":{"baseKey":"BW4WCcZPcSUPs7xH1JSKjTE/FAtzAoKBuZ99IS8f/U0P","baseKeyType":1,"closed":-1,"used":1767570049717,"created":1767533372296,"remoteIdentityKey":"BQKdeToHNB+pvhgZFzm1vAfUasKHSWcCuUXIu9Y3Ct4o"},"_chains":{"Bdqcun8BfTeDGk/+z/DOgLqZE4ptodJVHLTPRfXLwf4D":{"chainKey":{"counter":0,"key":"URQbXr2tqUbpRrwq+tDVQHpj4W87J5BCTFRaacInXg8="},"chainType":2,"messageKeys":{}},"Bc6fCiEWfIl1RrmkicPXqMf60gqwwPA/cEjL+3wyLkRJ":{"chainKey":{"counter":0,"key":"PDL3xKlNi7nZFTgTB75RTyNyoM28dMrfzuaavGv4zX4="},"chainType":1,"messageKeys":{}}}}},"version":"v1"}