{"_sessions":{"BbtW0MEIVWeTJqZrPFthEqipjMd9//wHn9pBQfRxfrg5":{"registrationId":39035300,"currentRatchet":{"ephemeralKeyPair":{"pubKey":"BRsmcJWU6iIC9ZT+/oUps8sP3mHpg545fDMBkM9mOxpF","privKey":"SFB2CC2mxnE23LhP/TX03QWSE/awYJx+PTNF/zjk93k="},"lastRemoteEphemeralKey":"BdKgZ2l4ckG4LZf6VMafo1LbinToJhvUcdxTXkgJTp4X","previousCounter":0,"rootKey":"SOIdkCUuy/AHi0qOKGfJdYlEQoHylEayfDSBAFqZjLs="},"indexInfo":{"baseKey":"BbtW0MEIVWeTJqZrPFthEqipjMd9//wHn9pBQfRxfrg5","baseKeyType":1,"closed":-1,"used":1767567536461,"created":1767533369355,"remoteIdentityKey":"BWHBuAFkaSUoMKc9OUmaHEia5RTrS/kY626fJ1+VYaAs"},"_chains":{"BdKgZ2l4ckG4LZf6VMafo1LbinToJhvUcdxTXkgJTp4X":{"chainKey":{"counter":0,"key":"A+D6dK37ViMQiexEBzO319UPt2nET4wB/Oc2EatjpX4="},"chainType":2,"messageKeys":{}},"BRsmcJWU6iIC9ZT+/oUps8sP3mHpg545fDMBkM9mOxpF":{"chainKey":{"counter":0,"key":"hecO7sPHQN+3r1qVm5YnQx3WdFUP/qF0EAMhSGJeBkc="},"chainType":1,"messageKeys":{}}}}},"version":"v1"}