{"_sessions":{"BaK4PcQqACg1hPDxBuLGT5VYNljWiNSBVEs22If/Wv0g":{"registrationId":1743052237,"currentRatchet":{"ephemeralKeyPair":{"pubKey":"BUrGiQjAxurZ+otyk6ZSAakoJ/AmZIwVbWdPXb1NuzQR","privKey":"IAycqzbUKrc0BL5nsvte3QYtMFKVLZhE6l7d4FIa5nQ="},"lastRemoteEphemeralKey":"BVgpni5VEgqay0pKJS9gzmRLUBMcvDcFPFnNA8Pms90b","previousCounter":0,"rootKey":"tuWu4QNVF1K2nELGl0pfu8VlmUKnjDuZ3OCSgNqyMk8="},"indexInfo":{"baseKey":"BaK4PcQqACg1hPDxBuLGT5VYNljWiNSBVEs22If/Wv0g","baseKeyType":1,"closed":-1,"used":1767696906001,"created":1767533372356,"remoteIdentityKey":"BaQLoeJ+hFkjPAlRfBLiMIyoiUt4tmJ69JP4UibtDUVC"},"_chains":{"BaSgWi2EXWSyvE4etk+0E1rEeiZEMdmbW2/e70NBMm17":{"chainKey":{"counter":1},"chainType":2,"messageKeys":{}},"BVgpni5VEgqay0pKJS9gzmRLUBMcvDcFPFnNA8Pms90b":{"chainKey":{"counter":41,"key":"YKEOCBRDLruijmLuQERllgiyhAlePCEXTPS77iB0kT8="},"chainType":2,"messageKeys":{}},"BUrGiQjAxurZ+otyk6ZSAakoJ/AmZIwVbWdPXb1NuzQR":{"chainKey":{"counter":-1,"key":"vPWsPP7QKvXfHguEPVyu9SxPAKDDf15+NhRj+foicT0="},"chainType":1,"messageKeys":{}}}}},"version":"v1"}