{"_sessions":{"BeKEcFp7uW1cH5smsZjQlsZRFRuYcEdEvXIQOsRCZqAN":{"registrationId":837179972,"currentRatchet":{"ephemeralKeyPair":{"pubKey":"BS115N8AXSyYg/kjWl5MIxZhxmB45VMKtfVCNYALs8pg","privKey":"YAkJ03vvWkaLqomX7rmPrzRNgAiUMjoSmdH+DvAmp3w="},"lastRemoteEphemeralKey":"Bbo+0023QXVAgERAo6/1kCCzBgM7HzYRdqmGqEq2rLhk","previousCounter":1,"rootKey":"A0zuDrXjjcEh1JR2rNJYF+nPA7xIErf+uxlPbMymzRw="},"indexInfo":{"baseKey":"BeKEcFp7uW1cH5smsZjQlsZRFRuYcEdEvXIQOsRCZqAN","baseKeyType":2,"closed":-1,"used":1767696649288,"created":1767567439000,"remoteIdentityKey":"BUnjRKZ15NGXeZmnVPm5WqC+Ym44zpEMfI80UM/0grpr"},"_chains":{"BR00wNLDD6yuBBy08pJz/g+UrQ4EvaWuui6OGvJrp8tC":{"chainKey":{"counter":0},"chainType":2,"messageKeys":{}},"Bbo+0023QXVAgERAo6/1kCCzBgM7HzYRdqmGqEq2rLhk":{"chainKey":{"counter":35,"key":"8Q4kUmp3iEiwE6TddvulMOEVBOF4tSlLTF+i5Bw81Qs="},"chainType":2,"messageKeys":{"4":"CGyzS9XYsIm083NEsCWStlZS8bR9tlJKEmGTk+r8RC4="}},"BS115N8AXSyYg/kjWl5MIxZhxmB45VMKtfVCNYALs8pg":{"chainKey":{"counter":-1,"key":"ZuOkyecmYK69iWKLKEC0KTlBAVYcTiy0aptYkIXYBOQ="},"chainType":1,"messageKeys":{}}}}},"version":"v1"}