{"_sessions":{"BSHLcagdXgh5DrnQp3CkVKrIL+L7MknaIWWttFh1OVoK":{"registrationId":7398,"currentRatchet":{"ephemeralKeyPair":{"pubKey":"BbTKm32F9LPXaOiHKBF8QiV66JdG56j8sH4oCrcYlCQG","privKey":"IP+quB0oreD+oxmgS0AMemZfWhajYT2QNuqsZ/Q8X0U="},"lastRemoteEphemeralKey":"BclySf+O0Jseen+GxTXrt7WA+FylduZaGVkzqEnTHV49","previousCounter":0,"rootKey":"108Y13gQr7U5e2CZSB+zub++0bfYBWUuizgNYTub+dc="},"indexInfo":{"baseKey":"BSHLcagdXgh5DrnQp3CkVKrIL+L7MknaIWWttFh1OVoK","baseKeyType":1,"closed":-1,"used":1767672139338,"created":1767672139338,"remoteIdentityKey":"Bc8X62Zt/qQpd7W6c7YJh5RNZW8ZXCIxuNw9hfuyMqpQ"},"_chains":{"BbTKm32F9LPXaOiHKBF8QiV66JdG56j8sH4oCrcYlCQG":{"chainKey":{"counter":0,"key":"NO9wmPCrBgekEzhibURGtT0wvEmi5OiZD9GKAMnDivE="},"chainType":1,"messageKeys":{}}},"pendingPreKey":{"signedKeyId":1,"baseKey":"BSHLcagdXgh5DrnQp3CkVKrIL+L7MknaIWWttFh1OVoK","preKeyId":794}}},"version":"v1"}