{"_sessions":{"BQQDpeiisSW/GXzi/ZwihKullU4DmVLpb2KgGNnRL+1j":{"registrationId":991109794,"currentRatchet":{"ephemeralKeyPair":{"pubKey":"BcwLd8cTK/yHnikgHe9u3NAgUHaCJnSXpEcFIkilg3gr","privKey":"cMv5IhQBI/FWNHsiPfJeZXPDeDYuRqHxFX9UWbYVr0s="},"lastRemoteEphemeralKey":"BYuGRGRiR75Z+uo2p5xSOBpQ0v0wzyuqbTkK7FEYqPxf","previousCounter":0,"rootKey":"5MdHELYSZEUX7l6Wm2NTQQc9CgEckWtdeqgPKSS7+B4="},"indexInfo":{"baseKey":"BQQDpeiisSW/GXzi/ZwihKullU4DmVLpb2KgGNnRL+1j","baseKeyType":2,"closed":-1,"used":1767536196142,"created":1767536196142,"remoteIdentityKey":"BSIYGeTwzQSANzXM3CbR3Q3eFBdIMG6AoHQeBfM8eZ1O"},"_chains":{"BYuGRGRiR75Z+uo2p5xSOBpQ0v0wzyuqbTkK7FEYqPxf":{"chainKey":{"counter":1,"key":"j5GHXzVe2X2tJGUyx+8QbeJp+Axn86Q+JMJPKKaD66I="},"chainType":2,"messageKeys":{}},"BcwLd8cTK/yHnikgHe9u3NAgUHaCJnSXpEcFIkilg3gr":{"chainKey":{"counter":-1,"key":"RL9GQJ9XBBFqINq/ZSeQXFIsvteQBzSu2ozagFt+SjU="},"chainType":1,"messageKeys":{}}}}},"version":"v1"}