{"_sessions":{"BUVXWyvdk5xtQ3a7ay1r726MaA53oky6wtEowN8XTGAE":{"registrationId":1082147222,"currentRatchet":{"ephemeralKeyPair":{"pubKey":"BdUzLZMO/vO+Pd8f9Z4ZowjgaNV+spsKvV7HYxheDUYH","privKey":"oHCdr8W2lz0aurISuo0nWEisDQ9d20r0FoWXVPnkhlo="},"lastRemoteEphemeralKey":"BS6ut/loT8FBFVdwJxhShKgCr1l9LFX4eLHh3chsHNJr","previousCounter":0,"rootKey":"ks0ruKfgbKhGBcRrPX4NFEl2eZumaOtO23+CQcnt16E="},"indexInfo":{"baseKey":"BUVXWyvdk5xtQ3a7ay1r726MaA53oky6wtEowN8XTGAE","baseKeyType":1,"closed":-1,"used":1767533369281,"created":1767533369281,"remoteIdentityKey":"BRjWuku0Z8SZ/8ozt1ptFD6DrtplOXRd0rKnVW2akUwE"},"_chains":{"BdUzLZMO/vO+Pd8f9Z4ZowjgaNV+spsKvV7HYxheDUYH":{"chainKey":{"counter":1,"key":"zJJm3irlQJPuu3bER2VsnVtQhdM3iVZ5USamyqGc5cw="},"chainType":1,"messageKeys":{}}},"pendingPreKey":{"signedKeyId":10004022,"baseKey":"BUVXWyvdk5xtQ3a7ay1r726MaA53oky6wtEowN8XTGAE"}}},"version":"v1"}