{"_sessions":{"BeePzpWyn8c8DOTpXQlFlYql2+Hx6mFVhwl2ln7LA/Yy":{"registrationId":897093519,"currentRatchet":{"ephemeralKeyPair":{"pubKey":"BQht7ShepW/jIETTMmq7Y1ckvRbg1QsxAB4I/YmoRXlM","privKey":"eFypCQPqDGOYYxOeyzucXvJ3f/0Nruiza+sOJfLkGGs="},"lastRemoteEphemeralKey":"BeSH1ghJXh7lMGrF8uWUO+8JGElnb5KIWzzA0VdHpVFC","previousCounter":0,"rootKey":"VQazCcBlJAnpKNzlmO/NdfL/wLWhreGdzQPCTRRk/AU="},"indexInfo":{"baseKey":"BeePzpWyn8c8DOTpXQlFlYql2+Hx6mFVhwl2ln7LA/Yy","baseKeyType":1,"closed":-1,"used":1767614935070,"created":1767614935070,"remoteIdentityKey":"BeG/OkfevMwdKIS7Amo9OZe4y5oTY+n7/736JM/8oA0K"},"_chains":{"BQht7ShepW/jIETTMmq7Y1ckvRbg1QsxAB4I/YmoRXlM":{"chainKey":{"counter":0,"key":"Pm5e5q0mjphZamgoFSWAawxTAfmJenHPgXsd/1AvYaQ="},"chainType":1,"messageKeys":{}}},"pendingPreKey":{"signedKeyId":3660372,"baseKey":"BeePzpWyn8c8DOTpXQlFlYql2+Hx6mFVhwl2ln7LA/Yy","preKeyId":3040976}}},"version":"v1"}