{"_sessions":{"Bdx6DzsYHrWd94h1E+S6sSple1FMKF9iz+5fhRZwgEh0":{"registrationId":1819646433,"currentRatchet":{"ephemeralKeyPair":{"pubKey":"BW4+2huSbn6uo6XIAyk6U8Y4rZ7PvpyNQe1Ky0FVUHlJ","privKey":"EMo7UqADCnKDRHPHrJk5hmZ5zb8cKXWvYw4BFD5o7HE="},"lastRemoteEphemeralKey":"BaneZMS6+JLZUchxiTOSjIux5RxhgIPJfYTFq6wgQ7Fy","previousCounter":1,"rootKey":"72uZDwaaMfzoXGpUFOC51tQvlsqlirVbbw0JrRHjEgc="},"indexInfo":{"baseKey":"Bdx6DzsYHrWd94h1E+S6sSple1FMKF9iz+5fhRZwgEh0","baseKeyType":1,"closed":-1,"used":1767577290447,"created":1767533372140,"remoteIdentityKey":"BQEPbI//3R2TClZkFF+/9PweZc9lEl00u0Qop7DmUJQ0"},"_chains":{"BaneZMS6+JLZUchxiTOSjIux5RxhgIPJfYTFq6wgQ7Fy":{"chainKey":{"counter":0,"key":"QQKs5pVvs0VVuHl9LVKP8QsUd5sJlAgo/UtghoL6RdM="},"chainType":2,"messageKeys":{}},"BW4+2huSbn6uo6XIAyk6U8Y4rZ7PvpyNQe1Ky0FVUHlJ":{"chainKey":{"counter":-1,"key":"lkrSihJEXexfg8/nxiIOoOC9cfJQjKfB9FXGg0ZkBXU="},"chainType":1,"messageKeys":{}}}}},"version":"v1"}