{"_sessions":{"BbZ0eCBUNTgaf98FV7lpMi1antwERnU1Sp8M4cm9oqBg":{"registrationId":1262257902,"currentRatchet":{"ephemeralKeyPair":{"pubKey":"BeqRoYcXyo4BLFern/Gt2PcpMtj0TaK/kD2VxuXj/MNL","privKey":"4F8atEh9DYRKFG7z6qCzCJy0TUE5QH5V6oyYxpXEi3A="},"lastRemoteEphemeralKey":"BantIeSd9YfNaguPK/UlI8IALEkWIJ5VuHnFShRFgbou","previousCounter":0,"rootKey":"nARQclXpkxMbhAJvE7MocD7kjMrrHq76VjwtkexCNy4="},"indexInfo":{"baseKey":"BbZ0eCBUNTgaf98FV7lpMi1antwERnU1Sp8M4cm9oqBg","baseKeyType":1,"closed":-1,"used":1767533372463,"created":1767533372463,"remoteIdentityKey":"BZRvxHm3JR9djPpU6fgbWclgn9hSDBaG+NtP8FA6IsQX"},"_chains":{"BeqRoYcXyo4BLFern/Gt2PcpMtj0TaK/kD2VxuXj/MNL":{"chainKey":{"counter":1,"key":"6ElGpsgkf5Rq+mAypOl65nZtb435x6z0rvmnbi+tozM="},"chainType":1,"messageKeys":{}}},"pendingPreKey":{"signedKeyId":9658587,"baseKey":"BbZ0eCBUNTgaf98FV7lpMi1antwERnU1Sp8M4cm9oqBg","preKeyId":3463572}}},"version":"v1"}