{"_sessions":{"BWChf6j8/Wvmxf/h3nqpoFZXrRA8IA3ktzffX+jwcG8v":{"registrationId":1237246976,"currentRatchet":{"ephemeralKeyPair":{"pubKey":"BbUj7IrPG08OskrnRoXBQe0Fv+aAfdghB9X2sDQFEPki","privKey":"KIMnMh8ht7W8gP/6eLlt8uDQs48eNvtcYpPPo3UajlQ="},"lastRemoteEphemeralKey":"BeJIvAh7PtMwy2t7SXr4KYyEg+OPUosaEyJdIBBi9RpY","previousCounter":0,"rootKey":"NKQS4y/NIQyQxyjeRZtJ+mNIXcVzKapa2xOrdBiedII="},"indexInfo":{"baseKey":"BWChf6j8/Wvmxf/h3nqpoFZXrRA8IA3ktzffX+jwcG8v","baseKeyType":1,"closed":-1,"used":1767533372396,"created":1767533372396,"remoteIdentityKey":"BYfqY/pCvx5De/qZL4TWWP9q7dVcuYd7n/8P5YrkJAMa"},"_chains":{"BbUj7IrPG08OskrnRoXBQe0Fv+aAfdghB9X2sDQFEPki":{"chainKey":{"counter":1,"key":"w60tmb7S4Ydi44i4iIaJs+CRCOy+7nlEhXrsQm2vjsc="},"chainType":1,"messageKeys":{}}},"pendingPreKey":{"signedKeyId":983725,"baseKey":"BWChf6j8/Wvmxf/h3nqpoFZXrRA8IA3ktzffX+jwcG8v"}}},"version":"v1"}