{"_sessions":{"BYZ+EjHKeEFKx03lZo2S3bqaB7eDIv5Xe0bggbCQW71t":{"registrationId":1787551968,"currentRatchet":{"ephemeralKeyPair":{"pubKey":"BU9HQeqmRBkd3SeYfb1vBN/zvuLj/ADki2aN24S78Wxu","privKey":"oBklHJn4ZHulXUNHnLTCVvxjA8aReq7c/ed+2P8v60w="},"lastRemoteEphemeralKey":"BXUSndsMuuBq+c7yqbGzTM1BaJe1iNQ0Z7aW3zRur/dT","previousCounter":1,"rootKey":"/IOOQJ++Mv036plIWzOON2SdPYhNXlUlmPjQtLfVKnQ="},"indexInfo":{"baseKey":"BYZ+EjHKeEFKx03lZo2S3bqaB7eDIv5Xe0bggbCQW71t","baseKeyType":1,"closed":-1,"used":1767697568416,"created":1767533372225,"remoteIdentityKey":"BZsGXcK6xi8FCoyjogFffJzDdFe8zy0nw6tmJMdwnJEj"},"_chains":{"BXUSndsMuuBq+c7yqbGzTM1BaJe1iNQ0Z7aW3zRur/dT":{"chainKey":{"counter":2,"key":"Suw0fPRDHqFSCSpXiqUySAYOxDq5t+Wxfq7vZRqg7+0="},"chainType":2,"messageKeys":{}},"BU9HQeqmRBkd3SeYfb1vBN/zvuLj/ADki2aN24S78Wxu":{"chainKey":{"counter":-1,"key":"Gl5Q3MvQlykt7btBVoAqCi1pV2KWopaOYqWjWoDaUcQ="},"chainType":1,"messageKeys":{}}}}},"version":"v1"}