{"_sessions":{"BWkRonEkOMEO8BiaLbLlsf3CDr7RvJmFC74JjQcmYBtf":{"registrationId":587952954,"currentRatchet":{"ephemeralKeyPair":{"pubKey":"Bb24ykiYWciTMk/Q6SUfbqghRAIyW1dVCiHzZb6pcXM0","privKey":"CAt5SqQ7xEbXgX5+GwuVDVdX0c6xQgs7v6X3mLugp38="},"lastRemoteEphemeralKey":"Bav9USHykrgVMoHWzxs8qT5tqwiUmHTDmFLDjVyIZq0X","previousCounter":0,"rootKey":"7UlhbnxWcrJAYUhhdfd2P+HwQiYkTWDuh7Bt28/e2pw="},"indexInfo":{"baseKey":"BWkRonEkOMEO8BiaLbLlsf3CDr7RvJmFC74JjQcmYBtf","baseKeyType":1,"closed":-1,"used":1767614176121,"created":1767533369365,"remoteIdentityKey":"BdZt3rYD48OxvoIkSQ/U1KwYEMQc4F+BjGo5TfnnXN0w"},"_chains":{"Ba4RLLmrbs2hjKsslHKmvyKZpIDawoIIH8o93B2lBzBQ":{"chainKey":{"counter":2},"chainType":2,"messageKeys":{}},"Bav9USHykrgVMoHWzxs8qT5tqwiUmHTDmFLDjVyIZq0X":{"chainKey":{"counter":4,"key":"8Vxa9dtv2OfYBv7UqbcF5wI4Hyx+CNTJeTNtIeXx6OA="},"chainType":2,"messageKeys":{}},"Bb24ykiYWciTMk/Q6SUfbqghRAIyW1dVCiHzZb6pcXM0":{"chainKey":{"counter":-1,"key":"64l+TP1q0ERG3TA/YNTPU2vQQNL/PGsZzGb6w3lU3Lc="},"chainType":1,"messageKeys":{}}}}},"version":"v1"}