{"_sessions":{"BU98n1sHhFa6M4F9yxkIclIZ8NIWd5I+3SYpHKooth5j":{"registrationId":416886043,"currentRatchet":{"ephemeralKeyPair":{"pubKey":"BXU/2sNPSDxCxXQN0JxKxLTQWLMvi3O63+7UDMsvSCYo","privKey":"IE4kN6PajwhgVi/PLwW4fU2pZpkDlWaXR6KCa852PGo="},"lastRemoteEphemeralKey":"BSiZkLmiSpNNh/8tLjWe4p8iyZLiUhP1sZYxjg4eYzY+","previousCounter":0,"rootKey":"rfeilDANCIkMFoHDS7PkLpyOeGXsDRsUIiEhTPGlK/k="},"indexInfo":{"baseKey":"BU98n1sHhFa6M4F9yxkIclIZ8NIWd5I+3SYpHKooth5j","baseKeyType":1,"closed":-1,"used":1767703846465,"created":1767703846465,"remoteIdentityKey":"BVYK9V5ldHU3U/6tMpLddR+IaESxcNQ8YIrqeZERmJcl"},"_chains":{"BXU/2sNPSDxCxXQN0JxKxLTQWLMvi3O63+7UDMsvSCYo":{"chainKey":{"counter":0,"key":"NMl7aRuMyuR4dKxh+jqTIzfsRLb81mqzCwotGkpSj0M="},"chainType":1,"messageKeys":{}}},"pendingPreKey":{"signedKeyId":15118253,"baseKey":"BU98n1sHhFa6M4F9yxkIclIZ8NIWd5I+3SYpHKooth5j","preKeyId":3621802}}},"version":"v1"}