{"_sessions":{"Bc+S9wBAyugiGvAj2fYajM8uXXRp/NfhyulPHJwWqjkc":{"registrationId":3783,"currentRatchet":{"ephemeralKeyPair":{"pubKey":"BRMvMbfSw2IVJ4+73yBAKJ6JIXDjRbAd4gZuJJm2uqVp","privKey":"iOD6S2hx8xnMy59jR9rNzkRMoSCTBmZZe7hKHt6JQnc="},"lastRemoteEphemeralKey":"Bb5yZRhskn2v1mRfHbRgzLxcQDlyuoJICzmOQILF1xN5","previousCounter":0,"rootKey":"QGti+ynC5BYbtN9Sk/QK/o11+mkZK4sMcqaI0Fkm9Y0="},"indexInfo":{"baseKey":"Bc+S9wBAyugiGvAj2fYajM8uXXRp/NfhyulPHJwWqjkc","baseKeyType":1,"closed":-1,"used":1767533368986,"created":1767533368986,"remoteIdentityKey":"BSTd1iPFKgSG7svcx47uY5WzkBUUeTafDPK/6ndmFSwJ"},"_chains":{"BRMvMbfSw2IVJ4+73yBAKJ6JIXDjRbAd4gZuJJm2uqVp":{"chainKey":{"counter":1,"key":"adfofTUgOLlexnzTRzQmqoijeJku6x5A1fIYc4KeZ7A="},"chainType":1,"messageKeys":{}}},"pendingPreKey":{"signedKeyId":1,"baseKey":"Bc+S9wBAyugiGvAj2fYajM8uXXRp/NfhyulPHJwWqjkc"}}},"version":"v1"}