{"_sessions":{"BWUBt5bOU8JpTeoeisHw5OX7dajxCssif//9CvtrVklM":{"registrationId":8442,"currentRatchet":{"ephemeralKeyPair":{"pubKey":"BcaYQBAjhkuthFcyUmOVK/AvsSCNCTwwqnhV8gWB80gv","privKey":"iC7ESK6Ko/urYnbkIvU57PRqPpyoNl2A/JYErGfSc3g="},"lastRemoteEphemeralKey":"BceH6JMyehJYY6AQJ3flGrwJysGLCgqWRL1MmnUivytr","previousCounter":0,"rootKey":"iaVa5wULQJtPmToZrvH+6RYe2SlKFNtnEfFUI09F8FI="},"indexInfo":{"baseKey":"BWUBt5bOU8JpTeoeisHw5OX7dajxCssif//9CvtrVklM","baseKeyType":1,"closed":-1,"used":1767533369086,"created":1767533369086,"remoteIdentityKey":"BeQWxli5mabxNOgDaC663Npll+0G/KmJ++Uj6c389MUl"},"_chains":{"BcaYQBAjhkuthFcyUmOVK/AvsSCNCTwwqnhV8gWB80gv":{"chainKey":{"counter":1,"key":"RXe//thxZAcCK7rdQ4gE1WAQkyueuj+pAfGLVds+Gy8="},"chainType":1,"messageKeys":{}}},"pendingPreKey":{"signedKeyId":2,"baseKey":"BWUBt5bOU8JpTeoeisHw5OX7dajxCssif//9CvtrVklM","preKeyId":7345}}},"version":"v1"}