{"_sessions":{"BcvaMLoDwTEKeJVSzErz4vqwT5dLN/VOzpSOaWYc+UIa":{"registrationId":494313783,"currentRatchet":{"ephemeralKeyPair":{"pubKey":"Bau0djvK44hlkL8GB1/uf3KxT1wlPMeoE8F2axkUpMkZ","privKey":"4MAopw0OThjpdMBREmn2xRhqfXTX2bLe7ljH1Ocj+n4="},"lastRemoteEphemeralKey":"BbZM8Y8VIFgWO+FWrgNM4j5Hyo7zZZnP1mb7DgTVPLdh","previousCounter":1,"rootKey":"vEKsqLkTn5j0aHp3G3d6IWIb3hyYN0a7VaFvjBXWcJY="},"indexInfo":{"baseKey":"BcvaMLoDwTEKeJVSzErz4vqwT5dLN/VOzpSOaWYc+UIa","baseKeyType":1,"closed":1767636695702,"used":1767619594429,"created":1767533369139,"remoteIdentityKey":"BbBivrOkTJtgIxNKIXUmA12ZzO3WHo3Oujw7Gyqp2Vw3"},"_chains":{"BbZM8Y8VIFgWO+FWrgNM4j5Hyo7zZZnP1mb7DgTVPLdh":{"chainKey":{"counter":1,"key":"QGT6bb/MIOQKtY+zzISXcurRWCZgtXb+aSJ6g8Nv3TY="},"chainType":2,"messageKeys":{}},"Bau0djvK44hlkL8GB1/uf3KxT1wlPMeoE8F2axkUpMkZ":{"chainKey":{"counter":-1,"key":"JjQstW8qsMEV5/q7f7oVYifL8Fa+hdpa7HEfBorxHrE="},"chainType":1,"messageKeys":{}}}},"BRscayDpQg8NQHQDCIcfPiyhsxShBhdz7ksK6coAWksB":{"registrationId":494313783,"currentRatchet":{"ephemeralKeyPair":{"pubKey":"BUnu99Ye5Xz6NH20g+lkSIbNfpUSNr7XxoduT+Tf/RBm","privKey":"YHlVd1Yj9tlKt+DxPujYfLhBPN9vTVWU41gaMhk8On0="},"lastRemoteEphemeralKey":"BVQZMzNWRrfbILKwML0HK3YYa5So0WZA8m3bf3XkezMw","previousCounter":0,"rootKey":"tqbm4EKXfue30lInvsZQUP9Pyyi0fZy935wgnS8xpYc="},"indexInfo":{"baseKey":"BRscayDpQg8NQHQDCIcfPiyhsxShBhdz7ksK6coAWksB","baseKeyType":2,"closed":-1,"used":1767636695724,"created":1767636695724,"remoteIdentityKey":"BbBivrOkTJtgIxNKIXUmA12ZzO3WHo3Oujw7Gyqp2Vw3"},"_chains":{"BVQZMzNWRrfbILKwML0HK3YYa5So0WZA8m3bf3XkezMw":{"chainKey":{"counter":3,"key":"1Vt6SBMqYnpOuqeFJ9aERP6W1CSS7y85P7w/NGMuxe0="},"chainType":2,"messageKeys":{}},"BUnu99Ye5Xz6NH20g+lkSIbNfpUSNr7XxoduT+Tf/RBm":{"chainKey":{"counter":-1,"key":"Xrex46S036UxJqgTBe7DIEHeCGAyMeNuGnOYmK6PBWU="},"chainType":1,"messageKeys":{}}}}},"version":"v1"}