{"_sessions":{"BTpgRn926WnGa2NMAkebImEJkiN0KY3kDXP8QEEkniFQ":{"registrationId":1191269018,"currentRatchet":{"ephemeralKeyPair":{"pubKey":"BS80HWB85ZYBGlP97CFehJTDxVUwZrd0GH8wsVbeO7sS","privKey":"oMt7oNbPV4wmZjku0XvH9kyIMpUnD3PgRlAR/cF4MEE="},"lastRemoteEphemeralKey":"BWZu0t/5RSz3ZEVBs/niwJ2bFP3EjrwEnJIHZbza0+53","previousCounter":0,"rootKey":"oFW0WYtRW+MW7l6TdqRsnnb8N0BmWc1pqPGLzZxaxqU="},"indexInfo":{"baseKey":"BTpgRn926WnGa2NMAkebImEJkiN0KY3kDXP8QEEkniFQ","baseKeyType":1,"closed":-1,"used":1767660348262,"created":1767533372254,"remoteIdentityKey":"BaezyJVCxD+rAoEK7oBU/fnryHa/Ds1O1XS1vkBrDppd"},"_chains":{"BRQvSvmX3Gn9FTLYjX/eWEqheJoua4mA3U9f15FFbiUq":{"chainKey":{"counter":3},"chainType":2,"messageKeys":{}},"BWZu0t/5RSz3ZEVBs/niwJ2bFP3EjrwEnJIHZbza0+53":{"chainKey":{"counter":2,"key":"e7h374V5rIzSxAH2+FXkwCCjWNq4ppZyEryrhouyGBY="},"chainType":2,"messageKeys":{}},"BS80HWB85ZYBGlP97CFehJTDxVUwZrd0GH8wsVbeO7sS":{"chainKey":{"counter":-1,"key":"gCwqAsfi/NTmPsGV+lY67CPq2slMpQZlSjJXGwLk1iY="},"chainType":1,"messageKeys":{}}}}},"version":"v1"}