{"_sessions":{"BUURXBVyPNnGH9xj0byGK/lrAs+LGVR5ee8TNSstWEVp":{"registrationId":41242589,"currentRatchet":{"ephemeralKeyPair":{"pubKey":"BdHOsFqlxxaFAoSKBY5jrjnC6KMd6w124b/FznlqhJlT","privKey":"wNmkjuUXG+RloFJHUgiIVJcaBhagnM937HTYQQW851M="},"lastRemoteEphemeralKey":"BZHQ+JyE6DMZxBw6lThtxrzrjlng5D5XhbtSZDZ7Vzdh","previousCounter":0,"rootKey":"6KX88GG6mY6GM+6FrCfvYaMZIicgcGpY+XixpNPba1o="},"indexInfo":{"baseKey":"BUURXBVyPNnGH9xj0byGK/lrAs+LGVR5ee8TNSstWEVp","baseKeyType":1,"closed":-1,"used":1767696624502,"created":1767533372334,"remoteIdentityKey":"BVWlALRD1rHJFGA2BZsXFot1B5d6hU7j9+fRkqfMjxIO"},"_chains":{"BeBi/2Hd3LuenqjF/9p7rL3mSmUcu+8kKpUmqwrHlOtR":{"chainKey":{"counter":4},"chainType":2,"messageKeys":{}},"BZHQ+JyE6DMZxBw6lThtxrzrjlng5D5XhbtSZDZ7Vzdh":{"chainKey":{"counter":14,"key":"kC6GU8Ygzzmy1jEKjB+a5vhzNuIi/PsQ56+wBxSX2IM="},"chainType":2,"messageKeys":{}},"BdHOsFqlxxaFAoSKBY5jrjnC6KMd6w124b/FznlqhJlT":{"chainKey":{"counter":-1,"key":"RUfpBkuZVX0oD9Cmq8IERUZDqs+ugXW0jJdGO1o06pM="},"chainType":1,"messageKeys":{}}}}},"version":"v1"}