{"_sessions":{"BcjdU1HnvxvBugskT1CgQPwaUQSRarYqLX2t1PEF198p":{"registrationId":1110866359,"currentRatchet":{"ephemeralKeyPair":{"pubKey":"BaRexVGSROb/h4crzAc2PUY5DudKCqMydwSB1qL/lz8v","privKey":"yHOO6tnRzrt+96JhufRt2sKcu10aJApK57WCWiViTEw="},"lastRemoteEphemeralKey":"BfB+unKZ1W2IIk1P0+MLUuMJBZkBS346NgE3X4S6ovhh","previousCounter":0,"rootKey":"Mze9eqCVT2J+rvRMXp6VY6fWzpIEY65xe82vm2yqDgk="},"indexInfo":{"baseKey":"BcjdU1HnvxvBugskT1CgQPwaUQSRarYqLX2t1PEF198p","baseKeyType":2,"closed":-1,"used":1767548297449,"created":1767548297449,"remoteIdentityKey":"BYPZQu18UqD/0NZzmC8cFl9iclkOuTtvARXkv/Ixa69F"},"_chains":{"BfB+unKZ1W2IIk1P0+MLUuMJBZkBS346NgE3X4S6ovhh":{"chainKey":{"counter":7,"key":"1dnyu57xtlR4KoE9hFtWwNizrxyMEusY/ag+0rN4eAs="},"chainType":2,"messageKeys":{}},"BaRexVGSROb/h4crzAc2PUY5DudKCqMydwSB1qL/lz8v":{"chainKey":{"counter":-1,"key":"2je0BNf3D6OmTkTBPZfRvvVmA4sxjHubwy5u27/Jjnk="},"chainType":1,"messageKeys":{}}}}},"version":"v1"}