{"_sessions":{"BWCqpiJqAT7ItZBJqmqEMMfDRTI333DqthibmwAioZlt":{"registrationId":460654736,"currentRatchet":{"ephemeralKeyPair":{"pubKey":"Bbn6wNR8zKeI4+QtF+nnzLW9hH7cgYVEe2yrDpL1NMoZ","privKey":"6AaLHrpNItntD4NroC84ZiLK4UgCXupWf6p2zTpJg0Y="},"lastRemoteEphemeralKey":"BRjqR1H+yydU6DRLa5pqobgrwi3iTQgTTFThErGhYAJ/","previousCounter":0,"rootKey":"hnsbePE93zZHhcLZGx85JtaDBw6EuVyY8dZr+vixyiE="},"indexInfo":{"baseKey":"BWCqpiJqAT7ItZBJqmqEMMfDRTI333DqthibmwAioZlt","baseKeyType":1,"closed":-1,"used":1767533372339,"created":1767533372339,"remoteIdentityKey":"BR62P5hoxRpulq+YTNF0nkRj6YGkCNf/YF0y395dzXwu"},"_chains":{"Bbn6wNR8zKeI4+QtF+nnzLW9hH7cgYVEe2yrDpL1NMoZ":{"chainKey":{"counter":1,"key":"76g3kucr54L1zSlUcpCFlhoe+xyYzIOElxw8pOOylD8="},"chainType":1,"messageKeys":{}}},"pendingPreKey":{"signedKeyId":426192,"baseKey":"BWCqpiJqAT7ItZBJqmqEMMfDRTI333DqthibmwAioZlt","preKeyId":12424418}}},"version":"v1"}