{"_sessions":{"BTZUilVeH/aVlcItrClnOHNUHchtdp8t+xKc6DhYiewS":{"registrationId":884218242,"currentRatchet":{"ephemeralKeyPair":{"pubKey":"BcNeTJcgr9VNmJPRrrFTjK0H/Ty5ak4jW0CXAkatEtw4","privKey":"aNeX0soGJSUH8VJxi6LTYQ++1pUZlacLfolrLDqQ33c="},"lastRemoteEphemeralKey":"BSNAdGTt05S+sBEH83qQXftgBjsy8sVIaBgOBUiRLytd","previousCounter":0,"rootKey":"7VRJMRT5S3oh0vRxKMpkqWJwtu6h9b1rM/5t+CXTZl4="},"indexInfo":{"baseKey":"BTZUilVeH/aVlcItrClnOHNUHchtdp8t+xKc6DhYiewS","baseKeyType":1,"closed":-1,"used":1767533372423,"created":1767533372423,"remoteIdentityKey":"BbYBfyYOkxnDzFQ1Z/Id7JExlVTcXGxpX5QxUUT4E3Rw"},"_chains":{"BcNeTJcgr9VNmJPRrrFTjK0H/Ty5ak4jW0CXAkatEtw4":{"chainKey":{"counter":1,"key":"1qzOuKyBcG38/zNCjFUt3KRkmhrLeqRms09e0HCtNRU="},"chainType":1,"messageKeys":{}}},"pendingPreKey":{"signedKeyId":11923956,"baseKey":"BTZUilVeH/aVlcItrClnOHNUHchtdp8t+xKc6DhYiewS","preKeyId":4745849}}},"version":"v1"}