{"_sessions":{"BQxAFWLKj0uBjlXlA009WjOrrJ+GffAxDumPwav3el4X":{"registrationId":1610211783,"currentRatchet":{"ephemeralKeyPair":{"pubKey":"BYS0cMYzM0R7Pfq8Nu/tuGipyZ0utXYWHQ7UZSeDLBoO","privKey":"gG0Im2CfGny/s759nNSeqaZwoRRXB5PNnXxBKCiEg0Y="},"lastRemoteEphemeralKey":"BVemHhGyMoRvkXTLfPIyjhJlpEuRoCJky1HaWUkeEKIK","previousCounter":1,"rootKey":"7Q/uc9F4+bziRZXJS06c0LR6AcIcNf78OP5mqD1aVyM="},"indexInfo":{"baseKey":"BQxAFWLKj0uBjlXlA009WjOrrJ+GffAxDumPwav3el4X","baseKeyType":2,"closed":1767545333967,"used":1767534149631,"created":1767530414341,"remoteIdentityKey":"BYWXNmNcecpn5XW1026/gh1rX8DPH0fNsYofqDWGnDYT"},"_chains":{"BWo0AUrbqNFpTYpUCi/2/SMP/KIbD/4v7zjUrjB+w+MU":{"chainKey":{"counter":0},"chainType":2,"messageKeys":{}},"Bfz642ddcLzlOgheCEqttBg3pBMH/FF+owzYhH6F3Q09":{"chainKey":{"counter":0},"chainType":2,"messageKeys":{}},"BVemHhGyMoRvkXTLfPIyjhJlpEuRoCJky1HaWUkeEKIK":{"chainKey":{"counter":0,"key":"9yPrOpSGjMZEVDcGpK0H+2ABbJS3INXzILYOAACZuS0="},"chainType":2,"messageKeys":{}},"BYS0cMYzM0R7Pfq8Nu/tuGipyZ0utXYWHQ7UZSeDLBoO":{"chainKey":{"counter":-1,"key":"QT5GzVlcG0BZ8IenDdCbwp6vI8zo2r6pxL1lwY+jY40="},"chainType":1,"messageKeys":{}}}},"BftowazghE32ObsFL1ZwY8FP+XJ4yIn78R/zGlx0uh8K":{"registrationId":1610211783,"currentRatchet":{"ephemeralKeyPair":{"pubKey":"Babws0plP7FhBD17BHEk1NvSlwIOFW9eZ3hICcHthKw4","privKey":"gNOhM7btgy19zhN4elHsJK6vaWgpGuT0INm8s3y8EVQ="},"lastRemoteEphemeralKey":"BXC1El9iCJtcOI3MUO3KygRdGJ0Mm7Fh3dMx7mtjAIgE","previousCounter":0,"rootKey":"N8dnrPqnY7LN7E01CnUpURp/LT/rlfHtfJZPSdkIq54="},"indexInfo":{"baseKey":"BftowazghE32ObsFL1ZwY8FP+XJ4yIn78R/zGlx0uh8K","baseKeyType":2,"closed":1767546065682,"used":1767545333977,"created":1767545333977,"remoteIdentityKey":"BYWXNmNcecpn5XW1026/gh1rX8DPH0fNsYofqDWGnDYT"},"_chains":{"BXC1El9iCJtcOI3MUO3KygRdGJ0Mm7Fh3dMx7mtjAIgE":{"chainKey":{"counter":0,"key":"ARV1fW+HayXs8eoQbFkdQnoJHpldRUT3e0UwwToTbXs="},"chainType":2,"messageKeys":{}},"Babws0plP7FhBD17BHEk1NvSlwIOFW9eZ3hICcHthKw4":{"chainKey":{"counter":-1,"key":"Q60QXKfI6QHr6n9YSya9OJpQx3VbnwIfU3D21ebc0Pk="},"chainType":1,"messageKeys":{}}}},"BQd93Zt9gyoYULwqipTjzuge4XzNoVppDzdMf7KD8wsT":{"registrationId":1610211783,"currentRatchet":{"ephemeralKeyPair":{"pubKey":"BdjTJcCgyg11t8aQiJgH25leAI8QcVlEd46UT/+8UOQU","privKey":"8OeLTIRYv/ycFXgnussH0KELfIY0SQ6ZyJKsVCk+zmc="},"lastRemoteEphemeralKey":"BecTS2Mlzj1pYQ9VkcvtN1u0woNruvvCdK8pvbrQAfYd","previousCounter":0,"rootKey":"u7wBoV5Qk6w2BLZmTDycvZjPI2mtauNvL9f5LO0YFsE="},"indexInfo":{"baseKey":"BQd93Zt9gyoYULwqipTjzuge4XzNoVppDzdMf7KD8wsT","baseKeyType":2,"closed":1767607819894,"used":1767567857615,"created":1767546065695,"remoteIdentityKey":"BYWXNmNcecpn5XW1026/gh1rX8DPH0fNsYofqDWGnDYT"},"_chains":{"Bbc8EAdKmJ3YZn7aPmHcoCW4aBTG9jfHLXAcaFuaVTBa":{"chainKey":{"counter":1},"chainType":2,"messageKeys":{}},"BU+QeNvLOvbRO69j6rFcBibSp1vM77XbUdNpQpr8nRFF":{"chainKey":{"counter":0},"chainType":2,"messageKeys":{}},"BeHRgbVIsQl3xCjitI0dSDNJylKUKTD6nevrbZRJ7l5q":{"chainKey":{"counter":0},"chainType":2,"messageKeys":{}},"BZq1a2+fCeFBlz3XaCcmM1M1ZOAmNbYIm+EPsPMzuwYs":{"chainKey":{"counter":0},"chainType":2,"messageKeys":{}},"BZL/AOQiA/SxcwTIm+E4QvxTgJzV1G71kHzEXOvp3Skx":{"chainKey":{"counter":0},"chainType":2,"messageKeys":{}},"BXPahPEv1QCmSt92FKElDMfc8M3igCFrgGp3B6lQFDdx":{"chainKey":{"counter":5},"chainType":2,"messageKeys":{}},"BecTS2Mlzj1pYQ9VkcvtN1u0woNruvvCdK8pvbrQAfYd":{"chainKey":{"counter":1,"key":"vHTL5XEs6F3mqOD08T2MPxNTHFsIgGKlgWZvCB0muRU="},"chainType":2,"messageKeys":{}},"BdjTJcCgyg11t8aQiJgH25leAI8QcVlEd46UT/+8UOQU":{"chainKey":{"counter":1,"key":"fgZYV5a09ooEdvt19s0MJqemUi+2+sCX8bzsmyK2mLA="},"chainType":1,"messageKeys":{}}}},"BXGR7u7e7JOJF38yrdT2Is9zGsu+J0gSu0F+zP91UcEE":{"registrationId":1610211783,"currentRatchet":{"ephemeralKeyPair":{"pubKey":"BXnqDRu8zCczcEIs80iL9xGvU/7vrCe16sIIj9o4OYk6","privKey":"UNqClYKq5Q6G6T5SWvS7Gk47MTXWPgXoPEse5AW4o1U="},"lastRemoteEphemeralKey":"BYSMMKgVobHPbRbZHYy3RdQ1vu7b5PgW/o+tYoX7Zb0o","previousCounter":0,"rootKey":"h/CFvMlT1rFrMGOT+zv16xwz2n7Ig3kLNyLMHjioXik="},"indexInfo":{"baseKey":"BXGR7u7e7JOJF38yrdT2Is9zGsu+J0gSu0F+zP91UcEE","baseKeyType":2,"closed":1767609474613,"used":1767607819900,"created":1767607819900,"remoteIdentityKey":"BYWXNmNcecpn5XW1026/gh1rX8DPH0fNsYofqDWGnDYT"},"_chains":{"BYSMMKgVobHPbRbZHYy3RdQ1vu7b5PgW/o+tYoX7Zb0o":{"chainKey":{"counter":0,"key":"PCVIKhJuDc6ikZ8jsRkU8TtyMZ9AKUw0UUKyPmrH7D8="},"chainType":2,"messageKeys":{}},"BXnqDRu8zCczcEIs80iL9xGvU/7vrCe16sIIj9o4OYk6":{"chainKey":{"counter":-1,"key":"2k3uowiO5tABN4zWhIDD8Npp8BzrTcmYEvwgvAh2wLg="},"chainType":1,"messageKeys":{}}}},"BUddK+7waNRy0/tD/QmD4u9uKgFY0BAWUVxihNBT3rdS":{"registrationId":1610211783,"currentRatchet":{"ephemeralKeyPair":{"pubKey":"BTgK+PGZrFuq8QcFlPmphae2Pe+uiM1u644X1KsflStZ","privKey":"GGR0VI8xaQtPdh//QwcGDq4cHT347yHApkS20kKyoVI="},"lastRemoteEphemeralKey":"BZbhqgBjPOrSXHoFE7m7Yr6SVGMoWqvja35ScyvjODsY","previousCounter":0,"rootKey":"kM3INxAshjGw0B/JsIe+yh3U/KVQyCldmYbAAu3UBE8="},"indexInfo":{"baseKey":"BUddK+7waNRy0/tD/QmD4u9uKgFY0BAWUVxihNBT3rdS","baseKeyType":2,"closed":1767616585169,"used":1767609474629,"created":1767609474629,"remoteIdentityKey":"BYWXNmNcecpn5XW1026/gh1rX8DPH0fNsYofqDWGnDYT"},"_chains":{"BZbhqgBjPOrSXHoFE7m7Yr6SVGMoWqvja35ScyvjODsY":{"chainKey":{"counter":0,"key":"/jOje5pK727g1/BTnmqb8LumnR0pZrRKmJV0zvrKS5M="},"chainType":2,"messageKeys":{}},"BTgK+PGZrFuq8QcFlPmphae2Pe+uiM1u644X1KsflStZ":{"chainKey":{"counter":-1,"key":"9XZunkPoOnuG0p/mhOvvJWj7a6GsO540lFL0oigBZNw="},"chainType":1,"messageKeys":{}}}},"BWXtvSPdnNIBhiQtb4QYseg1b93PLejxRhJ3ULZx4e5z":{"registrationId":1610211783,"currentRatchet":{"ephemeralKeyPair":{"pubKey":"BavaIXGYifyiGEgOWxjhkkvjBoWcknTDKmUSKvgQdXoQ","privKey":"sD+Nae1j3VNx6KeCAYJHyoCX7mY63OiGJh7jmyMnR3I="},"lastRemoteEphemeralKey":"BeuloC5mKTj7I367CHrFQ4Ligf4xJo1j8+uKRgERi7F8","previousCounter":0,"rootKey":"AWUP3Hcuif5N0yP2cl4ebpp+0VN30jH5BhFG3f5LhvM="},"indexInfo":{"baseKey":"BWXtvSPdnNIBhiQtb4QYseg1b93PLejxRhJ3ULZx4e5z","baseKeyType":2,"closed":1767619174827,"used":1767616585173,"created":1767616585173,"remoteIdentityKey":"BYWXNmNcecpn5XW1026/gh1rX8DPH0fNsYofqDWGnDYT"},"_chains":{"BeuloC5mKTj7I367CHrFQ4Ligf4xJo1j8+uKRgERi7F8":{"chainKey":{"counter":0,"key":"A+sT57IwtrjsHn4TFm+WZJOUSg46OZMGq0ykfILi1TM="},"chainType":2,"messageKeys":{}},"BavaIXGYifyiGEgOWxjhkkvjBoWcknTDKmUSKvgQdXoQ":{"chainKey":{"counter":-1,"key":"fVmcH+D+xCIn/A4bR50Bj9iq4eXGbRudigglI5Ae4HQ="},"chainType":1,"messageKeys":{}}}},"BZY7+yJbFg3C4TZgqsaWN51yTLqOjN3RAkATe2MIi9xm":{"registrationId":1610211783,"currentRatchet":{"ephemeralKeyPair":{"pubKey":"BZ8X/Z+qlyjvptJP3lEDKq4WftNhNWE4ngMhj9NyOy0m","privKey":"eHf3egUCZsxGS8BZQ1xKxiPkYREHHgN+L48NNh18Jm0="},"lastRemoteEphemeralKey":"BfrOeWbw0o5vL0nVPXT0YsiEwhjICq9nw7VFylvtTdtL","previousCounter":0,"rootKey":"a1+OGpbqSY7ONNZ29OGUsVAfR4IQA3DlMyRLKOY3DrI="},"indexInfo":{"baseKey":"BZY7+yJbFg3C4TZgqsaWN51yTLqOjN3RAkATe2MIi9xm","baseKeyType":2,"closed":1767642611697,"used":1767625140945,"created":1767619174837,"remoteIdentityKey":"BYWXNmNcecpn5XW1026/gh1rX8DPH0fNsYofqDWGnDYT"},"_chains":{"BQaqX68s4AY0byGzLh3B3P7JBkOiUoEMzLUC1wx96pw4":{"chainKey":{"counter":2},"chainType":2,"messageKeys":{}},"BWA1T1DfWgon446+Dfw28okOz6jw3qUIH6o9fCmfYKQg":{"chainKey":{"counter":0},"chainType":2,"messageKeys":{}},"Bdu8Dh87qZqrIuFJde85BmS/hQDAUSyR0oIXg0xy7wEt":{"chainKey":{"counter":0},"chainType":2,"messageKeys":{}},"BfrOeWbw0o5vL0nVPXT0YsiEwhjICq9nw7VFylvtTdtL":{"chainKey":{"counter":0,"key":"P2xuzDPqKvnpKWjFGZlfhArr7k4B3eNE+NBCSmeSUwE="},"chainType":2,"messageKeys":{}},"BZ8X/Z+qlyjvptJP3lEDKq4WftNhNWE4ngMhj9NyOy0m":{"chainKey":{"counter":7,"key":"eKtoGT+IS6N9mCZgdgoUWWwdkZGymkmxLoqVd4sNunI="},"chainType":1,"messageKeys":{}}}},"BeJWdzrY05PsuednUnKK01/b9k8fr944IGzuw78eaRR+":{"registrationId":1610211783,"currentRatchet":{"ephemeralKeyPair":{"pubKey":"BWqi4wPWmIX6VF4aQd4uEHZskF78UkVGjhGmRa3Df24w","privKey":"0IcTozf6e9deDKSZjJxw5oMLVXBCd4jUs2kdrreBm0Y="},"lastRemoteEphemeralKey":"BUWtWngHnyrulcfyZ5+PqO424Obb1ku069ZMVYwqsUwA","previousCounter":0,"rootKey":"KKMZVoPHurIOXV/1oBuVqP58HEqZR53A+HERlIM5M/4="},"indexInfo":{"baseKey":"BeJWdzrY05PsuednUnKK01/b9k8fr944IGzuw78eaRR+","baseKeyType":2,"closed":1767646799623,"used":1767642613410,"created":1767642613410,"remoteIdentityKey":"BYWXNmNcecpn5XW1026/gh1rX8DPH0fNsYofqDWGnDYT"},"_chains":{"BUWtWngHnyrulcfyZ5+PqO424Obb1ku069ZMVYwqsUwA":{"chainKey":{"counter":0,"key":"5rnrs5Vx8U9/PPfAOuPE3j+6Bsy6j01l6zYUjoBZymY="},"chainType":2,"messageKeys":{}},"BWqi4wPWmIX6VF4aQd4uEHZskF78UkVGjhGmRa3Df24w":{"chainKey":{"counter":-1,"key":"J9HDmz6yQyi8Z4l5Ittz4+Wt3AnTLDvTtgRB8zIQAnQ="},"chainType":1,"messageKeys":{}}}},"BSCFaNRiCvhPHkf1jy7pZfvwnRjpnd4ZVDHSDBbeB0lN":{"registrationId":1610211783,"currentRatchet":{"ephemeralKeyPair":{"pubKey":"BUhMAPUbr4nNqJHWQLfkirzUHzqJddTOBwPusMBr/ZxN","privKey":"UOaZO27zZPNGZXdYnCCam3YUllFpmu/sING2HxVBnFM="},"lastRemoteEphemeralKey":"BbZLJszQ71dllz3qOVVgIXEaTm/lXKtJvSmmV5Q2iftj","previousCounter":0,"rootKey":"PFhLBnVFZFN63z0YyWdgZjSXRDdNqE/FJJD+5MlvZL0="},"indexInfo":{"baseKey":"BSCFaNRiCvhPHkf1jy7pZfvwnRjpnd4ZVDHSDBbeB0lN","baseKeyType":2,"closed":1767648902552,"used":1767646799634,"created":1767646799634,"remoteIdentityKey":"BYWXNmNcecpn5XW1026/gh1rX8DPH0fNsYofqDWGnDYT"},"_chains":{"BbZLJszQ71dllz3qOVVgIXEaTm/lXKtJvSmmV5Q2iftj":{"chainKey":{"counter":0,"key":"KOB+8w2ATa1s3bGKZ11x1wAmIsHjx5lfVI2W6zKkRcs="},"chainType":2,"messageKeys":{}},"BUhMAPUbr4nNqJHWQLfkirzUHzqJddTOBwPusMBr/ZxN":{"chainKey":{"counter":-1,"key":"YLf3G3P4XfSt0ijUTCUzP+6dCON4vSwdbXPlqXRmdIY="},"chainType":1,"messageKeys":{}}}},"Bfru7t1ilERsD23LFOBTPrf04o8+rnDA4DrRozZCPpRW":{"registrationId":1610211783,"currentRatchet":{"ephemeralKeyPair":{"pubKey":"Bf04nVxYhzmjxihPKHvH3FjdbNRhvNBFemHI+mgjgGBP","privKey":"cPR00Syc2Gzr1dQUiOLYtbWEaNW0zBc20bhROKjoy2s="},"lastRemoteEphemeralKey":"BfGeyCS3xzvVBvQVtAOjx4NJEJ8f8ppkzIc7t7qqQYY8","previousCounter":0,"rootKey":"ahsapGN+Xy0uHF0Mbwj10PWjzA/UPhi5ehIcUGnxpLE="},"indexInfo":{"baseKey":"Bfru7t1ilERsD23LFOBTPrf04o8+rnDA4DrRozZCPpRW","baseKeyType":2,"closed":1767696956704,"used":1767648904593,"created":1767648904593,"remoteIdentityKey":"BYWXNmNcecpn5XW1026/gh1rX8DPH0fNsYofqDWGnDYT"},"_chains":{"BfGeyCS3xzvVBvQVtAOjx4NJEJ8f8ppkzIc7t7qqQYY8":{"chainKey":{"counter":1,"key":"pw4x81QK4r8OZ0Vra/QL60VIEvGavXSmsQDi+n1tYyg="},"chainType":2,"messageKeys":{}},"Bf04nVxYhzmjxihPKHvH3FjdbNRhvNBFemHI+mgjgGBP":{"chainKey":{"counter":-1,"key":"4KrLcT3SicDDrnnHMSYarLJlpt3aBGnr0LVRvPzSVk0="},"chainType":1,"messageKeys":{}}}},"BXgNnKoMAn5hPzdLMA4/cxs1EWI5MmtqVnFkUIlarz5n":{"registrationId":1610211783,"currentRatchet":{"ephemeralKeyPair":{"pubKey":"BekrCcCX4plhct6DIOsJp1vHsUMsXgzuZuMhx9boatVo","privKey":"GJL2k753nUhYzR5h1iKpEr/jBO7A8an910slzTufTls="},"lastRemoteEphemeralKey":"BevcpbwtLqIqC2135qEtHLeDViEVUFthQ90BOTm0aJAU","previousCounter":0,"rootKey":"TzLwxcJexizwN3dqcTA/I5yDUeqt6w/wZXWCPXWwE34="},"indexInfo":{"baseKey":"BXgNnKoMAn5hPzdLMA4/cxs1EWI5MmtqVnFkUIlarz5n","baseKeyType":2,"closed":-1,"used":1767696956718,"created":1767696956718,"remoteIdentityKey":"BYWXNmNcecpn5XW1026/gh1rX8DPH0fNsYofqDWGnDYT"},"_chains":{"BevcpbwtLqIqC2135qEtHLeDViEVUFthQ90BOTm0aJAU":{"chainKey":{"counter":0,"key":"qtCsyorD7+SPj0x1sI4dbnqS2WLMMfxtdcgufo+s9Lw="},"chainType":2,"messageKeys":{}},"BekrCcCX4plhct6DIOsJp1vHsUMsXgzuZuMhx9boatVo":{"chainKey":{"counter":-1,"key":"oXifnubT+ozVozJNHNCQw+IOQOIotcbr9S9+if4ATVA="},"chainType":1,"messageKeys":{}}}}},"version":"v1"}