{"_sessions":{"BbFX7NuydfJDVKIHNGfYnGL6rSbn1yESqfp8tAlWwqF0":{"registrationId":2018375067,"currentRatchet":{"ephemeralKeyPair":{"pubKey":"Bb3yuq6R9Iy6pSzd7/cuzSHYZCbYhhYWuSqmvgh2F6pA","privKey":"kBPoYblfPQ+MC2+i6+POuXdAmrRgKSQkmk/YROh5HGg="},"lastRemoteEphemeralKey":"BZyIhO3ovZZY/2ewEC+/eQ2J6GxsH5MdFs2MW9KCP297","previousCounter":0,"rootKey":"nAFGEgCirlYAf5Ywb6/h5vSwJyxplH7TwsKm5+D4k70="},"indexInfo":{"baseKey":"BbFX7NuydfJDVKIHNGfYnGL6rSbn1yESqfp8tAlWwqF0","baseKeyType":2,"closed":-1,"used":1767662194857,"created":1767562323128,"remoteIdentityKey":"BadBe4rinY6u/Yl4YpjDHQgoAo+YqjPvkiPOtPXOqnUT"},"_chains":{"BYFI8lZHnN/CFb2qvHF1DftJG1Mi57n1OAUXxZgQVPMS":{"chainKey":{"counter":1},"chainType":2,"messageKeys":{}},"BV/tRekUZD9PLlpudaUNcEyPA+KD/8qBnxwsvjdk1ctM":{"chainKey":{"counter":0},"chainType":2,"messageKeys":{}},"BZyIhO3ovZZY/2ewEC+/eQ2J6GxsH5MdFs2MW9KCP297":{"chainKey":{"counter":10,"key":"fgGJ3tMRk9Jsgp32s0Qlrhd3c1XgKJg5Qx5r4er7ERA="},"chainType":2,"messageKeys":{}},"Bb3yuq6R9Iy6pSzd7/cuzSHYZCbYhhYWuSqmvgh2F6pA":{"chainKey":{"counter":-1,"key":"RLdPmLL1IpoUgCT+2QxZmSuH1bEFSZ8Kt6Y9siU6Clo="},"chainType":1,"messageKeys":{}}}}},"version":"v1"}