{"_sessions":{"BeTNCBdhYBEBYxKrLCduQmRFKj026yjGcjjNbN/CKVwI":{"registrationId":1193,"currentRatchet":{"ephemeralKeyPair":{"pubKey":"BV89ZIz0up/RG30X5KdliC8AMcEfUV1OvedTIFHep0ow","privKey":"sFDtzsBII5SimcphHFz2ckdgM4uwGI1NCbcfGSv9xU0="},"lastRemoteEphemeralKey":"BWcX/0k6SwcPTMeAD+BZwRC9rQP0SXL4Hxyp8nDZZahd","previousCounter":0,"rootKey":"I5nXDb2NNdTDQoktObFfap+zPkOHYkefjPIy0KXHbT8="},"indexInfo":{"baseKey":"BeTNCBdhYBEBYxKrLCduQmRFKj026yjGcjjNbN/CKVwI","baseKeyType":1,"closed":-1,"used":1767533369019,"created":1767533369019,"remoteIdentityKey":"BcuDAdrwPZ85rHHOVR9nY5Lm30GeUQpp8Sdn2PdY8Aps"},"_chains":{"BV89ZIz0up/RG30X5KdliC8AMcEfUV1OvedTIFHep0ow":{"chainKey":{"counter":1,"key":"2Xxach1Uj75YghIa6aAs8Of1y03OR9BKvAeark9sPP4="},"chainType":1,"messageKeys":{}}},"pendingPreKey":{"signedKeyId":1,"baseKey":"BeTNCBdhYBEBYxKrLCduQmRFKj026yjGcjjNbN/CKVwI","preKeyId":569}}},"version":"v1"}