{"_sessions":{"Bb2L0WZmuk14ZW+IRxhULwlj2G5U8PdMcJujE0E2RXN0":{"registrationId":19204121,"currentRatchet":{"ephemeralKeyPair":{"pubKey":"BYLfKH2iyM17xBUC8Qc0+S9ipU/M9yaLqAs3OsxNX+Nm","privKey":"aIW+VjWE/wQNNzjThhAIxqzcX8ha9fEEaJxVj/Tv4Xs="},"lastRemoteEphemeralKey":"Bd288NLfzQZhCse2B95RGPg0lQzCbb8MbVqrLYRFWvgv","previousCounter":0,"rootKey":"4DpotwVc3q7T0hWZ8UUkiYHOJqqLAdzdgm40NYn5Xdg="},"indexInfo":{"baseKey":"Bb2L0WZmuk14ZW+IRxhULwlj2G5U8PdMcJujE0E2RXN0","baseKeyType":1,"closed":-1,"used":1767559873627,"created":1767533369432,"remoteIdentityKey":"BZgkNnhsDRsdPf312vHalB4rL8KQUT3Fy3qtliDL9lhs"},"_chains":{"Bd288NLfzQZhCse2B95RGPg0lQzCbb8MbVqrLYRFWvgv":{"chainKey":{"counter":0,"key":"MggDfVIqBGfDfbIwLpRZiKGHk0OIYFyXHdJtE7BidPo="},"chainType":2,"messageKeys":{}},"BYLfKH2iyM17xBUC8Qc0+S9ipU/M9yaLqAs3OsxNX+Nm":{"chainKey":{"counter":0,"key":"Hv9DeX4/hD/Amk7zD/zI7Yggnzeh++QjLNBzRgMDFUc="},"chainType":1,"messageKeys":{}}}}},"version":"v1"}