{"_sessions":{"BUFtHUs+p8yEwAjG3UDDtEK2tbA6oQAWRoyaw/teIQY+":{"registrationId":868027788,"currentRatchet":{"ephemeralKeyPair":{"pubKey":"BfHklolHmg+tYPnU5HstBOHUgeXoi1SkPSfeypWZzgl8","privKey":"IItF8Fb50GMCJShWMGZbbKwLGq3O7/6pRalV4jOoD08="},"lastRemoteEphemeralKey":"BXiS3aoTK/F7C7hnPTmb2bqbdIMWqQIj8Ay2uu1y7Ts7","previousCounter":0,"rootKey":"toY/raSH4UIKX9gAuTTnsbhHrF/HHDQHVtP3jD+5SSo="},"indexInfo":{"baseKey":"BUFtHUs+p8yEwAjG3UDDtEK2tbA6oQAWRoyaw/teIQY+","baseKeyType":1,"closed":-1,"used":1767533369189,"created":1767533369189,"remoteIdentityKey":"BTSUPgc02ONrs5J/NP/f+/NEmYGDGyYpwuF1LFfkjfJo"},"_chains":{"BfHklolHmg+tYPnU5HstBOHUgeXoi1SkPSfeypWZzgl8":{"chainKey":{"counter":1,"key":"yBqCpWUhuMGVjp38dyQH5f+gT2VUiUp/S3k/T5KyGx4="},"chainType":1,"messageKeys":{}}},"pendingPreKey":{"signedKeyId":15689,"baseKey":"BUFtHUs+p8yEwAjG3UDDtEK2tbA6oQAWRoyaw/teIQY+","preKeyId":415961}}},"version":"v1"}