{"_sessions":{"BU1WmYLXw25s4ykpoSYfMYoOfkuLHWy1Paf8l7Am4zlk":{"registrationId":492907755,"currentRatchet":{"ephemeralKeyPair":{"pubKey":"BbJtsVmt5g5CSkHYpArS6NsfCd1XkiNRA1xwS+4Qr/pt","privKey":"UA3N5wvRrKt/BVoBpVw52TktoW0d916vyzxXBd6rNWU="},"lastRemoteEphemeralKey":"BZXQ9sS1NN8LlGeZ6F0nL7vTMgDE38K8gjvwC0Z323Ez","previousCounter":0,"rootKey":"nuWm40qSsfZXkM69h1bt1HzJ2prSRWCkLW/isCAoVFA="},"indexInfo":{"baseKey":"BU1WmYLXw25s4ykpoSYfMYoOfkuLHWy1Paf8l7Am4zlk","baseKeyType":1,"closed":-1,"used":1767533369313,"created":1767533369313,"remoteIdentityKey":"BYNqHaIm9HLPFXRKAALj8sZbnUkcqRqo1tDm52PoN3BV"},"_chains":{"BbJtsVmt5g5CSkHYpArS6NsfCd1XkiNRA1xwS+4Qr/pt":{"chainKey":{"counter":1,"key":"+ekHsURRdv/4kksZyYPaTdRmoMmZ7T8splgUeY687zg="},"chainType":1,"messageKeys":{}}},"pendingPreKey":{"signedKeyId":9575145,"baseKey":"BU1WmYLXw25s4ykpoSYfMYoOfkuLHWy1Paf8l7Am4zlk","preKeyId":12405625}}},"version":"v1"}