{"_sessions":{"BfiWMrcVwVkenVXQUmJ1I7DZ1EdEpyPnxpgo+3jr0fNt":{"registrationId":2034376909,"currentRatchet":{"ephemeralKeyPair":{"pubKey":"Ba8zIvjixaa6AeZgoTWheQUW2zzzv3kooL7C8ILLWgZU","privKey":"oEJiV6xC/T0HDOVP3b918xWXQ+NH3G0QuGFCYI6Ffmo="},"lastRemoteEphemeralKey":"BQcCsqhYcqVnBzJDojdMJpFxk0OxoPAja+7nujjI1RIh","previousCounter":0,"rootKey":"5GHEO/xjM2Z3lhrSwbR0HLDP7OUnYDshkv7EcIWgnRw="},"indexInfo":{"baseKey":"BfiWMrcVwVkenVXQUmJ1I7DZ1EdEpyPnxpgo+3jr0fNt","baseKeyType":1,"closed":-1,"used":1767533369247,"created":1767533369247,"remoteIdentityKey":"BWA/E2Vq7mOdpZ9oZMM5GGKXrJWZwkEoFqMVdE0/64YX"},"_chains":{"Ba8zIvjixaa6AeZgoTWheQUW2zzzv3kooL7C8ILLWgZU":{"chainKey":{"counter":1,"key":"wiC00ZoHO7WiXsGVpRPkU0l2e+g2j9pxXa70A5bcXNE="},"chainType":1,"messageKeys":{}}},"pendingPreKey":{"signedKeyId":10760860,"baseKey":"BfiWMrcVwVkenVXQUmJ1I7DZ1EdEpyPnxpgo+3jr0fNt","preKeyId":7835186}}},"version":"v1"}