{"_sessions":{"BUB8TZojxuIUoon02U5bPyOMd2YUzOtN4Jbok9vD1oRN":{"registrationId":519783208,"currentRatchet":{"ephemeralKeyPair":{"pubKey":"BQoFX7DNk0S7tZAYmlSF4FodEAkRDWsLMmTHbfxYSBVS","privKey":"MEfzqB4sT+XsdcWVlFkROT8joV7872FU+bCGjVHlXmE="},"lastRemoteEphemeralKey":"Bb99zyqwWAAf4d+A0LkBMV5N83MDu2kp6/RfHmIAiPZ4","previousCounter":4,"rootKey":"9S7cdhI+0Km8qBz+6JnypdAZ+6jn+SRVHESAOThe00I="},"indexInfo":{"baseKey":"BUB8TZojxuIUoon02U5bPyOMd2YUzOtN4Jbok9vD1oRN","baseKeyType":1,"closed":1767607175174,"used":1767576851023,"created":1767530415283,"remoteIdentityKey":"BRQle7DQb8CSVFvPu+Dz6nRB+VuHOQ2Z8ra2Wt3wSxBW"},"_chains":{"BVCrMt+N42A6tlu2R7YsMOMCLhX6DxhT0M55V504MWpq":{"chainKey":{"counter":0},"chainType":2,"messageKeys":{}},"Bb99zyqwWAAf4d+A0LkBMV5N83MDu2kp6/RfHmIAiPZ4":{"chainKey":{"counter":2,"key":"l48xkyg4SpwxCtqNorXz1MEi3ttQxY5IyYZVy4O3xhY="},"chainType":2,"messageKeys":{}},"BQoFX7DNk0S7tZAYmlSF4FodEAkRDWsLMmTHbfxYSBVS":{"chainKey":{"counter":0,"key":"FiPydWnFw9tgw6K0FYsimLu4sfFoVsjWhp6YoAq+3M4="},"chainType":1,"messageKeys":{}}}},"BfFpa2IHtlcNu4euqDavQF6B2ebEaKtVks2ZHCTdXOsw":{"registrationId":519783208,"currentRatchet":{"ephemeralKeyPair":{"pubKey":"BZCVvLDjhs9N3EUYUNlVyTT8ixtPeQXxrWXfpvjdJOZj","privKey":"sH2cXstKXOnrNm4F0gmEjyvyUsUIo4v/z8S/L1wuhEs="},"lastRemoteEphemeralKey":"BT2/kUBSasfpVHvE60mNgjER1CQE5brF4o1CO+wKI8Ry","previousCounter":0,"rootKey":"E5pzo6PU/92PA3kA9c71BN9q3CCIHzyYuehk+B6Mb3g="},"indexInfo":{"baseKey":"BfFpa2IHtlcNu4euqDavQF6B2ebEaKtVks2ZHCTdXOsw","baseKeyType":2,"closed":1767614476370,"used":1767607175179,"created":1767607175179,"remoteIdentityKey":"BRQle7DQb8CSVFvPu+Dz6nRB+VuHOQ2Z8ra2Wt3wSxBW"},"_chains":{"BT2/kUBSasfpVHvE60mNgjER1CQE5brF4o1CO+wKI8Ry":{"chainKey":{"counter":0,"key":"Z4zq0V73LJdS4mnCkPxOs8sUm7quElsyPXBTb99WwIE="},"chainType":2,"messageKeys":{}},"BZCVvLDjhs9N3EUYUNlVyTT8ixtPeQXxrWXfpvjdJOZj":{"chainKey":{"counter":-1,"key":"QfR2Psx6zAOe9oG8ae9aBSKWV6A1YE7OABZi6a4YDPw="},"chainType":1,"messageKeys":{}}}},"Bb0UnW1n1chSmQJ2PvtShCZ0WHIHMPMcJZpEWQiX1Vw+":{"registrationId":519783208,"currentRatchet":{"ephemeralKeyPair":{"pubKey":"BTXXwaS4nSYzX3n8AvEvpCy+9JHzBcgtmqQ43454V7IC","privKey":"SNfKLoIjOc3CvYsgD8Ui/B+x4je+4pT8g4cI8lPiM1g="},"lastRemoteEphemeralKey":"BaIHHFxs8mdLQWI9LdExLrzUDvn1XKTFssbxB3e2Kpwu","previousCounter":0,"rootKey":"9Ga1Pf8M9XxCLn9BfLyKzVpVG1s0b1cPjZ8LRh6dptU="},"indexInfo":{"baseKey":"Bb0UnW1n1chSmQJ2PvtShCZ0WHIHMPMcJZpEWQiX1Vw+","baseKeyType":2,"closed":1767627661995,"used":1767614476380,"created":1767614476380,"remoteIdentityKey":"BRQle7DQb8CSVFvPu+Dz6nRB+VuHOQ2Z8ra2Wt3wSxBW"},"_chains":{"BaIHHFxs8mdLQWI9LdExLrzUDvn1XKTFssbxB3e2Kpwu":{"chainKey":{"counter":0,"key":"df0bob1unNjkXBr75O1Xfntdwu/Krt6cqxkDXjfiwrs="},"chainType":2,"messageKeys":{}},"BTXXwaS4nSYzX3n8AvEvpCy+9JHzBcgtmqQ43454V7IC":{"chainKey":{"counter":2,"key":"5sK1XpsamqvadDWQIngiCJq+9qhYvQa7imt7H0n2LwA="},"chainType":1,"messageKeys":{}}}},"BZmF0HEak5ttSQ5DpVNIgzj9/ylb+5V4ih2H3QNj4RVe":{"registrationId":519783208,"currentRatchet":{"ephemeralKeyPair":{"pubKey":"BdhB5XScYTBZ57FvxhMniFDUGxcRmnL0uynpB1y7Rl5/","privKey":"sBdOXy4m9l77ctvdu4KnLwDYqp7Ir0kIQtXDXWaUv3E="},"lastRemoteEphemeralKey":"BRhgO6ExAyY/sOWerOYLTvSeloUxxrgWG4/SOR+i8EsA","previousCounter":0,"rootKey":"w0x4T6/OQgdec9614buHsorV9aubUkTT5rNQhockIcY="},"indexInfo":{"baseKey":"BZmF0HEak5ttSQ5DpVNIgzj9/ylb+5V4ih2H3QNj4RVe","baseKeyType":2,"closed":1767630515052,"used":1767627662004,"created":1767627662004,"remoteIdentityKey":"BRQle7DQb8CSVFvPu+Dz6nRB+VuHOQ2Z8ra2Wt3wSxBW"},"_chains":{"BRhgO6ExAyY/sOWerOYLTvSeloUxxrgWG4/SOR+i8EsA":{"chainKey":{"counter":0,"key":"E9GnWu0A2xmsXKlL/AGM1R8ay2/9+Pdrcznrac6cCuU="},"chainType":2,"messageKeys":{}},"BdhB5XScYTBZ57FvxhMniFDUGxcRmnL0uynpB1y7Rl5/":{"chainKey":{"counter":-1,"key":"MuS+eV4qtY/DFrAXi+50MDO9mP6Q5tD7HbbM8vK6Rq4="},"chainType":1,"messageKeys":{}}}},"BXjvvahmW5H8zJbV11FANI52YgQO4iPZ8gCvqm5gNw9x":{"registrationId":519783208,"currentRatchet":{"ephemeralKeyPair":{"pubKey":"BfJL8sCYNDLYyvBxRoylCMw2mMQDMBTQ+Ih+qnWe/X9J","privKey":"GMBMhpOBrb2bBGd3jE72wSUYCgS9HpMvo9Momf+HPXI="},"lastRemoteEphemeralKey":"BQQX4e/KJrrWwPeYq+FwqbiC6SJBgvKdMQcBFSQFOFN1","previousCounter":0,"rootKey":"gdURIufe1RKHlGQHd7qTlstnYZCDRT1Fvcagcm/fHCc="},"indexInfo":{"baseKey":"BXjvvahmW5H8zJbV11FANI52YgQO4iPZ8gCvqm5gNw9x","baseKeyType":2,"closed":1767635019476,"used":1767630515060,"created":1767630515060,"remoteIdentityKey":"BRQle7DQb8CSVFvPu+Dz6nRB+VuHOQ2Z8ra2Wt3wSxBW"},"_chains":{"BQQX4e/KJrrWwPeYq+FwqbiC6SJBgvKdMQcBFSQFOFN1":{"chainKey":{"counter":2,"key":"oKEzjvO8AA6N7vHpgepQQl4wQIK4azWGHqVwUA0l+bE="},"chainType":2,"messageKeys":{}},"BfJL8sCYNDLYyvBxRoylCMw2mMQDMBTQ+Ih+qnWe/X9J":{"chainKey":{"counter":0,"key":"y1BTUcDsOg9lesKi/bS91p3aNMHUbYErb8LaWQSl2sg="},"chainType":1,"messageKeys":{}}}},"BVgQWRKkEQt7CrZ1L+8nLMw2MdalRGZ2sSuUtY2v/noo":{"registrationId":519783208,"currentRatchet":{"ephemeralKeyPair":{"pubKey":"BTB7iIA0FaXblCkt+pMg81f8kXsSiLV834mqTrNXVAAN","privKey":"cC94andzkfA7cm7IjOjcTB6c7/ZKp5/fCYS7QORtqUo="},"lastRemoteEphemeralKey":"Bf+V5+XAlamaovmb4+24QATWg3DI6nK8iJpBRoUWryNh","previousCounter":0,"rootKey":"Q3hmsgR5vrUGEaAyLac51iqndOBblfDrbvajDx6D4MU="},"indexInfo":{"baseKey":"BVgQWRKkEQt7CrZ1L+8nLMw2MdalRGZ2sSuUtY2v/noo","baseKeyType":2,"closed":1767640128456,"used":1767636926170,"created":1767635019484,"remoteIdentityKey":"BRQle7DQb8CSVFvPu+Dz6nRB+VuHOQ2Z8ra2Wt3wSxBW"},"_chains":{"BQ1BfG0doOMrGcxetfskOXZrxu41mxZuSxUReWovT5s9":{"chainKey":{"counter":2},"chainType":2,"messageKeys":{}},"Ba9h4vwTASVHirYFFu4C6xsTsFcvINLoWsfQGpVRmUkd":{"chainKey":{"counter":2},"chainType":2,"messageKeys":{}},"BTgdR0hXxC+ywB27/R583jtJS6kv6/kxgNxIWYlNK1Il":{"chainKey":{"counter":0},"chainType":2,"messageKeys":{}},"BVlJQ9HZWaNG2WtRcDOM32IXOwFhpJn/07acxqD3QMYz":{"chainKey":{"counter":0},"chainType":2,"messageKeys":{}},"BfKjMNvt8NBLPwnfUuZjABGKsjkGuFQe9vOA3ANHITgw":{"chainKey":{"counter":0},"chainType":2,"messageKeys":{}},"Ba1ysoQ7Vp6BU4SMWtENH66+/xUEuHq+P+MSdnQz/9Bg":{"chainKey":{"counter":0},"chainType":2,"messageKeys":{}},"Bet0wneJjx6X31/BiE8aWlk3M4d/ntZrxRff5IEY1LNm":{"chainKey":{"counter":0},"chainType":2,"messageKeys":{}},"Bf+V5+XAlamaovmb4+24QATWg3DI6nK8iJpBRoUWryNh":{"chainKey":{"counter":0,"key":"nbzAU0v3T6IeJFq5kKITp3D5kOKKuMnXGmkfVOdcQtY="},"chainType":2,"messageKeys":{}},"BTB7iIA0FaXblCkt+pMg81f8kXsSiLV834mqTrNXVAAN":{"chainKey":{"counter":-1,"key":"wELmsAhw08EuOhNeSuV+afj9FbwjAsl4Qv57cKETdpI="},"chainType":1,"messageKeys":{}}}},"BasQBRv9EGKr07624rTHVlkY3TtaWePVWyPFAOcPe7B9":{"registrationId":519783208,"currentRatchet":{"ephemeralKeyPair":{"pubKey":"BfBNq3YX4zZNNWkU+xJcQQsY9s/LxU1qKZt1fJcXUYh6","privKey":"MNIaUqH0WqkdWn/PmN1oryYK/2w4cIL18EuZ7G7OpnY="},"lastRemoteEphemeralKey":"BdZCK1Tui7cg75q9J0BGnRKR8Hp6SINFEDHY2TgFu38x","previousCounter":0,"rootKey":"Kb87zk7EdPItK1Xq1kioXiU10hUdrauyFLi9agdFPgQ="},"indexInfo":{"baseKey":"BasQBRv9EGKr07624rTHVlkY3TtaWePVWyPFAOcPe7B9","baseKeyType":2,"closed":1767698884247,"used":1767640128462,"created":1767640128462,"remoteIdentityKey":"BRQle7DQb8CSVFvPu+Dz6nRB+VuHOQ2Z8ra2Wt3wSxBW"},"_chains":{"BdZCK1Tui7cg75q9J0BGnRKR8Hp6SINFEDHY2TgFu38x":{"chainKey":{"counter":0,"key":"45rPfTd4tCLrC5QdYFJyf2EWs2LMVbu5XTI5tcuuujY="},"chainType":2,"messageKeys":{}},"BfBNq3YX4zZNNWkU+xJcQQsY9s/LxU1qKZt1fJcXUYh6":{"chainKey":{"counter":-1,"key":"akbBOb/DIpfzeQOFQ+ff+4DW4AN2C9/WHnaOtEgoZow="},"chainType":1,"messageKeys":{}}}},"BThaQcuNdzcSspiis6eBjuIrrujOU8u9+x6oIEFp8SAX":{"registrationId":519783208,"currentRatchet":{"ephemeralKeyPair":{"pubKey":"BZs0kkICIBc0WgLBCb5V0BEJSvvFLT6tltmNX9Sjb6pX","privKey":"cFhseiqeu4lZZxG43Y1dDdHyQd88IbH1njVwG9V242c="},"lastRemoteEphemeralKey":"BfAE8W9yZCIxnriwGeiX+7D4MYq57c0sJ7zZqBhaB28y","previousCounter":0,"rootKey":"1myZWGuMINRykTs6zL/Q/nhvXYT7qJF8lVUb4cFxOcs="},"indexInfo":{"baseKey":"BThaQcuNdzcSspiis6eBjuIrrujOU8u9+x6oIEFp8SAX","baseKeyType":2,"closed":-1,"used":1767698884253,"created":1767698884253,"remoteIdentityKey":"BRQle7DQb8CSVFvPu+Dz6nRB+VuHOQ2Z8ra2Wt3wSxBW"},"_chains":{"BfAE8W9yZCIxnriwGeiX+7D4MYq57c0sJ7zZqBhaB28y":{"chainKey":{"counter":0,"key":"NIpHdNYQb7/8qxS9hgaCa7xEs2m8jbTv5eYiFx3GX9Y="},"chainType":2,"messageKeys":{}},"BZs0kkICIBc0WgLBCb5V0BEJSvvFLT6tltmNX9Sjb6pX":{"chainKey":{"counter":-1,"key":"nM1XKfnTRmuf8lGMafFvgVfyqnkDoh9Bc1jhnYdxMFY="},"chainType":1,"messageKeys":{}}}}},"version":"v1"}