{"_sessions":{"BT8GkKQMe7WmR7sHaTbFjxgCgYLh9qhSatp1J33of8dD":{"registrationId":909191446,"currentRatchet":{"ephemeralKeyPair":{"pubKey":"BVLiD5LAsr3pD0hja8SRZhRV5gCC8jFpVZLpOwpO3XQO","privKey":"OE8iy/MyfyYsHbRimzmVop59dDztAdFvmJ9dvr/lhns="},"lastRemoteEphemeralKey":"BWNFCwwPXXbOIsm2ov/Jk4SlWFWYfZgu78vix/kFTNkm","previousCounter":0,"rootKey":"3lv7Rf5g9Vuti5bVrhufo6L1/BFMhzznGu2GQX7Bp+A="},"indexInfo":{"baseKey":"BT8GkKQMe7WmR7sHaTbFjxgCgYLh9qhSatp1J33of8dD","baseKeyType":1,"closed":-1,"used":1767533372468,"created":1767533372468,"remoteIdentityKey":"BVrwFSJvWPCoJPUrpIK4rtrTckkr1esWla5QEmYkONE/"},"_chains":{"BVLiD5LAsr3pD0hja8SRZhRV5gCC8jFpVZLpOwpO3XQO":{"chainKey":{"counter":0,"key":"LouQUTC99uhfGMebdx+ny/zcEyWPSpgAilAoqTrlt08="},"chainType":1,"messageKeys":{}}},"pendingPreKey":{"signedKeyId":9310092,"baseKey":"BT8GkKQMe7WmR7sHaTbFjxgCgYLh9qhSatp1J33of8dD","preKeyId":12650141}}},"version":"v1"}