{"_sessions":{"BXm3KbnPf/EZTpsRsvKcFxSRyWn5PJe0VvdOuIJqb1RJ":{"registrationId":7225,"currentRatchet":{"ephemeralKeyPair":{"pubKey":"Bd/2mpPnAHEg7e08+L+iOTmDYkK5Y7Cloi1Ysavro1kq","privKey":"QJML6YlQWitPDKo37jmW30hoC5IQj9hchfouWkFaWnc="},"lastRemoteEphemeralKey":"Bc7KdFBe+FIi2FLEAK9lJRTBMKJ4oYo36grtf1ZCPPJk","previousCounter":0,"rootKey":"k4VPyRah4vAyewJw8itcVOgw0SmUKGr8/N89r4EwCNE="},"indexInfo":{"baseKey":"BXm3KbnPf/EZTpsRsvKcFxSRyWn5PJe0VvdOuIJqb1RJ","baseKeyType":2,"closed":-1,"used":1767565373787,"created":1767565373787,"remoteIdentityKey":"BdQIVgRlOaPmAvrcp76rNddvo1tYM8WBIv3y15sZNuA9"},"_chains":{"Bc7KdFBe+FIi2FLEAK9lJRTBMKJ4oYo36grtf1ZCPPJk":{"chainKey":{"counter":0,"key":"x9XIMdjbNo84DmsTeNamRoAlfJlOSFHjMBHhpaFRew8="},"chainType":2,"messageKeys":{}},"Bd/2mpPnAHEg7e08+L+iOTmDYkK5Y7Cloi1Ysavro1kq":{"chainKey":{"counter":146,"key":"MeTs92CyuzyZ8GcVxDnFk7PhbbkW1Y0Ni+TA47Fm24Y="},"chainType":1,"messageKeys":{}}}}},"version":"v1"}