{"_sessions":{"BZoYFRsDbuwpI+7z2fGH/pFQv3e821sCZLssULT0wrIP":{"registrationId":660800078,"currentRatchet":{"ephemeralKeyPair":{"pubKey":"BYLkPC/RlgV580EYaT948dBm/Eh3uTuclbjqAjv5VDUr","privKey":"2K7rdR8KhEn2aqNc0tNW17HKyd1xjU10PCCa0gviHHg="},"lastRemoteEphemeralKey":"BWQpBejAZs/My12v1mHoH0W330u/leMm3kMB8cUP2k1Y","previousCounter":0,"rootKey":"K5DCcymLzsODQ29vfmZO91qBKpJQBd9KI8MFtMvHOX0="},"indexInfo":{"baseKey":"BZoYFRsDbuwpI+7z2fGH/pFQv3e821sCZLssULT0wrIP","baseKeyType":1,"closed":-1,"used":1767533372212,"created":1767533372212,"remoteIdentityKey":"BR9sPkYDCfFgDpjPteDK+cI7o+I4BFYBSfCXp+khzH9F"},"_chains":{"BYLkPC/RlgV580EYaT948dBm/Eh3uTuclbjqAjv5VDUr":{"chainKey":{"counter":1,"key":"yuRm7xMYb+LF+1YY3Tq6zmDGtVtCJSpKdFFMkGpVkZ4="},"chainType":1,"messageKeys":{}}},"pendingPreKey":{"signedKeyId":5279417,"baseKey":"BZoYFRsDbuwpI+7z2fGH/pFQv3e821sCZLssULT0wrIP","preKeyId":1575206}}},"version":"v1"}