{"_sessions":{"BUM7LY7BLHqynaKiSflPZChKCVPdb1LXTvNmnEEThyBK":{"registrationId":1311227664,"currentRatchet":{"ephemeralKeyPair":{"pubKey":"BXLro3RFli6IVt8av2AkUilTPK8cqzRk7ixofbccU/9D","privKey":"AHeTrh3TNIHkgqXmgGSe9uIrPPpq2x6rrXNhsjkrHFs="},"lastRemoteEphemeralKey":"BV6HGGhVRcN5tNagVH82vkSenF/1ASzzkaRNOi0WUXBd","previousCounter":0,"rootKey":"rzzLnCZjKOMixaWFy6c5xAaZ7r8Qpli9ghqqE1k73e8="},"indexInfo":{"baseKey":"BUM7LY7BLHqynaKiSflPZChKCVPdb1LXTvNmnEEThyBK","baseKeyType":1,"closed":-1,"used":1767533369286,"created":1767533369286,"remoteIdentityKey":"BQW5rQMwGh/f84Z8KO7xUeQB6rmu6x8uqnbP+IKBMdxI"},"_chains":{"BXLro3RFli6IVt8av2AkUilTPK8cqzRk7ixofbccU/9D":{"chainKey":{"counter":1,"key":"K+5PJh/t/78xcQnHboxDxhbn9f40MnodVhchYAT4Yxo="},"chainType":1,"messageKeys":{}}},"pendingPreKey":{"signedKeyId":14178784,"baseKey":"BUM7LY7BLHqynaKiSflPZChKCVPdb1LXTvNmnEEThyBK","preKeyId":592646}}},"version":"v1"}