{"_sessions":{"BS28szW3gc1I/UAYEZuXTJpLWv0xQC/w3uH5qIqPLNAa":{"registrationId":268062327,"currentRatchet":{"ephemeralKeyPair":{"pubKey":"BRe0dNWYNCCvhtFMFsqeCd74bHKRQbX0oJV003NouHcD","privKey":"OJd/wyae+S4ARcodyg9wT/4jfyMYM/XA/NoSr9cQmHo="},"lastRemoteEphemeralKey":"BbEel7+r5MJadtSlItOqQa6u2wBQp8m9pnT1WFJDiWNW","previousCounter":0,"rootKey":"beXuELufUJ9QVlSZKPO/87yMPkir1nA6i8qDi1Uwv3w="},"indexInfo":{"baseKey":"BS28szW3gc1I/UAYEZuXTJpLWv0xQC/w3uH5qIqPLNAa","baseKeyType":1,"closed":-1,"used":1767533369427,"created":1767533369427,"remoteIdentityKey":"BckmmiC5JEPWWoDx5YbrKw/lHDY6QGyxQ+sMCOn3qqcQ"},"_chains":{"BRe0dNWYNCCvhtFMFsqeCd74bHKRQbX0oJV003NouHcD":{"chainKey":{"counter":1,"key":"AK+m5RGHHRDG44dOIarusIIorp+sEy5ohKop1ZNAjvU="},"chainType":1,"messageKeys":{}}},"pendingPreKey":{"signedKeyId":1,"baseKey":"BS28szW3gc1I/UAYEZuXTJpLWv0xQC/w3uH5qIqPLNAa"}}},"version":"v1"}