{"_sessions":{"BZ1UTTPEY8vkLO/aCvTJ4kcr0vNvxU7DqO272KDoUDou":{"registrationId":472868505,"currentRatchet":{"ephemeralKeyPair":{"pubKey":"BbHyMWWxNoI9evG7oJ4xOxm0j/oj6p1o9Yytj+GDuHc4","privKey":"aK4YIMfJOHDpqqr+I2BXlP0jeeyMNEhqz9ug5OlOx2o="},"lastRemoteEphemeralKey":"BXpgIc/w8IkxwPRyPwKJIvF6pdScUO/bfFl48aQCZZw3","previousCounter":0,"rootKey":"MOJZN57EefHEAYrImlDMCDrF6/HCp0gSkJpMMn+dOr0="},"indexInfo":{"baseKey":"BZ1UTTPEY8vkLO/aCvTJ4kcr0vNvxU7DqO272KDoUDou","baseKeyType":1,"closed":-1,"used":1767533369194,"created":1767533369194,"remoteIdentityKey":"BTFya7mhzMDYNnzK2ZaWg9SeDs/aK5Xs4LQb00pBq6gk"},"_chains":{"BbHyMWWxNoI9evG7oJ4xOxm0j/oj6p1o9Yytj+GDuHc4":{"chainKey":{"counter":1,"key":"hl1Ah/Nih+4f5Ng+Jd0LtvwillCKayx9nRmqoJ70lDo="},"chainType":1,"messageKeys":{}}},"pendingPreKey":{"signedKeyId":15839056,"baseKey":"BZ1UTTPEY8vkLO/aCvTJ4kcr0vNvxU7DqO272KDoUDou","preKeyId":1691}}},"version":"v1"}