{"_sessions":{"BTKI463D++yjdTAd46gj1Q/7I+d4892gvGjIiY1fdGMt":{"registrationId":2843,"currentRatchet":{"ephemeralKeyPair":{"pubKey":"BfBs4GaICea6YNVDIZWCSQ4jl3Qsf/aQClTzefgmny8i","privKey":"GJhk6nQ4Dm2QPPBz22qMTzb10nvl+5PxngMSZ8HEiFI="},"lastRemoteEphemeralKey":"BY+zdHPXYbyG8YprN1rIdL+hny7XERcJzd3yA9BtRnhs","previousCounter":0,"rootKey":"Rb6yTwD4uSANyJDY5JeI1pCtMJDhTH3rbMyeA5SHE/8="},"indexInfo":{"baseKey":"BTKI463D++yjdTAd46gj1Q/7I+d4892gvGjIiY1fdGMt","baseKeyType":1,"closed":-1,"used":1767533369028,"created":1767533369028,"remoteIdentityKey":"BZSuC6nP+fPhEFDvTxrwSHssYoMTsQeNHsD1YErCU7AT"},"_chains":{"BfBs4GaICea6YNVDIZWCSQ4jl3Qsf/aQClTzefgmny8i":{"chainKey":{"counter":1,"key":"vZkkGv3mAAPcFjapcSOg9JtooB9sXMwR66EBBvkpgFU="},"chainType":1,"messageKeys":{}}},"pendingPreKey":{"signedKeyId":1,"baseKey":"BTKI463D++yjdTAd46gj1Q/7I+d4892gvGjIiY1fdGMt","preKeyId":1982}}},"version":"v1"}