{"_sessions":{"BWuS4ssINalpSogxnp9i2SMbeC1S2qSEM/OUdVRjlHMy":{"registrationId":2134272151,"currentRatchet":{"ephemeralKeyPair":{"pubKey":"BXbHp7yh/aplnYRtLSjBgKW/G+wH2Z1qqbNFejQJ6tU3","privKey":"KO3TQIzZs+xK6TGNuZs6ydCoQ/ldD2oGmWh2Dg+fSls="},"lastRemoteEphemeralKey":"BYkijQwk6q3aq23ly+N8xuWdX3YBal8hiGS4ClD+kq9M","previousCounter":0,"rootKey":"ZYXFicj3tPiOQNhb+a8LpHE9eUDK7DQay4h8TbWKxj4="},"indexInfo":{"baseKey":"BWuS4ssINalpSogxnp9i2SMbeC1S2qSEM/OUdVRjlHMy","baseKeyType":1,"closed":-1,"used":1767533369198,"created":1767533369198,"remoteIdentityKey":"BdKbEH5Hv+PD3NuS5BK+hVSIBLPajFX0SgSPF1dEMMEx"},"_chains":{"BXbHp7yh/aplnYRtLSjBgKW/G+wH2Z1qqbNFejQJ6tU3":{"chainKey":{"counter":1,"key":"BXHEID9WrjUGmlivmqiJ+py98FFSZg0AdYVaDdl9NQI="},"chainType":1,"messageKeys":{}}},"pendingPreKey":{"signedKeyId":2806989,"baseKey":"BWuS4ssINalpSogxnp9i2SMbeC1S2qSEM/OUdVRjlHMy"}}},"version":"v1"}