{"_sessions":{"BXFjkd7q5zYLmtPoN8QGioBWZBKpLejVrVKwNRytWd4v":{"registrationId":1528562264,"currentRatchet":{"ephemeralKeyPair":{"pubKey":"BV1TEG+b0CeDUBLZc1tRLdDt5BJAPy9brDdX7ZMRs9Iz","privKey":"AKrPKMvvtk2wLZW7AT8lZjNeKNUFj0H3WqLLRB9VlVE="},"lastRemoteEphemeralKey":"BX+sXu5Ai6HGzHf77m+a1kHXu8P3ekyEFCSjHgr4IqJ2","previousCounter":0,"rootKey":"U/v/r8oiW8E5MBDWVTV63xdNqO8fS6X1TEaDMcPCQuM="},"indexInfo":{"baseKey":"BXFjkd7q5zYLmtPoN8QGioBWZBKpLejVrVKwNRytWd4v","baseKeyType":1,"closed":-1,"used":1767533372370,"created":1767533372370,"remoteIdentityKey":"BRz3iOgGrRJNu38BOXfhUHJYCVHE8aswqJ7cwHll8Glu"},"_chains":{"BV1TEG+b0CeDUBLZc1tRLdDt5BJAPy9brDdX7ZMRs9Iz":{"chainKey":{"counter":1,"key":"EGsoSbNuTYS49xAVK0OhyOi2PRuZeTxwNN9nO+r3368="},"chainType":1,"messageKeys":{}}},"pendingPreKey":{"signedKeyId":6929425,"baseKey":"BXFjkd7q5zYLmtPoN8QGioBWZBKpLejVrVKwNRytWd4v","preKeyId":14662260}}},"version":"v1"}