{"_sessions":{"BcXAqVSUTOsbsfGQPJgXqlC/lyZOPG+h2DZ+9b5DuXw1":{"registrationId":1350,"currentRatchet":{"ephemeralKeyPair":{"pubKey":"BasItkgvqR5r8GvBjPNZ8BiJfrwIlYNvcnK1bNVVSH4w","privKey":"AAj7tsFp2C+rEBZEO6sGDHGnWCGCyr5yGZlq6v0ZM2Y="},"lastRemoteEphemeralKey":"BT9PJEzRnRFzJW6OtNLBjJULKZ/dcNTlE+sqhuC6dXpT","previousCounter":0,"rootKey":"RwhAhhKMarPTIaBK9RhzOfP9wemBgIy7X2jv8PoacoA="},"indexInfo":{"baseKey":"BcXAqVSUTOsbsfGQPJgXqlC/lyZOPG+h2DZ+9b5DuXw1","baseKeyType":1,"closed":-1,"used":1767533369005,"created":1767533369005,"remoteIdentityKey":"BdZfbuBzrO2Zl7ozWmT2vH2ZbbRgCEqXp1x8rPhkMa8C"},"_chains":{"BasItkgvqR5r8GvBjPNZ8BiJfrwIlYNvcnK1bNVVSH4w":{"chainKey":{"counter":1,"key":"/AVqyGHC9QshFgKmJlpifiT9nmRuVSKa6zP7S/6VF+w="},"chainType":1,"messageKeys":{}}},"pendingPreKey":{"signedKeyId":1,"baseKey":"BcXAqVSUTOsbsfGQPJgXqlC/lyZOPG+h2DZ+9b5DuXw1","preKeyId":334}}},"version":"v1"}