{"_sessions":{"BYiq7GrT0nhmShu0HoOU8LomHjSGCcjBYs/Y5keXojlh":{"registrationId":778499325,"currentRatchet":{"ephemeralKeyPair":{"pubKey":"BcSaJdRxwPaFVFn2adLhDmKkAaUzGfFPKe229xZ9peBU","privKey":"6LNPW5XOC7ydpsSRXK1Oh/MeRnUjSuBpm/yW/2BFamE="},"lastRemoteEphemeralKey":"BePyUsDeDuDjERI3aR7vXtZsEDoWAv0EKcQcYrcxuW5Y","previousCounter":0,"rootKey":"Q5qA3M8F+aiUpwPBHUy18Z5fXOEoZoWTurllZGdysrQ="},"indexInfo":{"baseKey":"BYiq7GrT0nhmShu0HoOU8LomHjSGCcjBYs/Y5keXojlh","baseKeyType":1,"closed":-1,"used":1767582332793,"created":1767582332793,"remoteIdentityKey":"Bb6nMuB2EJY/i1+EzWJCmkafLr5jeonf/oq5gchiSogT"},"_chains":{"BcSaJdRxwPaFVFn2adLhDmKkAaUzGfFPKe229xZ9peBU":{"chainKey":{"counter":15,"key":"XxwZonTyRc6UEtXjIYkbLKp9G3n720bkaxlARxRhxvA="},"chainType":1,"messageKeys":{}}},"pendingPreKey":{"signedKeyId":4007699,"baseKey":"BYiq7GrT0nhmShu0HoOU8LomHjSGCcjBYs/Y5keXojlh","preKeyId":13166119}}},"version":"v1"}