{"_sessions":{"BYTGzmw+FiKLPh2VtnJ+1DWpdXeZcuz4s2c8r7L57p9F":{"registrationId":344894048,"currentRatchet":{"ephemeralKeyPair":{"pubKey":"BTfJapRUeYLtizYdX3dhhRBzhocmGcbVTfstji7DjpYf","privKey":"QH75AecGXhVG0ReYYpu/wLp/vgzvVmyzEuCicn0uRkw="},"lastRemoteEphemeralKey":"BQQLdZtRf9FhRo4WJfkzGbzgsjCXvZS0WkTSQTIgVG0P","previousCounter":0,"rootKey":"d1ujH1qPWpYK01mJC0PabdQzyB0U0s1k8IGR+X6BxvA="},"indexInfo":{"baseKey":"BYTGzmw+FiKLPh2VtnJ+1DWpdXeZcuz4s2c8r7L57p9F","baseKeyType":1,"closed":-1,"used":1767533369135,"created":1767533369134,"remoteIdentityKey":"BVW6nbGNde3j/7y8YlLl50/GaffvPeZs8+093C0W/ZUU"},"_chains":{"BTfJapRUeYLtizYdX3dhhRBzhocmGcbVTfstji7DjpYf":{"chainKey":{"counter":1,"key":"WDSJ3faxPMBuhGoYsw+kYudOVSgB6r+pNcuOlh1mQnU="},"chainType":1,"messageKeys":{}}},"pendingPreKey":{"signedKeyId":14987000,"baseKey":"BYTGzmw+FiKLPh2VtnJ+1DWpdXeZcuz4s2c8r7L57p9F","preKeyId":4132756}}},"version":"v1"}