{"_sessions":{"BaFeScwVRTrjhy19LVdFUbl+qphOAQ5XXo/Ki/VQt2BU":{"registrationId":1579156549,"currentRatchet":{"ephemeralKeyPair":{"pubKey":"BYvRL71B/+aauupemLmWTq0vx21qKQXcMzea20WZw/cY","privKey":"cOBnsmWUF6d4T2wnxtw4LLRwk2cGbuSgySzpNFxpXkk="},"lastRemoteEphemeralKey":"BYylUhahGtvzGvGAFYj35ZTsO7J//Q2ezL03Bk7h6ch7","previousCounter":0,"rootKey":"W0zCD+Z/0E8EYHp4x5aEzY/dU19gfXfEoEF2FmGIYl4="},"indexInfo":{"baseKey":"BaFeScwVRTrjhy19LVdFUbl+qphOAQ5XXo/Ki/VQt2BU","baseKeyType":1,"closed":-1,"used":1767533372480,"created":1767533372480,"remoteIdentityKey":"BT+EWbB/zWyHPdUs8dwGz3pxLkSBDjPewrC1JLi/9j8G"},"_chains":{"BYvRL71B/+aauupemLmWTq0vx21qKQXcMzea20WZw/cY":{"chainKey":{"counter":1,"key":"4G3BcWSZ9hysTxOCW5DRZPXeigI+893ssEZ93WlZM2w="},"chainType":1,"messageKeys":{}}},"pendingPreKey":{"signedKeyId":13501952,"baseKey":"BaFeScwVRTrjhy19LVdFUbl+qphOAQ5XXo/Ki/VQt2BU","preKeyId":922}}},"version":"v1"}