{"_sessions":{"BTajbdfa+DF5WOvYj4l0PlBgOztK5a+S94bnRIvYLnBI":{"registrationId":10116,"currentRatchet":{"ephemeralKeyPair":{"pubKey":"BYCBQ36j5oC5CcTVdscaJsjHyPNqWxdGbteRnGdoP1RW","privKey":"+Ma0IMQnXDSiRi3MvByCGFpem0S6+rzlIvTHz4RRC18="},"lastRemoteEphemeralKey":"BfgmMMUKP7OMGdoNnXr2ZNbJdU1OZ2+BN1Am2pDZ4tVz","previousCounter":0,"rootKey":"pvD3yrdGr6CyIwElZ0gUV/hpfeAvVt397i0p19lvkMc="},"indexInfo":{"baseKey":"BTajbdfa+DF5WOvYj4l0PlBgOztK5a+S94bnRIvYLnBI","baseKeyType":1,"closed":-1,"used":1767533369000,"created":1767533369000,"remoteIdentityKey":"Bf7qdlsRSiqPhS4+mjCamSbm7L7SsV55n144eqs9dQkb"},"_chains":{"BYCBQ36j5oC5CcTVdscaJsjHyPNqWxdGbteRnGdoP1RW":{"chainKey":{"counter":1,"key":"su1OqjWl6VuiXhXoicL9fdtCefAw76+739uU3OQBPPw="},"chainType":1,"messageKeys":{}}},"pendingPreKey":{"signedKeyId":1,"baseKey":"BTajbdfa+DF5WOvYj4l0PlBgOztK5a+S94bnRIvYLnBI"}}},"version":"v1"}