{"_sessions":{"BWVq9wYuNKv9zOdjriuXIcnco06tYLjMfQKLioJbSbok":{"registrationId":597132581,"currentRatchet":{"ephemeralKeyPair":{"pubKey":"BSyA/fXMwH6+gl8foj9TVGWOOaxsS+cR/GNc30t3dbpP","privKey":"OErp/CbDSdUx6WydhFzpZzdbF2VDJbjmn6wU+gtafFA="},"lastRemoteEphemeralKey":"BajD0TUm538juUohr8+BC+iIk2ktLnzgKoShB1dWt4kB","previousCounter":0,"rootKey":"GlN7jCIJ3Q6gmhpHwFGsCuxsBu31AQdavYss4iqYqA0="},"indexInfo":{"baseKey":"BWVq9wYuNKv9zOdjriuXIcnco06tYLjMfQKLioJbSbok","baseKeyType":1,"closed":-1,"used":1767533372146,"created":1767533372146,"remoteIdentityKey":"BaBBfpGzr3HF/0O4e9TP9PNAz7Lq4w6k08JVyBnjcpAv"},"_chains":{"BSyA/fXMwH6+gl8foj9TVGWOOaxsS+cR/GNc30t3dbpP":{"chainKey":{"counter":1,"key":"iqyIx4tOpnckt0quR4Tn/pAShYF8lMA1XR9ICFEzY3w="},"chainType":1,"messageKeys":{}}},"pendingPreKey":{"signedKeyId":3418289,"baseKey":"BWVq9wYuNKv9zOdjriuXIcnco06tYLjMfQKLioJbSbok","preKeyId":11813673}}},"version":"v1"}