{"_sessions":{"BX+bm+u9q3hjXIP72VFV9/9h8y3k4S8FnbhD5Qui+ocr":{"registrationId":1148027564,"currentRatchet":{"ephemeralKeyPair":{"pubKey":"Bae1Hc+YyAq1f69kAY8dGJhxeRlSOSG/0HE98uRDT4tf","privKey":"iDkhStBhRdrqTXeavQRyDzWbePbCrnlbotJ3Ubr0fUs="},"lastRemoteEphemeralKey":"Besvhd+SdMWhU72Liwg46NF53kb8f70+6qa4QHo6g1wM","previousCounter":0,"rootKey":"yGfPPe8LGg7E1JOm2fTSkNenuA1kwthIDAysH18fyfI="},"indexInfo":{"baseKey":"BX+bm+u9q3hjXIP72VFV9/9h8y3k4S8FnbhD5Qui+ocr","baseKeyType":1,"closed":-1,"used":1767533368996,"created":1767533368996,"remoteIdentityKey":"BbeKAnLCSR5iTXufmHR9rt+qz5WGpj9RdXZvPC4mOrsm"},"_chains":{"Bae1Hc+YyAq1f69kAY8dGJhxeRlSOSG/0HE98uRDT4tf":{"chainKey":{"counter":1,"key":"q06noWEicxe79yhNG6bgV1dHcL08t+8gBVrpJKC2fMM="},"chainType":1,"messageKeys":{}}},"pendingPreKey":{"signedKeyId":7940121,"baseKey":"BX+bm+u9q3hjXIP72VFV9/9h8y3k4S8FnbhD5Qui+ocr","preKeyId":6329946}}},"version":"v1"}