{"_sessions":{"BQTarc6U7+/SXry8pij7CMgbjH0RnTZGGZd+5lJ+bmUx":{"registrationId":1841707890,"currentRatchet":{"ephemeralKeyPair":{"pubKey":"BV8FsH+uxvMtmlj3rYkN7GTOlF85AWybkmlCmDJg/CwL","privKey":"AB1COvwS6TRupaZQ4+83aP51CNLpn/QkgIMvwl6dXW0="},"lastRemoteEphemeralKey":"BYITaZr5NNy+M4LgkLTMFPO14zjdu3HlNVvJfvcxyLcx","previousCounter":1,"rootKey":"b4c9qwDZy36IM7tPWUhabr57l8Jvo7KC3h7Hzig2l7g="},"indexInfo":{"baseKey":"BQTarc6U7+/SXry8pij7CMgbjH0RnTZGGZd+5lJ+bmUx","baseKeyType":1,"closed":-1,"used":1767650889403,"created":1767533369375,"remoteIdentityKey":"BUWDoVhmAS1xER6PUQhOCKi5mYCQ20it6Oe+E8HggsB5"},"_chains":{"BYITaZr5NNy+M4LgkLTMFPO14zjdu3HlNVvJfvcxyLcx":{"chainKey":{"counter":0,"key":"FStOiD8YO+XziucYUgEn65zu5FySwatBYDh89KqBgLQ="},"chainType":2,"messageKeys":{}},"BV8FsH+uxvMtmlj3rYkN7GTOlF85AWybkmlCmDJg/CwL":{"chainKey":{"counter":-1,"key":"W5Bhclb4Js4T3frR3iA1ldjq+Ok/eLlBrl6DVZzC4gI="},"chainType":1,"messageKeys":{}}}}},"version":"v1"}