{"_sessions":{"BbN4SwcdLHS+TWVfwElJ80HqWks+cpKnzOds10wsqMF9":{"registrationId":99300826,"currentRatchet":{"ephemeralKeyPair":{"pubKey":"Bcc/d4TjFp+cLwi47dTNm9iIvlhhY/Y2YPX0L7nZSZQz","privKey":"KMgwetJg4/50fCTJNXGNIslT09ZE+99ddyaAX4HcMGs="},"lastRemoteEphemeralKey":"BW8Pvyree/E6JZxxsCOgOsrG/tBhTIh7u61z1UQbZ39M","previousCounter":0,"rootKey":"jM0zXvtotGTHXOPhPXIkJaxTb8adz/UbPhsoteQYi+8="},"indexInfo":{"baseKey":"BbN4SwcdLHS+TWVfwElJ80HqWks+cpKnzOds10wsqMF9","baseKeyType":1,"closed":-1,"used":1767533369335,"created":1767533369335,"remoteIdentityKey":"Bb6d9eR5BFvfOx6GPgiG/yKu9XrRzwITOsmrEMAlTz8x"},"_chains":{"Bcc/d4TjFp+cLwi47dTNm9iIvlhhY/Y2YPX0L7nZSZQz":{"chainKey":{"counter":1,"key":"udCOaBDDzh9f7QfJAthKwUEr2lRFUFolEtSThVFdMhU="},"chainType":1,"messageKeys":{}}},"pendingPreKey":{"signedKeyId":9739344,"baseKey":"BbN4SwcdLHS+TWVfwElJ80HqWks+cpKnzOds10wsqMF9","preKeyId":13361362}}},"version":"v1"}