{"_sessions":{"Bc71EvMwq4ZnuKkzVWp1WvhvpOsz7pfo7E5/ixF8/xsi":{"registrationId":1893407051,"currentRatchet":{"ephemeralKeyPair":{"pubKey":"BZIdrSHQYKdy9DfEjrCGugc69aVWH3m1kc/rIANtYTE+","privKey":"KA0RIYPQSet0PAxvYu4bLhjIqeggzSaUOXbiiyMMFE4="},"lastRemoteEphemeralKey":"BUve6kucdamNdGtiM2D9Yqyjt84swjxrgs5pfDubtORa","previousCounter":0,"rootKey":"P5P9t579wMoOrYovOrQFYS1FebisjWHHJAZscVJdnqA="},"indexInfo":{"baseKey":"Bc71EvMwq4ZnuKkzVWp1WvhvpOsz7pfo7E5/ixF8/xsi","baseKeyType":1,"closed":-1,"used":1767533372242,"created":1767533372242,"remoteIdentityKey":"BTdIlMhSBBYUtFisIrajWUIylwnTraKlQ3QoPM0YQpRg"},"_chains":{"BZIdrSHQYKdy9DfEjrCGugc69aVWH3m1kc/rIANtYTE+":{"chainKey":{"counter":1,"key":"9kz0pky6M5/1MaYLdpPuTd2+rrzCfdlQIdxRmjharPc="},"chainType":1,"messageKeys":{}}},"pendingPreKey":{"signedKeyId":7417849,"baseKey":"Bc71EvMwq4ZnuKkzVWp1WvhvpOsz7pfo7E5/ixF8/xsi","preKeyId":16576966}}},"version":"v1"}