{"_sessions":{"BXH7V9x6i4rRJ5lGHFGwOM8kS27ji0o1Uol2GkElfHVK":{"registrationId":1546619524,"currentRatchet":{"ephemeralKeyPair":{"pubKey":"BbqURBixf+nj/gBGlPc67hPsM72DlY5GsKfLtmGp2HwY","privKey":"kBKcMcha3379GFOhcEGmvr4Wg7tE+xZEfmhwS+OnkHQ="},"lastRemoteEphemeralKey":"BSyqs7h75T0WYCFUTVq6y1PWzTQSjO3hoovf8NW3roxI","previousCounter":0,"rootKey":"prQHUIRrx9oSOm2yAIfLsQJkGlN+62mWZ7l5bpjnIzc="},"indexInfo":{"baseKey":"BXH7V9x6i4rRJ5lGHFGwOM8kS27ji0o1Uol2GkElfHVK","baseKeyType":1,"closed":-1,"used":1767533369175,"created":1767533369175,"remoteIdentityKey":"BZ/EkmvhfrUqunKnO83LiQxXgOGVto/I1ctFulxGPBYk"},"_chains":{"BbqURBixf+nj/gBGlPc67hPsM72DlY5GsKfLtmGp2HwY":{"chainKey":{"counter":1,"key":"rQPEpKBPNAScWYDmbAqjrer/vB5xKvQEJVj3TwaGXD4="},"chainType":1,"messageKeys":{}}},"pendingPreKey":{"signedKeyId":9729547,"baseKey":"BXH7V9x6i4rRJ5lGHFGwOM8kS27ji0o1Uol2GkElfHVK","preKeyId":3823468}}},"version":"v1"}