{"_sessions":{"BTfP0DDIQAGxVYcq82+kSQ3i9dNPYNx6+bJGgidzL0wp":{"registrationId":425262796,"currentRatchet":{"ephemeralKeyPair":{"pubKey":"Ba2rMPl9YF3NeC0BqurgD8NCmwkjfIWbz6cCMv/VXCEy","privKey":"sFTOZ/BvikG96DtnasJgCRjkW6blKaFbSWdlTOzX3no="},"lastRemoteEphemeralKey":"BTcSxqPGTkuCwlnEZp+VWCZtoMX+H5/g9UicfImUE3db","previousCounter":0,"rootKey":"CLjg4WoZ7Ys3s65TTbKHtH9DI30rcuXAZtR1np1TCrE="},"indexInfo":{"baseKey":"BTfP0DDIQAGxVYcq82+kSQ3i9dNPYNx6+bJGgidzL0wp","baseKeyType":1,"closed":-1,"used":1767533372322,"created":1767533372322,"remoteIdentityKey":"BWG8qEDuqUF+C+ESsirY87pk7EggSVlPGhiL7ya2sXoy"},"_chains":{"Ba2rMPl9YF3NeC0BqurgD8NCmwkjfIWbz6cCMv/VXCEy":{"chainKey":{"counter":1,"key":"LBf4tIUs0/FmJgGyoFXUU/aMqT4+1Vt/5MAY0H5dvzk="},"chainType":1,"messageKeys":{}}},"pendingPreKey":{"signedKeyId":16083851,"baseKey":"BTfP0DDIQAGxVYcq82+kSQ3i9dNPYNx6+bJGgidzL0wp"}}},"version":"v1"}