{"_sessions":{"BV3fHDdGMWf+FwSOxpbHvsZN50taJ5NiRl0NDxt3xcIz":{"registrationId":1935092991,"currentRatchet":{"ephemeralKeyPair":{"pubKey":"Bcwa2Qin+bnc+IBvzGP4c6CgSKbyTLoSqPQuirAF3VF+","privKey":"mFFaAnbDcJDbjwLKIs0DoBlUa3VIMJu7UObWuqIQqHc="},"lastRemoteEphemeralKey":"BRKGGIiik+3cT9gQ6WI8dLUi5QtJaYnKy8rtHoI+JPQx","previousCounter":0,"rootKey":"xNSdBEVQQs0iiQ+pGe9YvsSIEf5p0wKAb0mT4Uah2aU="},"indexInfo":{"baseKey":"BV3fHDdGMWf+FwSOxpbHvsZN50taJ5NiRl0NDxt3xcIz","baseKeyType":1,"closed":-1,"used":1767533372221,"created":1767533372221,"remoteIdentityKey":"BUSCXyS7CswqH+NtFuSaKifPv28Qjk5PGSCZfe+odItE"},"_chains":{"Bcwa2Qin+bnc+IBvzGP4c6CgSKbyTLoSqPQuirAF3VF+":{"chainKey":{"counter":1,"key":"2bd62dZLnFZmS3r/nEaV0siKkaCH+d/Q9QE8i3q3PqY="},"chainType":1,"messageKeys":{}}},"pendingPreKey":{"signedKeyId":6764934,"baseKey":"BV3fHDdGMWf+FwSOxpbHvsZN50taJ5NiRl0NDxt3xcIz"}}},"version":"v1"}