{"_sessions":{"BWdLuW3qzb/G4iKnuKDZukEzDkk+t17ODuEUWUOOJnp3":{"registrationId":232017573,"currentRatchet":{"ephemeralKeyPair":{"pubKey":"BfgdNvwMfdVSiE+d5yoWtytb4f8LQC0ZAJnZy0vgZhtV","privKey":"OJXBNU+gChNiX2uSwMTBg6S/967elsme2Q79iJQHXXg="},"lastRemoteEphemeralKey":"BRaJFjpvd4nvoiXGqoTbTw+xJnP6XGlaDmjRplhqcdAs","previousCounter":0,"rootKey":"8HCrfQPOT8N4g/4ST8E/NkdAlIQQPekarU8bHYkd0+A="},"indexInfo":{"baseKey":"BWdLuW3qzb/G4iKnuKDZukEzDkk+t17ODuEUWUOOJnp3","baseKeyType":1,"closed":-1,"used":1767533372286,"created":1767533372286,"remoteIdentityKey":"BQfv7LzWer0lNST3hd06PEBKq4U4bF/ws+e1l6rargoK"},"_chains":{"BfgdNvwMfdVSiE+d5yoWtytb4f8LQC0ZAJnZy0vgZhtV":{"chainKey":{"counter":1,"key":"h17Z0L/UVYaHNVzjsXJcHwVu3+3xJjlJEpH8eXUB2w8="},"chainType":1,"messageKeys":{}}},"pendingPreKey":{"signedKeyId":11583578,"baseKey":"BWdLuW3qzb/G4iKnuKDZukEzDkk+t17ODuEUWUOOJnp3","preKeyId":955964}}},"version":"v1"}