{"_sessions":{"Bfe46eaWUCmcH3W+iRri6T7/R9T6HjPZuiQvg3X/vEsK":{"registrationId":245,"currentRatchet":{"ephemeralKeyPair":{"pubKey":"BQgNByaSjVI6G1adAELGJu1qEE4iJlJxpQ1G0TkHF+1S","privKey":"uJfDwpIxtnIAvyxkOAUMFQeeu+jrnBJHiLcp8Me86Uo="},"lastRemoteEphemeralKey":"BT4bVVQa+f2oBqbWwFV5LKKS8I6q8/oO8gm3tIieFYUj","previousCounter":0,"rootKey":"7TXID1HI/YzPt28LA8lob2QpS5+4rb+V3JA3n/nrixo="},"indexInfo":{"baseKey":"Bfe46eaWUCmcH3W+iRri6T7/R9T6HjPZuiQvg3X/vEsK","baseKeyType":1,"closed":-1,"used":1767530054098,"created":1767530054098,"remoteIdentityKey":"BQ0aSgyNdfh4bBTwAEZnVQXNpBiv00v5e4fJK4jJmDt7"},"_chains":{"BQgNByaSjVI6G1adAELGJu1qEE4iJlJxpQ1G0TkHF+1S":{"chainKey":{"counter":1,"key":"rrDZc3JC8UdUge507OCLcFqQIPIrV2rqlaPSaE697y0="},"chainType":1,"messageKeys":{}}},"pendingPreKey":{"signedKeyId":1,"baseKey":"Bfe46eaWUCmcH3W+iRri6T7/R9T6HjPZuiQvg3X/vEsK","preKeyId":83}}},"version":"v1"}