{"_sessions":{"BXw98yXF2aTiFxtL0PjbRygfR5L8j87C+T9DBoN1Rm0W":{"registrationId":773494445,"currentRatchet":{"ephemeralKeyPair":{"pubKey":"BeK/dEIML/VoqqQ2/o53wjTOCUhwU0hpJRd/giKjPrsZ","privKey":"EEGRXeys29nRkiyIoYsntK1QiLmt0a6EWuolIDhKHkY="},"lastRemoteEphemeralKey":"Be5YHkt/BdxV51ScLPT0LLa4q4szcgstDGaCB+HBx+MZ","previousCounter":0,"rootKey":"+zozCBt+uTRWadi7CJVyP34kJPttcvWCFGE7iak/wN8="},"indexInfo":{"baseKey":"BXw98yXF2aTiFxtL0PjbRygfR5L8j87C+T9DBoN1Rm0W","baseKeyType":1,"closed":-1,"used":1767533372379,"created":1767533372379,"remoteIdentityKey":"BZALzPTHwib2tl5i3KjTCrRObJWwDI3xDwJGQddGGU87"},"_chains":{"BeK/dEIML/VoqqQ2/o53wjTOCUhwU0hpJRd/giKjPrsZ":{"chainKey":{"counter":1,"key":"ao/z1qMHBROKRi/zOg27qIjUe5tevszb4Syyo+9KRbQ="},"chainType":1,"messageKeys":{}}},"pendingPreKey":{"signedKeyId":6655806,"baseKey":"BXw98yXF2aTiFxtL0PjbRygfR5L8j87C+T9DBoN1Rm0W","preKeyId":6397149}}},"version":"v1"}