{"_sessions":{"BckxE4e8vvh38GcQvGFq9CfBtnmZQac6Okm9L9Cpbh5r":{"registrationId":837179972,"currentRatchet":{"ephemeralKeyPair":{"pubKey":"BRa8Ln06JGyqD1mMUN8ARbeBasl3y7++6xbKag4xc/F8","privKey":"mBRAL9Y62nUU9VD9+9hqVHDN87KQiKQEjuA23s595UA="},"lastRemoteEphemeralKey":"BX772gyKCC+xG8Ts9LYHHiwT9vGavLG8rugcSwlAGRUl","previousCounter":0,"rootKey":"GsbA+2ZCq1BqarfBEGliMagAuiJ2Thv8A5u4w9rJ/kg="},"indexInfo":{"baseKey":"BckxE4e8vvh38GcQvGFq9CfBtnmZQac6Okm9L9Cpbh5r","baseKeyType":1,"closed":-1,"used":1767567599463,"created":1767567599463,"remoteIdentityKey":"BUnjRKZ15NGXeZmnVPm5WqC+Ym44zpEMfI80UM/0grpr"},"_chains":{"BRa8Ln06JGyqD1mMUN8ARbeBasl3y7++6xbKag4xc/F8":{"chainKey":{"counter":0,"key":"6ZnPSyZouynsUcrPdK194mCZ21VFsqaJX5Q4/ZA5hj8="},"chainType":1,"messageKeys":{}}},"pendingPreKey":{"signedKeyId":10888136,"baseKey":"BckxE4e8vvh38GcQvGFq9CfBtnmZQac6Okm9L9Cpbh5r","preKeyId":6659431}}},"version":"v1"}