{"_sessions":{"BTEx6ipUskK0gzDmO0g8kTKIK3znwdvkLCei5wdE2XF5":{"registrationId":772933945,"currentRatchet":{"ephemeralKeyPair":{"pubKey":"BbAVi2obrFyuqrxD2S6RGS19tj4CJLPlLgOo8MK1//RQ","privKey":"KFI0dlx5rwGM6/C52wGftvpY/B8RngJvTVm/vn4MwkQ="},"lastRemoteEphemeralKey":"BZ3VNCMAuP/UhkX1o4sJJgLhPjjmo8pxLsaLVTt5eH8f","previousCounter":0,"rootKey":"5BxeCMO5D1vdYs4vxI14PApsqgdyVs3Rjw8IZbdLcbE="},"indexInfo":{"baseKey":"BTEx6ipUskK0gzDmO0g8kTKIK3znwdvkLCei5wdE2XF5","baseKeyType":1,"closed":-1,"used":1767663221951,"created":1767533372432,"remoteIdentityKey":"BZED4xINACa7WP9TEQnH1o6iR7a9SgSNvXRwgnrHYi1+"},"_chains":{"BYvM/iL/0wGgfiSwvN1XPr77tK0O20L1YBra+f5gq2Ez":{"chainKey":{"counter":1},"chainType":2,"messageKeys":{}},"BZ3VNCMAuP/UhkX1o4sJJgLhPjjmo8pxLsaLVTt5eH8f":{"chainKey":{"counter":3,"key":"7E8InmyTGCxmLwjsTyuu7VLxCqXg+jOBE9pKXWnPywU="},"chainType":2,"messageKeys":{}},"BbAVi2obrFyuqrxD2S6RGS19tj4CJLPlLgOo8MK1//RQ":{"chainKey":{"counter":-1,"key":"WHjuThu9F9ehHvt469/V9IEqL/GLPLHeClCuWswuacU="},"chainType":1,"messageKeys":{}}}}},"version":"v1"}