{"_sessions":{"BRfVfbNzJ+iP6qyZtaMePYR3FWJp7NmQ8S/IdffKH2cb":{"registrationId":43911467,"currentRatchet":{"ephemeralKeyPair":{"pubKey":"BeGpwUGygMTSThr2kWkpiPdnDtgqMOt3hXGhphPnIPxy","privKey":"gA1WaMHAgCvcJCyaP/aLgFDK6c+B6yZlgN6XYMOYVmQ="},"lastRemoteEphemeralKey":"BWiYdKU0p0hxqY4Fj3Va+33PZcQerye+HfDOKPHuUxpA","previousCounter":0,"rootKey":"pDFcH6SMtaFv35ZlpxcNterevNgtL7uEYl5jEUUuNhE="},"indexInfo":{"baseKey":"BRfVfbNzJ+iP6qyZtaMePYR3FWJp7NmQ8S/IdffKH2cb","baseKeyType":2,"closed":1767530146144,"used":1767530134437,"created":1767530047545,"remoteIdentityKey":"Bb8TUvl6xIo+3EccnaY6tUW6kFSM1TY1O/hGy2VuVRBc"},"_chains":{"BThT/Z2uqBe06JYhh5fug2aQ1Wn7p+4D9kRXT4q9llIo":{"chainKey":{"counter":5},"chainType":2,"messageKeys":{}},"BWiYdKU0p0hxqY4Fj3Va+33PZcQerye+HfDOKPHuUxpA":{"chainKey":{"counter":6,"key":"1JXlNd9iKEb0fAF4BPXio6alLb24ymAh4spsM5Wi9mo="},"chainType":2,"messageKeys":{"3":"PmFiDYWz6IBtYqRex/umaHcItK8In5gAgzi+EwweuQw=","4":"lU/duWiaVKXj+F5yzd2ZtU+IMzySM46PBpKkVVdD5uk="}},"BeGpwUGygMTSThr2kWkpiPdnDtgqMOt3hXGhphPnIPxy":{"chainKey":{"counter":-1,"key":"C0Hz/otoP8GgGKlQ3bI8PqrH7Q5h6Wi0L7bF2RPSNcA="},"chainType":1,"messageKeys":{}}}},"BW3SOO0id0kihXWmj8NFVsXgPQMrcPErm1kPp5Dqm8BY":{"registrationId":43911467,"currentRatchet":{"ephemeralKeyPair":{"pubKey":"Ba01O+E6d85zzvZaplH+hEc+W59Vj/eitURt4gXeFZof","privKey":"kBdGHxo4/dNK7MZp8hamCLDCvhXCxx7GhEzGuv5SHEE="},"lastRemoteEphemeralKey":"BfJpB+CBmuwKp9mubSBAsP+GZrSPZfBQJ9/7/OAgdeIE","previousCounter":3,"rootKey":"8i0SvIjHdODJWsJAdYP0mn7hPPYfgdGvou4t/ItriQw="},"indexInfo":{"baseKey":"BW3SOO0id0kihXWmj8NFVsXgPQMrcPErm1kPp5Dqm8BY","baseKeyType":2,"closed":-1,"used":1767636516344,"created":1767530146152,"remoteIdentityKey":"Bb8TUvl6xIo+3EccnaY6tUW6kFSM1TY1O/hGy2VuVRBc"},"_chains":{"BXq1GTuQ+BKsNDwDnK/R0ZJeQF5GPcw6sWZerE3SXxEZ":{"chainKey":{"counter":1},"chainType":2,"messageKeys":{"0":"fQ9GqoFb31WcV7utBSqGea5gsbfXysAQCp1XPf8cSKQ="}},"BYcWP7OEdM3ws02tloQGGmLURYcXqf7+gL+9D2MPtjZT":{"chainKey":{"counter":0},"chainType":2,"messageKeys":{}},"BcEeM9SOxkEjA1dFVCLYYwekVo/4BxQB77Gv2gatA952":{"chainKey":{"counter":0},"chainType":2,"messageKeys":{}},"BXHKimeMm9Yb0W/IIw5U1rR+kxDrg7okork6uH27nq5W":{"chainKey":{"counter":0},"chainType":2,"messageKeys":{}},"BfJpB+CBmuwKp9mubSBAsP+GZrSPZfBQJ9/7/OAgdeIE":{"chainKey":{"counter":1,"key":"LIw0oeoR47ThbAp9N4eo847voH4epqXS7D4X9g+E46Y="},"chainType":2,"messageKeys":{}},"Ba01O+E6d85zzvZaplH+hEc+W59Vj/eitURt4gXeFZof":{"chainKey":{"counter":26,"key":"4dhPojoH3i/z8feBv16Rc0NtSJEtVPECopJcR5z7vT8="},"chainType":1,"messageKeys":{}}}}},"version":"v1"}