{"_sessions":{"BWTA0N3aEeHhYOx+3JjYYzabUmnVYOuqdlef0mqjmD9F":{"registrationId":520487491,"currentRatchet":{"ephemeralKeyPair":{"pubKey":"BRrrjhbZQKy6K/W98rtaCLHp5CiDy9Mquho1UfipGGMM","privKey":"+AlAY0GXbkxPDrGrpo3NhvhrwInCXpI2dqHQWwW+B0E="},"lastRemoteEphemeralKey":"Be5AepBhp74vXcGVK/tWwqH/2Pkly243JeZ/3q/QEN5n","previousCounter":0,"rootKey":"pxEdr360Qoq20SaZHwk699DE7EL6Ik9507ySCrI/qiE="},"indexInfo":{"baseKey":"BWTA0N3aEeHhYOx+3JjYYzabUmnVYOuqdlef0mqjmD9F","baseKeyType":1,"closed":-1,"used":1767661928201,"created":1767533372268,"remoteIdentityKey":"BVntlTwgGZ3mU1oaijCoErfAdg8iWN4LtDlDW694rb0J"},"_chains":{"BZYjPuZKSZVPmfkfASyzwrqg4c+aV0klHSFdE7nAEVBo":{"chainKey":{"counter":4},"chainType":2,"messageKeys":{}},"Be5AepBhp74vXcGVK/tWwqH/2Pkly243JeZ/3q/QEN5n":{"chainKey":{"counter":3,"key":"nfZBPWEJLm2aRICSjFB1De+mXYjB+qIjY7f8z8B57RE="},"chainType":2,"messageKeys":{}},"BRrrjhbZQKy6K/W98rtaCLHp5CiDy9Mquho1UfipGGMM":{"chainKey":{"counter":-1,"key":"qcQU9j6sf4bEVXVTx7Klxnf2GgLvj9JC6gaGn3OMwTU="},"chainType":1,"messageKeys":{}}}}},"version":"v1"}