{"_sessions":{"BSsWoLI3DiB4cvu9q/AYxI3R4o27R3Sl/xz/DwKR9K1s":{"registrationId":1753553434,"currentRatchet":{"ephemeralKeyPair":{"pubKey":"BdZZjamvB5c/rT+jhvmbAwLODk3KSULVUbyf8ToEErc2","privKey":"UDx5QuXrcU+qRUL+qDfUdLfZW8NIerUhLaJS80SHx18="},"lastRemoteEphemeralKey":"BVbwy2Cd4jRrCgwOfnzQHWLFEBxU2dpEc0r2fIMMeFA4","previousCounter":0,"rootKey":"BEI6pp2Toz7RSfalNxEwKqBfX2MD9iVZXy5j38yXsOE="},"indexInfo":{"baseKey":"BSsWoLI3DiB4cvu9q/AYxI3R4o27R3Sl/xz/DwKR9K1s","baseKeyType":1,"closed":-1,"used":1767533372152,"created":1767533372152,"remoteIdentityKey":"BdFMNGjFMdW1h7plB1YYdRw1WlDVpFHapR2klFim3MEG"},"_chains":{"BdZZjamvB5c/rT+jhvmbAwLODk3KSULVUbyf8ToEErc2":{"chainKey":{"counter":1,"key":"5ZSRENmlobZShP+88QJhVSb1WWYEA76V83BeNbrb7C0="},"chainType":1,"messageKeys":{}}},"pendingPreKey":{"signedKeyId":2340065,"baseKey":"BSsWoLI3DiB4cvu9q/AYxI3R4o27R3Sl/xz/DwKR9K1s","preKeyId":9249282}}},"version":"v1"}