{"_sessions":{"BWB3hZKa/Kp+sLRrHPjM4BPhhKudkyZ421rHjVAz8+Bq":{"registrationId":531082160,"currentRatchet":{"ephemeralKeyPair":{"pubKey":"Be9hUihN/PQbbqR7pdMom4koexqO3PO9GMW+WBVsQFsQ","privKey":"2LOP1GUbMvP0ETQ1isca+C0AI1u3C+9J/0pFbpLMlkw="},"lastRemoteEphemeralKey":"BXOKqCnO5kWJTfiymf2VjJiffeHwp+E83ZeS2jArQXFm","previousCounter":0,"rootKey":"Q4Id4iLtimuz9aW9PNQ3d786Az+3a6Wk/60HOu5fg6c="},"indexInfo":{"baseKey":"BWB3hZKa/Kp+sLRrHPjM4BPhhKudkyZ421rHjVAz8+Bq","baseKeyType":1,"closed":-1,"used":1767533369322,"created":1767533369322,"remoteIdentityKey":"BcfA488oh85VAM7TIba4MlMSnkBG6RjsE21KhNqwlfAH"},"_chains":{"Be9hUihN/PQbbqR7pdMom4koexqO3PO9GMW+WBVsQFsQ":{"chainKey":{"counter":1,"key":"k/PPE1wVPUEJCsXJ4z4aT3Yfz2y/wGjZ5BRS4vh5f34="},"chainType":1,"messageKeys":{}}},"pendingPreKey":{"signedKeyId":0,"baseKey":"BWB3hZKa/Kp+sLRrHPjM4BPhhKudkyZ421rHjVAz8+Bq"}}},"version":"v1"}