{"_sessions":{"BRgHO2polop3XzbQ34h/n3XGUjd/AiNJadN01e2ldAkh":{"registrationId":1777355364,"currentRatchet":{"ephemeralKeyPair":{"pubKey":"BfkfslsFSbik6O/t7AkFqWmbs9TwKuamSEUWquKXtWMP","privKey":"6JSoENJaGOZGmon4iPskUW7zuLe9J0vVAu7/f+u/Qns="},"lastRemoteEphemeralKey":"BSuWLKjEIhRYOAOHCE7W5pic1JtTowcZZypoRH7XjHEX","previousCounter":0,"rootKey":"gZ76HW7qt1Or6EMaxnmTCl6orviCnjfpMFS5UCobYoU="},"indexInfo":{"baseKey":"BRgHO2polop3XzbQ34h/n3XGUjd/AiNJadN01e2ldAkh","baseKeyType":1,"closed":-1,"used":1767533372250,"created":1767533372250,"remoteIdentityKey":"BSKU2vX97Rnq7EQ2El8M4SX/gURCUvpuHc4ZlMU7C70a"},"_chains":{"BfkfslsFSbik6O/t7AkFqWmbs9TwKuamSEUWquKXtWMP":{"chainKey":{"counter":1,"key":"0dQW1+wpm3wbUZoGeM+knyXljN7t1zZ3Qnk8xh8aI34="},"chainType":1,"messageKeys":{}}},"pendingPreKey":{"signedKeyId":7170259,"baseKey":"BRgHO2polop3XzbQ34h/n3XGUjd/AiNJadN01e2ldAkh"}}},"version":"v1"}