{"_sessions":{"BdSpu0T0csxC7JSfOg+dbgXvg9AitzXmXvrgHnhu34EP":{"registrationId":494313783,"currentRatchet":{"ephemeralKeyPair":{"pubKey":"BVDUiveeVg1TowA4SdOp8pVZokbHRerB8D0NTr10XrUL","privKey":"GMvxfisfLE/oUMMThl2DsRIW2Up0VtO2+zLBAye2DEo="},"lastRemoteEphemeralKey":"Bars1Ys1XgzxBiQg7NFdcgYDUsYju2PItxKqbW5Kw6Zn","previousCounter":0,"rootKey":"ErhmcHoILnbnZzGbr6e41XCEttO6L6we83d9Dr9LbtI="},"indexInfo":{"baseKey":"BdSpu0T0csxC7JSfOg+dbgXvg9AitzXmXvrgHnhu34EP","baseKeyType":1,"closed":-1,"used":1767621492137,"created":1767621492137,"remoteIdentityKey":"BbBivrOkTJtgIxNKIXUmA12ZzO3WHo3Oujw7Gyqp2Vw3"},"_chains":{"BVDUiveeVg1TowA4SdOp8pVZokbHRerB8D0NTr10XrUL":{"chainKey":{"counter":15,"key":"GLvflGvzJIAqH6UYR1vElcKX8l8RJBbHzjlVOwU07JU="},"chainType":1,"messageKeys":{}}},"pendingPreKey":{"signedKeyId":8438892,"baseKey":"BdSpu0T0csxC7JSfOg+dbgXvg9AitzXmXvrgHnhu34EP","preKeyId":3737369}}},"version":"v1"}