{"_sessions":{"BWNQWNAmx+JYLaoMbZgVIyXZ8whDrN9CIHK+LvmmEJkA":{"registrationId":1060815537,"currentRatchet":{"ephemeralKeyPair":{"pubKey":"BQT++OMpxXesBpF8qXl1rq8MQ3CXG54yETMnEzsWT0B3","privKey":"mDLUbdXDpX8IPnVfK84Do7JjTYgcqv+zSvnN4eaB4kA="},"lastRemoteEphemeralKey":"BXufiH8rCg7EDwzP4pFIQukDXPRxqnk5tfC5By8VGO1E","previousCounter":0,"rootKey":"H0BeyGwwVMVaNesAEjmblvcd/C7GIRAo4OmRo8jP46g="},"indexInfo":{"baseKey":"BWNQWNAmx+JYLaoMbZgVIyXZ8whDrN9CIHK+LvmmEJkA","baseKeyType":1,"closed":-1,"used":1767533369340,"created":1767533369340,"remoteIdentityKey":"BS1BFkfG2U18kWOd3Xg7UoTMe86GOB65207+VJEFTs1R"},"_chains":{"BQT++OMpxXesBpF8qXl1rq8MQ3CXG54yETMnEzsWT0B3":{"chainKey":{"counter":1,"key":"1tROxR5JpKlN/zXoLgCgEy4zX69+1e4FkbEVPEwENqU="},"chainType":1,"messageKeys":{}}},"pendingPreKey":{"signedKeyId":11944780,"baseKey":"BWNQWNAmx+JYLaoMbZgVIyXZ8whDrN9CIHK+LvmmEJkA","preKeyId":1668}}},"version":"v1"}