{"_sessions":{"BRI0dhihCtyzvEfSrWmNnHbi5FPwpAvBxv3cjZUJc4wk":{"registrationId":616463192,"currentRatchet":{"ephemeralKeyPair":{"pubKey":"BTRoAAH9TdbEqiJLz2tSwAVG4cnsuzOSy/eISt+AGwoZ","privKey":"6J7NFyATTnIWofnl52/whF/NJGVqoQgBiTQzvF09aWU="},"lastRemoteEphemeralKey":"BUj1hEAMBBPzg+neOjZqguyUXMx8tsSiPUUQU9iDHW5o","previousCounter":0,"rootKey":"4hFOf/TOp5jKT5mfu5xkD4sYmpm56ehwyMqzFIB1a1A="},"indexInfo":{"baseKey":"BRI0dhihCtyzvEfSrWmNnHbi5FPwpAvBxv3cjZUJc4wk","baseKeyType":1,"closed":-1,"used":1767706875407,"created":1767533369384,"remoteIdentityKey":"BQB06GeLybDzfM/Lme1UjSQbb9yhm/Mjj7wORr/RESYL"},"_chains":{"BejRxYs+Dy/V8Q8YuEH9bgh2TLYx6D4E74MrpHBH0Gp8":{"chainKey":{"counter":4},"chainType":2,"messageKeys":{}},"BUj1hEAMBBPzg+neOjZqguyUXMx8tsSiPUUQU9iDHW5o":{"chainKey":{"counter":0,"key":"RoKh+3kuh+RsaNpxVB9HOWPhTuKtEx0uY31Jx4Z5JXs="},"chainType":2,"messageKeys":{}},"BTRoAAH9TdbEqiJLz2tSwAVG4cnsuzOSy/eISt+AGwoZ":{"chainKey":{"counter":-1,"key":"MyYFo9gtme0o7IFbKhl55h7+TpZtih+FlW+9alTeSLM="},"chainType":1,"messageKeys":{}}}}},"version":"v1"}