{"_sessions":{"BZL6+LHtjNxpEE7h8d4S/DO66fdqVuBbCW0ZB9ZRe8h3":{"registrationId":1054073987,"currentRatchet":{"ephemeralKeyPair":{"pubKey":"BfKt5N5heA0+CjRxP1miaFyTHHh1hzFPWTqtoOFhZLlF","privKey":"8BOhTH5BmTaRH7u+lP4t1+WaYLC3FCjVUjE/u33cRF8="},"lastRemoteEphemeralKey":"BaK0YRkRJ5QoXJZ2Zp5/LKIQ0KwVxF6dgFO3APKp8PF6","previousCounter":0,"rootKey":"mVvUgizLaQmBCt3JKqJrlZMsnZl+CU5Nu3fUiL+Jc+A="},"indexInfo":{"baseKey":"BZL6+LHtjNxpEE7h8d4S/DO66fdqVuBbCW0ZB9ZRe8h3","baseKeyType":1,"closed":-1,"used":1767533372383,"created":1767533372383,"remoteIdentityKey":"BfhsBvmxYVwENTtitNgxyjniXP7U/ZPRItUbqQkxV34n"},"_chains":{"BfKt5N5heA0+CjRxP1miaFyTHHh1hzFPWTqtoOFhZLlF":{"chainKey":{"counter":1,"key":"1D83vQdXjdJy3HA7xN6nrROI8Wj9Y/4PHmFM40Iwr+Y="},"chainType":1,"messageKeys":{}}},"pendingPreKey":{"signedKeyId":25,"baseKey":"BZL6+LHtjNxpEE7h8d4S/DO66fdqVuBbCW0ZB9ZRe8h3"}}},"version":"v1"}