{"_sessions":{"BZGupABwavUASbaB9WPtUkjDbVcGFBATN8rotoPo/O8r":{"registrationId":1784602025,"currentRatchet":{"ephemeralKeyPair":{"pubKey":"BQrZ+LItvA7jt8pW8SlYBF5Swp6soDrFwe7+SheED1YD","privKey":"qLrec6vBE/dDthy2tXBKSIQsbMl75Tl9Ize35dN2bmM="},"lastRemoteEphemeralKey":"BbdsZNSO/fmOIbrGEKLSJ1aaECa1/yr8qq/VZQp6avgQ","previousCounter":0,"rootKey":"77q2Fyd5pWIbSaU8+CmbaC3G9P00bmFQmTXqIe/ItIs="},"indexInfo":{"baseKey":"BZGupABwavUASbaB9WPtUkjDbVcGFBATN8rotoPo/O8r","baseKeyType":1,"closed":-1,"used":1767533372326,"created":1767533372326,"remoteIdentityKey":"Bf5EoRIueHOPOMUkg+5S83QrqkiCYcovNgmdiO1MUKgy"},"_chains":{"BQrZ+LItvA7jt8pW8SlYBF5Swp6soDrFwe7+SheED1YD":{"chainKey":{"counter":1,"key":"EHiCorSo9z9DIQJPera64Jm0t5hq67PPWV15mlryRHk="},"chainType":1,"messageKeys":{}}},"pendingPreKey":{"signedKeyId":10,"baseKey":"BZGupABwavUASbaB9WPtUkjDbVcGFBATN8rotoPo/O8r"}}},"version":"v1"}