{"_sessions":{"BdH3dI7nO8hoy9wdhxDupT6z46J2MQ7cysG3JMhIl5d2":{"registrationId":1059024204,"currentRatchet":{"ephemeralKeyPair":{"pubKey":"BTv8ktBu80EidHuFO/Y/DTHOqrWrPbQjtEFkX4dHtfQT","privKey":"WChpqIT/hrVNxNKMX4Q8gOc7IGvp6dwFIANpY22bqWU="},"lastRemoteEphemeralKey":"BeCd1+fy/91tl3+wLTFZANEXR5ggvPD3MEHBFVOmihM4","previousCounter":0,"rootKey":"OupDb84NhNkVHRcA6ewtZKPw5EwhQxOgeYAvkd4owcE="},"indexInfo":{"baseKey":"BdH3dI7nO8hoy9wdhxDupT6z46J2MQ7cysG3JMhIl5d2","baseKeyType":1,"closed":-1,"used":1767533369223,"created":1767533369223,"remoteIdentityKey":"BUJaXo6Qmq0nf9CrsFxFALjSkQYaxTVXh3LM7LBJYulP"},"_chains":{"BTv8ktBu80EidHuFO/Y/DTHOqrWrPbQjtEFkX4dHtfQT":{"chainKey":{"counter":1,"key":"E4Ab4iEqGMlEzn5iEwsLobjbjNLbRNC4UB4RWIjv34A="},"chainType":1,"messageKeys":{}}},"pendingPreKey":{"signedKeyId":15989037,"baseKey":"BdH3dI7nO8hoy9wdhxDupT6z46J2MQ7cysG3JMhIl5d2","preKeyId":298982}}},"version":"v1"}