{"_sessions":{"BQ4rGs4Oc2rOvIOd4POnLvtme1NqXNHPoIKQY+ChKYUP":{"registrationId":15481,"currentRatchet":{"ephemeralKeyPair":{"pubKey":"BUpp7baIwp+qNlwY3Bqmi3Z4kS9mFPAJUlhF72vOjS53","privKey":"kLbAILyM4NnU5c1OxOQA63wFMvIQRHNxpPKqRK/EtFw="},"lastRemoteEphemeralKey":"BTqaWsXRhlQJyidQ+/n3ed7rYKlilhfItePDyFRYDlwN","previousCounter":0,"rootKey":"Fov41513JJi2drgAWKZdP++iRCQU+MrVzlDGRZaa88M="},"indexInfo":{"baseKey":"BQ4rGs4Oc2rOvIOd4POnLvtme1NqXNHPoIKQY+ChKYUP","baseKeyType":1,"closed":-1,"used":1767533369009,"created":1767533369009,"remoteIdentityKey":"BbzdJdmBsXdBU/+Zn7pKa84wejwEs+NVMGiDuXbzy8Qh"},"_chains":{"BUpp7baIwp+qNlwY3Bqmi3Z4kS9mFPAJUlhF72vOjS53":{"chainKey":{"counter":1,"key":"G8TQdoIgf8e0pYCqOZuv8UriySgZGN2ZO5Z0//zkKho="},"chainType":1,"messageKeys":{}}},"pendingPreKey":{"signedKeyId":1,"baseKey":"BQ4rGs4Oc2rOvIOd4POnLvtme1NqXNHPoIKQY+ChKYUP","preKeyId":412}}},"version":"v1"}