{"_sessions":{"BcCdDBrSxyvzxTlMsOehf7jCErxg+Td4vyHSplDft24F":{"registrationId":9793,"currentRatchet":{"ephemeralKeyPair":{"pubKey":"BdV2+OpVgKVCe9cbgLqwOU5lEYiIbKh7lu4ObgHMqVd2","privKey":"MBaIjQtwhYC5iSmjOdaxq+eLSBRvGHiYBC+Oti54iXA="},"lastRemoteEphemeralKey":"BYHtX1Mr4yyfFVufNgUemLKqRmRDWAV5H90MP/GVBlMx","previousCounter":0,"rootKey":"qMfxwE4w4tzBm7YFU1D71YfSZhvNSPGJKQzC9mTxGIc="},"indexInfo":{"baseKey":"BcCdDBrSxyvzxTlMsOehf7jCErxg+Td4vyHSplDft24F","baseKeyType":1,"closed":-1,"used":1767533369023,"created":1767533369023,"remoteIdentityKey":"BTk09GG9CfE1xnsZw4/D+I/cD8K7iOULvJS5FwRvIbUb"},"_chains":{"BdV2+OpVgKVCe9cbgLqwOU5lEYiIbKh7lu4ObgHMqVd2":{"chainKey":{"counter":1,"key":"aCQ7WZ+a5V2IIVwC6SiY00r4oV1YhlGXVkaDew83sEM="},"chainType":1,"messageKeys":{}}},"pendingPreKey":{"signedKeyId":1,"baseKey":"BcCdDBrSxyvzxTlMsOehf7jCErxg+Td4vyHSplDft24F"}}},"version":"v1"}