{"_sessions":{"Bf7FavS92/BInckIj6+Pry6yBtjXxqV7mJ536R3ttvgP":{"registrationId":930460217,"currentRatchet":{"ephemeralKeyPair":{"pubKey":"BVXwMb86M6+79oWmSc3BAJ3GBw9V9KcAAX49N2lPCngF","privKey":"uJiq/v53XYhvptM/rxttBdeuTdoBd2s1Z8AV6aC7rUU="},"lastRemoteEphemeralKey":"BQ5b/gdOcyiJlC5c42DKffepsyEgY8bzyGE/tv9gQME2","previousCounter":0,"rootKey":"bjaW9CyRPcxE4C/RcBEtc8llb8VY9PtjoFiWJm5PlXg="},"indexInfo":{"baseKey":"Bf7FavS92/BInckIj6+Pry6yBtjXxqV7mJ536R3ttvgP","baseKeyType":1,"closed":-1,"used":1767706431464,"created":1767533372203,"remoteIdentityKey":"BWskYLOgTnw7cWW1M0uekV9PY9AYGPwQC9YGl6/hMmFp"},"_chains":{"Bfw3zTi9j+HTIYr+dQaARNWBl+409qvjN54uHyQU+nQ3":{"chainKey":{"counter":1},"chainType":2,"messageKeys":{}},"BQ5b/gdOcyiJlC5c42DKffepsyEgY8bzyGE/tv9gQME2":{"chainKey":{"counter":3,"key":"j5Vo9YF2qa2FWuDNRu5DmaG9C/UxskMcPGV7jTfs5I8="},"chainType":2,"messageKeys":{}},"BVXwMb86M6+79oWmSc3BAJ3GBw9V9KcAAX49N2lPCngF":{"chainKey":{"counter":-1,"key":"HY4jK8HhImziIOcf1JqX7zLrpgErIm8HZYI1ZkxEJp4="},"chainType":1,"messageKeys":{}}}}},"version":"v1"}