{"_sessions":{"BchQPVUyXEsRcLuTI7C7FoOWxumAPb3UR3FFP69imDZq":{"registrationId":1048035161,"currentRatchet":{"ephemeralKeyPair":{"pubKey":"BUgWiVBLVvMOH46sYW8eByMeyIfhbJqR6UGgQJsb6wUM","privKey":"mAVmL4V44TKM2wlV8Z2rllMjbBzM2ugngstIJ957PFc="},"lastRemoteEphemeralKey":"BZJC2CBVXBL+Umkbidy6WMikopVQs+StCPWI0mi273Ao","previousCounter":0,"rootKey":"+azEra2OJwDRPfu4j4LIn0C9kkHTs9I5WphN373qrm0="},"indexInfo":{"baseKey":"BchQPVUyXEsRcLuTI7C7FoOWxumAPb3UR3FFP69imDZq","baseKeyType":1,"closed":-1,"used":1767661957385,"created":1767533372414,"remoteIdentityKey":"BbuWTr43F0XPiBnqnWb74oXzkPy9nt+FgrIPMYXcc7g/"},"_chains":{"BTAi0JPfUIq+eAn9p1Vuqd8/vT570aFZQwFn6gM/OzN6":{"chainKey":{"counter":1},"chainType":2,"messageKeys":{}},"BZJC2CBVXBL+Umkbidy6WMikopVQs+StCPWI0mi273Ao":{"chainKey":{"counter":6,"key":"PM29xi9oEB7/VfAVHJ5d8BbCDW9vm2Tvtl+MOjrAfzI="},"chainType":2,"messageKeys":{}},"BUgWiVBLVvMOH46sYW8eByMeyIfhbJqR6UGgQJsb6wUM":{"chainKey":{"counter":-1,"key":"XtoWVDS4l37PVzA/aJrplKfGrdhXkrko2YEgvN1L+Gs="},"chainType":1,"messageKeys":{}}}}},"version":"v1"}