{"_sessions":{"BYz+Ky3bp72dAqIKywGhAVTBnABku4MMyNIhyySHW6tY":{"registrationId":1768,"currentRatchet":{"ephemeralKeyPair":{"pubKey":"BVQxNHmlXedX5vsTuzdMvg3WWzwzHG3SejL8dGQyoKl6","privKey":"aEZvZLg8xOdqeEAH7w1p76uv7cDnk7tyY6fAAo5UC0o="},"lastRemoteEphemeralKey":"BXl8E9vrb8kb2XjS8R1Ag7sK5Mk6YilZGQ9TJ3o80Y5W","previousCounter":0,"rootKey":"KNpovQrAGqG2s6nGi8bQwBPubcE5/DqaNU3cjW+0iaM="},"indexInfo":{"baseKey":"BYz+Ky3bp72dAqIKywGhAVTBnABku4MMyNIhyySHW6tY","baseKeyType":1,"closed":-1,"used":1767557489795,"created":1767556429266,"remoteIdentityKey":"Bcxm2LU6zilRCsrWQI91ZgOVJUFZhZEQR3Eb9PffgtUv"},"_chains":{"BQzR191wjD8noTxdUi+6pOImuHaDM3BGfFj5ENi9wMst":{"chainKey":{"counter":0},"chainType":2,"messageKeys":{}},"BXl8E9vrb8kb2XjS8R1Ag7sK5Mk6YilZGQ9TJ3o80Y5W":{"chainKey":{"counter":0,"key":"NPOdqcshhsAh7vP3GeMvSphWdXHuLErm6Eu6ls0anaQ="},"chainType":2,"messageKeys":{}},"BVQxNHmlXedX5vsTuzdMvg3WWzwzHG3SejL8dGQyoKl6":{"chainKey":{"counter":1,"key":"mtvt/46XcCghLSi7a0JQgZz2ZpTAbgsVT1P7B3KATIM="},"chainType":1,"messageKeys":{}}}}},"version":"v1"}