{"_sessions":{"BfCEqxb45Vyqa5467uX4WfmP17/NQOvqfT9kSPNqq5NO":{"registrationId":271872703,"currentRatchet":{"ephemeralKeyPair":{"pubKey":"BW2MnGBaR3txMP5J8DNMIWzqNNIKPKYwgwSoTZKj9DF9","privKey":"wC4OaraKrmCkBH1q73bRPp4mXwp05653awZF2hD+Gkg="},"lastRemoteEphemeralKey":"BfdKO2Q5pA9gAvgbvc/sbsIEae8g1sFDu/DKcYup4JNv","previousCounter":0,"rootKey":"hk9dZ57tofsVsawNC8SJY8jIHcRRHxzYxaNcEei05CI="},"indexInfo":{"baseKey":"BfCEqxb45Vyqa5467uX4WfmP17/NQOvqfT9kSPNqq5NO","baseKeyType":2,"closed":-1,"used":1767703641104,"created":1767550308540,"remoteIdentityKey":"BUGoU+K8JS/4bsa66RpdDQqOVp3YrsiLeEEhOF+wXoMx"},"_chains":{"BTHQRn8Ge4q2Yd0eyDE/NW8DaSpSTXznAPE8mcg3XoFj":{"chainKey":{"counter":1},"chainType":2,"messageKeys":{}},"BcmRApzlA0cXeO12QPbJeHtYn8VvTJureYYdx3opuJUF":{"chainKey":{"counter":0},"chainType":2,"messageKeys":{}},"BfdKO2Q5pA9gAvgbvc/sbsIEae8g1sFDu/DKcYup4JNv":{"chainKey":{"counter":1,"key":"8zriNhGHaFY+zKkJDdPRXl2is3Vxg6J3Y870sCI43vE="},"chainType":2,"messageKeys":{}},"BW2MnGBaR3txMP5J8DNMIWzqNNIKPKYwgwSoTZKj9DF9":{"chainKey":{"counter":-1,"key":"v00ZBMpijMBK+rA9FOAkehVyjKGMZ9YIk60dy7zh86w="},"chainType":1,"messageKeys":{}}}}},"version":"v1"}