{"_sessions":{"BTVLw0onEfZ36/TAcbKimA8TGTtjESCQFWuoSEZ5ccos":{"registrationId":883476948,"currentRatchet":{"ephemeralKeyPair":{"pubKey":"Bd0QYQiTN92slfB4m7JSmn8lDTaRwQu4h44tZoodaY1S","privKey":"AFfKUDTKbxuCKTku1YVnVEo0CizHAupDQgV1jZ+Co3A="},"lastRemoteEphemeralKey":"BdHW7XL4nAl0/UKLa4Cqr63wc58941ttK9I1fwkkxJI8","previousCounter":0,"rootKey":"NTlVjFv5bGHDJwb2I9+GNS6qluC5sGO++5QncouZUvs="},"indexInfo":{"baseKey":"BTVLw0onEfZ36/TAcbKimA8TGTtjESCQFWuoSEZ5ccos","baseKeyType":1,"closed":-1,"used":1767533369179,"created":1767533369179,"remoteIdentityKey":"BRMhy6lUVfE0G/herfsM6VvI1xwPZv2PgfDID+WjOdNl"},"_chains":{"Bd0QYQiTN92slfB4m7JSmn8lDTaRwQu4h44tZoodaY1S":{"chainKey":{"counter":1,"key":"gGzqsL0+/qHv7jRvUk6HHLni6Xo6AWIaiZcO5NR7iOw="},"chainType":1,"messageKeys":{}}},"pendingPreKey":{"signedKeyId":7,"baseKey":"BTVLw0onEfZ36/TAcbKimA8TGTtjESCQFWuoSEZ5ccos"}}},"version":"v1"}