{"_sessions":{"BUigFmjvzYfBJ6QzifeSXi4pNHWesmVHqqo3FCCk1+tx":{"registrationId":493632094,"currentRatchet":{"ephemeralKeyPair":{"pubKey":"BSObTim5dVIoo5MLOgG45/wze2/WEGTxGaQKac3+EtlT","privKey":"IMq9rpXkLmB8AhM45I+oWzIbqpZczSeczWR/mFJa+lE="},"lastRemoteEphemeralKey":"BWTIys9q7FF+JZZsX7aa2DIv5rZJ/qepZInMKe55lw9i","previousCounter":0,"rootKey":"vcZf1xYRSp1Tlt+3v4DvJvRV9ILs4zzUTVtay11bTCg="},"indexInfo":{"baseKey":"BUigFmjvzYfBJ6QzifeSXi4pNHWesmVHqqo3FCCk1+tx","baseKeyType":1,"closed":1767553658779,"used":1767533369237,"created":1767533369237,"remoteIdentityKey":"BV9/s4YMeCbh2LY2+9URTMvJxltiGB5CV8QVlghpzhpv"},"_chains":{"BSObTim5dVIoo5MLOgG45/wze2/WEGTxGaQKac3+EtlT":{"chainKey":{"counter":0,"key":"X/K0yDlQ+3H/Ubgo5YOY1m1BvNuupCnnVzPTOSdjTCs="},"chainType":1,"messageKeys":{}}},"pendingPreKey":{"signedKeyId":8375327,"baseKey":"BUigFmjvzYfBJ6QzifeSXi4pNHWesmVHqqo3FCCk1+tx","preKeyId":326942}},"BWXd5sfjlze9hgAio4VOi/MqZsbrpvgiuaTnGigiCdFR":{"registrationId":158163412,"currentRatchet":{"ephemeralKeyPair":{"pubKey":"BS7H5sv/PSo5QnDCePNw8OfAjgHAzJZrEEWm9Zk4UN4h","privKey":"AMblbLHws6CnIbUg38gDo7vBRhcWWJYSSDiGeuTfT14="},"lastRemoteEphemeralKey":"BY9w5ANIc9yjQ/IKrE635OjMLFoah3aKJafbFnmga+oA","previousCounter":0,"rootKey":"JlfDAmtC+Bx3yirjijwtT4ie6yB8JoUJCog+IwyMBgA="},"indexInfo":{"baseKey":"BWXd5sfjlze9hgAio4VOi/MqZsbrpvgiuaTnGigiCdFR","baseKeyType":2,"closed":-1,"used":1767697001544,"created":1767553658809,"remoteIdentityKey":"BfB76q5Hp4O8Gmvye/oyGeLyfDTdV2MNivyyv5HdNP8a"},"_chains":{"BY85h/GfSIPW9VdJEOCUooz+drm/G8BBCFxwpeviv4wY":{"chainKey":{"counter":2},"chainType":2,"messageKeys":{}},"BY9w5ANIc9yjQ/IKrE635OjMLFoah3aKJafbFnmga+oA":{"chainKey":{"counter":29,"key":"NDNj5txn7f1onZSA0MI93wD8qGN8HX+fGimGZ/pYiPw="},"chainType":2,"messageKeys":{"9":"ZCkgri0Q4wR3t2+SZHT4yYGh/lrzw9iZz3GZTBu756s="}},"BS7H5sv/PSo5QnDCePNw8OfAjgHAzJZrEEWm9Zk4UN4h":{"chainKey":{"counter":-1,"key":"+YZSx4taufPJHS+EtR1V3asHQJaUFbEGJM3nGos821s="},"chainType":1,"messageKeys":{}}}}},"version":"v1"}