{"_sessions":{"BYZX+N3+Q9SEBUDDrKZWFBkkhYHDLYhCO49432K6YaUN":{"registrationId":1798796632,"currentRatchet":{"ephemeralKeyPair":{"pubKey":"BdHvMhcnq3jWDMhPuiQR0HANTXezUdRXzIusvTWch7B+","privKey":"aBJb0tVMQzqGKxsyEpP5vC5xS/RjsXN+L7Qj69cwvHg="},"lastRemoteEphemeralKey":"BbnXEzjJaWEJjGWohR4NspH2UPRHR3z0wuOfXj7kLvJb","previousCounter":0,"rootKey":"3EOoRvjLATBoPiiJPPHOPdQ6Y5ZvgLxx85Dpw3uDtj0="},"indexInfo":{"baseKey":"BYZX+N3+Q9SEBUDDrKZWFBkkhYHDLYhCO49432K6YaUN","baseKeyType":1,"closed":-1,"used":1767533369266,"created":1767533369266,"remoteIdentityKey":"Bf3k+NKaB3wmnW6MWia2bMFLfNb2d9zmpfk63EX030A+"},"_chains":{"BdHvMhcnq3jWDMhPuiQR0HANTXezUdRXzIusvTWch7B+":{"chainKey":{"counter":1,"key":"iu+V5HTNipumQJ4lamatz9sf/1/zuSKTxfjhpal3dKI="},"chainType":1,"messageKeys":{}}},"pendingPreKey":{"signedKeyId":2834599,"baseKey":"BYZX+N3+Q9SEBUDDrKZWFBkkhYHDLYhCO49432K6YaUN","preKeyId":757554}}},"version":"v1"}