{"_sessions":{"BbMdBKYr46RZpQVK7oObsRKC3Dp0L6p5VW8eFOIXP4Az":{"registrationId":1395361425,"currentRatchet":{"ephemeralKeyPair":{"pubKey":"Bfutnkf9QFoLPxn2tYdv0HdgUPeVGlzVOF8Le639Pe1M","privKey":"yEpOM3iaqpFwotRrrQqS/7o5tYu1LdA/rZwcMCqGZn4="},"lastRemoteEphemeralKey":"BYObPff1MQN8EQnz0cN9+yM5giK2o4dzywmPX7Qknkkl","previousCounter":0,"rootKey":"V5qzrLqRmWIt+vPv2Ppi8hof/U+KGQODy6KWKm1RWJQ="},"indexInfo":{"baseKey":"BbMdBKYr46RZpQVK7oObsRKC3Dp0L6p5VW8eFOIXP4Az","baseKeyType":1,"closed":-1,"used":1767667920633,"created":1767533369261,"remoteIdentityKey":"BXYY2twuZwrYjxOt/hyHe/pX7fUsLRscFN2QIVXi3YtJ"},"_chains":{"BZg5S/lC7nXD/Svz5j9p17Z2PViq+bP6sGSaHZtsL/JD":{"chainKey":{"counter":4},"chainType":2,"messageKeys":{}},"BYObPff1MQN8EQnz0cN9+yM5giK2o4dzywmPX7Qknkkl":{"chainKey":{"counter":4,"key":"UOFc0w/0FtPgmkRmlhiHkggzBRcoAR0TryCKMbf1loE="},"chainType":2,"messageKeys":{}},"Bfutnkf9QFoLPxn2tYdv0HdgUPeVGlzVOF8Le639Pe1M":{"chainKey":{"counter":-1,"key":"7zvVCxC5seULV0GiO5ZGoBm3xbukklRkNDHnUnvGiqM="},"chainType":1,"messageKeys":{}}}}},"version":"v1"}