{"_sessions":{"BVvRJZWqe9wqLX/NCU5G6oe0UnoflNDXCPhmhG44VThy":{"registrationId":106,"currentRatchet":{"ephemeralKeyPair":{"pubKey":"Bad8Auzt3M1edynbDfImZXSCaqmkezvssJKkfjiW645d","privKey":"uLEoZoZvq8KdNVZ/54oSjIO7ft5c+6vjkscX64Z18m4="},"lastRemoteEphemeralKey":"BS1HGCYvQDXlRtK//zAqkl0+0dvEzyIF099auKF4tflR","previousCounter":0,"rootKey":"kUcTmkyGbLpesU/QvWOGM2p89p92ibFhp9erZUPEgPs="},"indexInfo":{"baseKey":"BVvRJZWqe9wqLX/NCU5G6oe0UnoflNDXCPhmhG44VThy","baseKeyType":1,"closed":1767636928061,"used":1767636743618,"created":1767636743618,"remoteIdentityKey":"BVxonUIONv45AUI4lZ3M7vuqS9Z3U1LEeBlexR4uViBU"},"_chains":{"Bad8Auzt3M1edynbDfImZXSCaqmkezvssJKkfjiW645d":{"chainKey":{"counter":2,"key":"Dgm4vgf537d4qb5hwvq0eZ7iXEFw5ChMqOTkg7k/R0Y="},"chainType":1,"messageKeys":{}}},"pendingPreKey":{"signedKeyId":1,"baseKey":"BVvRJZWqe9wqLX/NCU5G6oe0UnoflNDXCPhmhG44VThy","preKeyId":64}},"BW8K1nUQndnbhbjX27cnkhJnB8iS0oVrVjSmyYd5g7EP":{"registrationId":106,"currentRatchet":{"ephemeralKeyPair":{"pubKey":"BVMhVvK5fuUZtNV/fjQOwB+HoPdm2Aoqn+0R5cVAUuJ9","privKey":"aJ5/+y0GkqrVKE52gPDnONPL6A6NpjtKgbJYrIV1SWo="},"lastRemoteEphemeralKey":"Bd+9oYmFleBNBK2a9GTgpZLWIPmDgaAPlEA6zoG/pmQd","previousCounter":0,"rootKey":"J/xqKU2aaieLhM0ObiM8hCP/xchh6aZil4x5wAGK16I="},"indexInfo":{"baseKey":"BW8K1nUQndnbhbjX27cnkhJnB8iS0oVrVjSmyYd5g7EP","baseKeyType":2,"closed":-1,"used":1767636928070,"created":1767636928070,"remoteIdentityKey":"BVxonUIONv45AUI4lZ3M7vuqS9Z3U1LEeBlexR4uViBU"},"_chains":{"Bd+9oYmFleBNBK2a9GTgpZLWIPmDgaAPlEA6zoG/pmQd":{"chainKey":{"counter":2,"key":"N4GZ6uyL9IEq9uOLRxtP4opyyOehVo8ggvQH0IAH7Zk="},"chainType":2,"messageKeys":{"0":"UHqzx1Hg+i97KpDyJTiBiLSJcg2kQMNMcctBDtsd9TM=","1":"mp56FID/hLaCQXHSb8+k1ftIrTNNlDHtuXOURx/FsUs="}},"BVMhVvK5fuUZtNV/fjQOwB+HoPdm2Aoqn+0R5cVAUuJ9":{"chainKey":{"counter":25,"key":"4Whj7MF/FfHp+pe/DIcqOkTOyplZe8CfVm/fcaDBLcw="},"chainType":1,"messageKeys":{}}}}},"version":"v1"}