{"_sessions":{"BbUYbqD9CLEusIuVgpWWlpKTflx3VbIPEGNO/z/LrQ5G":{"registrationId":1914420069,"currentRatchet":{"ephemeralKeyPair":{"pubKey":"BQ0B/7t/32Ob1LY4SKCAYYmZbPk7bQqAzUCjTZq+3ycV","privKey":"uJ755e/DBV+sgms5AXTU81eYlS5Yxv5uOTsSOKq1K24="},"lastRemoteEphemeralKey":"BVj8fC2FV826s+T5gWa385B6vKWnVTaF4tiR/bHR9Dwa","previousCounter":0,"rootKey":"o+tEMmwq73s4vehYnR7vRawZRLuDCiqwCnreGS13+gs="},"indexInfo":{"baseKey":"BbUYbqD9CLEusIuVgpWWlpKTflx3VbIPEGNO/z/LrQ5G","baseKeyType":1,"closed":-1,"used":1767533372444,"created":1767533372444,"remoteIdentityKey":"BZrni/Nij9DcP1dIkmajVoeewmL141oIjlxp6u2o1Nx9"},"_chains":{"BQ0B/7t/32Ob1LY4SKCAYYmZbPk7bQqAzUCjTZq+3ycV":{"chainKey":{"counter":1,"key":"fIhkPkocZL1cpqaQisj0921ZKRZWe9h9pF+0I/ORFS0="},"chainType":1,"messageKeys":{}}},"pendingPreKey":{"signedKeyId":4,"baseKey":"BbUYbqD9CLEusIuVgpWWlpKTflx3VbIPEGNO/z/LrQ5G"}}},"version":"v1"}