{"_sessions":{"BZ4tZ5VQU226W0ZaDiNAY4WSZJ3LwN4fkw7vghTxEC5h":{"registrationId":2541,"currentRatchet":{"ephemeralKeyPair":{"pubKey":"BZuHvivbCu4p/m71dSVAKVgxOckFDbR295VVS/EdFv8h","privKey":"WDYM20K7iYZHRxJ5AfJYlvAyrDwDkycnMcxC9V2BHEE="},"lastRemoteEphemeralKey":"BcdVbVOGjzHetLfUBPU68uVFKgBfzmNE2yfwyh2sMr13","previousCounter":0,"rootKey":"lAI/4skzg4mq2EoJ5ueE9cmMV6YQoh2m5ugq0LcVz9A="},"indexInfo":{"baseKey":"BZ4tZ5VQU226W0ZaDiNAY4WSZJ3LwN4fkw7vghTxEC5h","baseKeyType":1,"closed":-1,"used":1767533369098,"created":1767533369098,"remoteIdentityKey":"BZfmwV3fAgY291lz8pAE8yOXYveQrfTzeBoBM+aJIf5T"},"_chains":{"BZuHvivbCu4p/m71dSVAKVgxOckFDbR295VVS/EdFv8h":{"chainKey":{"counter":1,"key":"Bic/0Ty80IRrLF2ZR1t4A/KDvsH6y0DT5fr34nZSS9Y="},"chainType":1,"messageKeys":{}}},"pendingPreKey":{"signedKeyId":1,"baseKey":"BZ4tZ5VQU226W0ZaDiNAY4WSZJ3LwN4fkw7vghTxEC5h"}}},"version":"v1"}