{"_sessions":{"Ba9Zq45ec23PZOo/iO2bXjYkSkF68n3P/hp0FohSiw5B":{"registrationId":607172306,"currentRatchet":{"ephemeralKeyPair":{"pubKey":"BQGABhqsNMUPzKQ7BfeHy69p3/1zcbirX9WObZJ7QpJW","privKey":"0NSbetzxFmTNbJXwLnujjDzo4/v4+uppk/BLAswboWw="},"lastRemoteEphemeralKey":"BamFH9Wzm4MUhxed0DSIYfySeZIUc6/qCYKhOrJBxp9J","previousCounter":1,"rootKey":"kfjfhYXECpGazKGGKZSRdAhxA8055Sxz+b3sNgpGgKA="},"indexInfo":{"baseKey":"Ba9Zq45ec23PZOo/iO2bXjYkSkF68n3P/hp0FohSiw5B","baseKeyType":1,"closed":-1,"used":1767648031592,"created":1767533372472,"remoteIdentityKey":"Ban19+qES7OACb1Fyaq/5ag7Jl2TJ5vcjFTFIs0aahdL"},"_chains":{"BamFH9Wzm4MUhxed0DSIYfySeZIUc6/qCYKhOrJBxp9J":{"chainKey":{"counter":1,"key":"DqxJL7aG4p+NyTvzZQ6LSMMv+ClQbSHYe5JXJCjp2YQ="},"chainType":2,"messageKeys":{}},"BQGABhqsNMUPzKQ7BfeHy69p3/1zcbirX9WObZJ7QpJW":{"chainKey":{"counter":-1,"key":"4Xgm8uW6E/zYBUm6NHJ9FrguwuhqYmIJ5wydZhIozQc="},"chainType":1,"messageKeys":{}}}}},"version":"v1"}