{"_sessions":{"BS37p7d84Rq4UFr1pqXPwTca4V3QzQCLogxm1c5bO3Jq":{"registrationId":160,"currentRatchet":{"ephemeralKeyPair":{"pubKey":"BdZ1BfH4YeODu4za8A7Qe/4IH5VelYVK49RRd8mxDK1E","privKey":"4Hq42aJzpI1W4V3D6uVNC/uOhplZEzY1gztKJeGIFU4="},"lastRemoteEphemeralKey":"BZT+PIwnCH5v6BnHvv94VyUXCjUF6CvDknwDAc4rln4T","previousCounter":0,"rootKey":"cA5O7dcNmekHnSi5SUse1MBBMf+ll9qH845kjoG1/zE="},"indexInfo":{"baseKey":"BS37p7d84Rq4UFr1pqXPwTca4V3QzQCLogxm1c5bO3Jq","baseKeyType":1,"closed":-1,"used":1767533369056,"created":1767533369056,"remoteIdentityKey":"BTcwSdZL258JaMY/yIBz5/o9nqw35r/ohCdL7+bAJ6cN"},"_chains":{"BdZ1BfH4YeODu4za8A7Qe/4IH5VelYVK49RRd8mxDK1E":{"chainKey":{"counter":1,"key":"bVy4Q/mFf8szH7wlsXK8WScO8nEeHBTbgyWYIGX70lw="},"chainType":1,"messageKeys":{}}},"pendingPreKey":{"signedKeyId":1,"baseKey":"BS37p7d84Rq4UFr1pqXPwTca4V3QzQCLogxm1c5bO3Jq"}}},"version":"v1"}