{"_sessions":{"BTT08vL0aao0OwG1W7Yod/KKfOq0uMgcFMsJg2oAezV4":{"registrationId":182809236,"currentRatchet":{"ephemeralKeyPair":{"pubKey":"BXCinSm8kkZUs2e8ai/2Up8zMJrjtCaVCeNiJ6OjxYJA","privKey":"yH2FN1Cvb0ubYFrsDkrrgj7VQSZeUKHgqRyCUfZnemo="},"lastRemoteEphemeralKey":"BYhDKsa9qroTFI3fk7Z9VDyFsZcr6E2S/QTzTAlOcth6","previousCounter":0,"rootKey":"QJKsy4V5OoKwlEhJtG5ymtkhh9mS8Ea74TRD9By4sAw="},"indexInfo":{"baseKey":"BTT08vL0aao0OwG1W7Yod/KKfOq0uMgcFMsJg2oAezV4","baseKeyType":1,"closed":-1,"used":1767533369014,"created":1767533369014,"remoteIdentityKey":"BQCNZC80qrZTz5MbJDxBz9+g90CMEQnXV8eut8mc+Vh6"},"_chains":{"BXCinSm8kkZUs2e8ai/2Up8zMJrjtCaVCeNiJ6OjxYJA":{"chainKey":{"counter":1,"key":"u+s8oDLMnoSkvIhwfMInm4232MUtkGPKKRLQBPkCiUA="},"chainType":1,"messageKeys":{}}},"pendingPreKey":{"signedKeyId":9991690,"baseKey":"BTT08vL0aao0OwG1W7Yod/KKfOq0uMgcFMsJg2oAezV4","preKeyId":14385336}}},"version":"v1"}