{"_sessions":{"BW3SOO0id0kihXWmj8NFVsXgPQMrcPErm1kPp5Dqm8BY":{"registrationId":43911467,"currentRatchet":{"ephemeralKeyPair":{"pubKey":"Bbas4fBjEdiGVNq/aIDH3QfCu+50D3fG1qm1Tcjj0ZkO","privKey":"UGSIF6RzXY/1NkWSsKW5SYgeDUCbGgRPI0Hmn/2nFG8="},"lastRemoteEphemeralKey":"BXq1GTuQ+BKsNDwDnK/R0ZJeQF5GPcw6sWZerE3SXxEZ","previousCounter":0,"rootKey":"v8shFsBngsVq95RC2b9rDxiOrmovQ2z0xv9lHCrobd4="},"indexInfo":{"baseKey":"BW3SOO0id0kihXWmj8NFVsXgPQMrcPErm1kPp5Dqm8BY","baseKeyType":2,"closed":-1,"used":1767530136809,"created":1767530136809,"remoteIdentityKey":"Bb8TUvl6xIo+3EccnaY6tUW6kFSM1TY1O/hGy2VuVRBc"},"_chains":{"BXq1GTuQ+BKsNDwDnK/R0ZJeQF5GPcw6sWZerE3SXxEZ":{"chainKey":{"counter":0,"key":"RkncFxZa2mjdeAcH8IJY0WQ3OTtuKP3Ee9XSprqwM5M="},"chainType":2,"messageKeys":{}},"Bbas4fBjEdiGVNq/aIDH3QfCu+50D3fG1qm1Tcjj0ZkO":{"chainKey":{"counter":-1,"key":"q7HR+hfwGwSB+nXtpve3snbBYW0dZ2DEuxp6YLM96c4="},"chainType":1,"messageKeys":{}}}}},"version":"v1"}