{"_sessions":{"BWgUBbnbtcal8rlUw9YvcOy+hHFNEVpw6Ix/jtfd2lUH":{"registrationId":1229791605,"currentRatchet":{"ephemeralKeyPair":{"pubKey":"BYjFwJRCL2EGliz3xJXvdyq4oqEM9RvxMg4TsJ3tqEFP","privKey":"2HuwTHQxm3Agui8SmQ7hTQZC9HGQ7XCTEY7rOhn82Wc="},"lastRemoteEphemeralKey":"Bb80/QY59BsoEFI9ZvxZGFanZ+uJdhf9RPLBswNkjLsO","previousCounter":0,"rootKey":"5nfRpeIdRZLTWJcAZfpKZcV4T405ArQI5pigl707IlM="},"indexInfo":{"baseKey":"BWgUBbnbtcal8rlUw9YvcOy+hHFNEVpw6Ix/jtfd2lUH","baseKeyType":2,"closed":-1,"used":1767532358296,"created":1767532358296,"remoteIdentityKey":"BafhzOMiFzIBfHrKcAbTvmjnNjDMRmjM6zTdUxguj6YN"},"_chains":{"Bb80/QY59BsoEFI9ZvxZGFanZ+uJdhf9RPLBswNkjLsO":{"chainKey":{"counter":0,"key":"7vyo1d2G2Dz8m63hOGKJIuJEKLswh7vsvU3o1Vy9VXY="},"chainType":2,"messageKeys":{}},"BYjFwJRCL2EGliz3xJXvdyq4oqEM9RvxMg4TsJ3tqEFP":{"chainKey":{"counter":1,"key":"FG5vDWz8rjb0aqSN4p365Bct4QqU93pWflPOZusbf0o="},"chainType":1,"messageKeys":{}}}}},"version":"v1"}