{"_sessions":{"BarhFZ4aUpELviSiWB+auxV/D6Vi8eOVBAFCWVd+6toC":{"registrationId":1486427050,"currentRatchet":{"ephemeralKeyPair":{"pubKey":"Bbxz0lJr5NE0fPsK6YtKZ2k3SPy6TzNWtDKvwQiVPNIv","privKey":"UKspODHVZ+/TXzolYVL8FPZ797koRJs960SSzHJ3IFQ="},"lastRemoteEphemeralKey":"BW7cfWF3xfccrrrQUkQ2PLXY3MHVk5S4g5jfM6TRqk5H","previousCounter":0,"rootKey":"uezkuxU35e0e8FXF1ktKcpypFQE4u5zL/sgylipgvgc="},"indexInfo":{"baseKey":"BarhFZ4aUpELviSiWB+auxV/D6Vi8eOVBAFCWVd+6toC","baseKeyType":1,"closed":-1,"used":1767533372259,"created":1767533372259,"remoteIdentityKey":"BXj3yJBW3NpHNkzrr3ptlunKEdxjlhtDXrksLAnEPBca"},"_chains":{"Bbxz0lJr5NE0fPsK6YtKZ2k3SPy6TzNWtDKvwQiVPNIv":{"chainKey":{"counter":1,"key":"pCk2xAnwlcvV5FBczSTScReGQjmERlru+SZGDsrpFkw="},"chainType":1,"messageKeys":{}}},"pendingPreKey":{"signedKeyId":14967811,"baseKey":"BarhFZ4aUpELviSiWB+auxV/D6Vi8eOVBAFCWVd+6toC","preKeyId":32539}}},"version":"v1"}