{"_sessions":{"Be7MvcVsRchd7O4BRe6IYeT9Py3P5eC0bSsQ7frZ1uND":{"registrationId":197153769,"currentRatchet":{"ephemeralKeyPair":{"pubKey":"BZb3mwhvo5BdaDetKkR5V/0wlomjxfogqPCNpMrcL5Nl","privKey":"IJ1oZbBmukXqsDvVyuzPtapS87r7E94iyYwv5XWPi2A="},"lastRemoteEphemeralKey":"BShqlGqV6/wcO/HgPSblyoHAFQpjBGcME7jtPTTdD6My","previousCounter":0,"rootKey":"OBZNZAGh72yQn2I/LNaHEXWp7zqeFLDOZyGlzyRhWG8="},"indexInfo":{"baseKey":"Be7MvcVsRchd7O4BRe6IYeT9Py3P5eC0bSsQ7frZ1uND","baseKeyType":2,"closed":-1,"used":1767632219850,"created":1767632219850,"remoteIdentityKey":"BZ/avy+UlM4YSG5eWqypXiJ3Sz30h4pO/D2Xglx5+ZUN"},"_chains":{"BShqlGqV6/wcO/HgPSblyoHAFQpjBGcME7jtPTTdD6My":{"chainKey":{"counter":0,"key":"zKcWEOAZsSmajrGsIR3K9N90Xr30RlhfhVsk45qsCIY="},"chainType":2,"messageKeys":{}},"BZb3mwhvo5BdaDetKkR5V/0wlomjxfogqPCNpMrcL5Nl":{"chainKey":{"counter":-1,"key":"Q+hz+M67/ZcppeGX9uYR9FX1Fv4bSqdMs9YpE2BaZmo="},"chainType":1,"messageKeys":{}}}}},"version":"v1"}