{"_sessions":{"BTMV/zY4ZQghhDUb5t8SIhK2/M8X7cMxvymnT/wOZelT":{"registrationId":601703934,"currentRatchet":{"ephemeralKeyPair":{"pubKey":"BdvYEPwBN2jpcZPPRqyH6B2lS09b74lo9+jVrdDaAONO","privKey":"kAsDAw+4+dkgQCxgh1Ema7hdhnpmK0V/3nCRPJykTGo="},"lastRemoteEphemeralKey":"BS07UHrgI5Xu9KPRB/MkyU3MpTg85asC4b5M2aQf3zJb","previousCounter":0,"rootKey":"K0drWlFx6yVMRU1ZZw56BLsNfN1S7fq7IQlX13u/1LA="},"indexInfo":{"baseKey":"BTMV/zY4ZQghhDUb5t8SIhK2/M8X7cMxvymnT/wOZelT","baseKeyType":2,"closed":-1,"used":1767582994436,"created":1767582994436,"remoteIdentityKey":"BXTTCcOr3+vzyRWkVNoAjgJhutazWMgrmN84GCNqOqp3"},"_chains":{"BS07UHrgI5Xu9KPRB/MkyU3MpTg85asC4b5M2aQf3zJb":{"chainKey":{"counter":0,"key":"oGrGN9di/db+DcKzkIywps/cYiGCtb/GO0iislwaI4c="},"chainType":2,"messageKeys":{}},"BdvYEPwBN2jpcZPPRqyH6B2lS09b74lo9+jVrdDaAONO":{"chainKey":{"counter":-1,"key":"+P7cU/O6bHkZeXEdnVw44sHu5EuYSxoXYDz5Pe775I8="},"chainType":1,"messageKeys":{}}}}},"version":"v1"}