{"_sessions":{"BaZ3sGNyHZQlf9mkTyzAFnI6kjFQij6Ta9/fCB5qT8gT":{"registrationId":764173796,"currentRatchet":{"ephemeralKeyPair":{"pubKey":"BQzThrS2VfkQY+ImfrDGlgJjrHzkzkig7A6xSdRRB/5D","privKey":"ENUAloelhjzzlF1cHX14kJtbCiEEh9Vufb1BEEhAbGQ="},"lastRemoteEphemeralKey":"BYPaEDYxSaCo8BaLu1LGlwzKj49ohpiQGt7hPojlMBRT","previousCounter":0,"rootKey":"LMfknjqLgcr9EO2epGacv+VJfanFCCwVZixDYv03RhE="},"indexInfo":{"baseKey":"BaZ3sGNyHZQlf9mkTyzAFnI6kjFQij6Ta9/fCB5qT8gT","baseKeyType":1,"closed":-1,"used":1767533369111,"created":1767533369111,"remoteIdentityKey":"BTv5SPa0cBfjQ2jCWu5/dmgJ/0NwN34Br9kXfSzKFclT"},"_chains":{"BQzThrS2VfkQY+ImfrDGlgJjrHzkzkig7A6xSdRRB/5D":{"chainKey":{"counter":1,"key":"GjYiWg8IKd+4QrZ0Cyy4ToEOX33Q454hmZhejSg8dtg="},"chainType":1,"messageKeys":{}}},"pendingPreKey":{"signedKeyId":11453215,"baseKey":"BaZ3sGNyHZQlf9mkTyzAFnI6kjFQij6Ta9/fCB5qT8gT","preKeyId":15298019}}},"version":"v1"}