{"_sessions":{"BSlqG3wiLYUjRceOQ3VpGviCbZj3ShYONR8lHkENS0MJ":{"registrationId":1574687179,"currentRatchet":{"ephemeralKeyPair":{"pubKey":"BfnKLMR/KqgPEeufUyL6Fsl3OkQg0BIKfbQIRcWdSg4E","privKey":"GJ2Sh5ABZLcT+/aKSBJvzC6Vy6+GUieFdXpCwyt8T2k="},"lastRemoteEphemeralKey":"Bb8qjGH8j0ud0svLmTEcLy5WkLaEkTUAWH3U/n0LZAIm","previousCounter":0,"rootKey":"Eh6Bz6QZ7FH9lw+UUu8U7OfvQjGMouGMjBiW+mTnyOc="},"indexInfo":{"baseKey":"BSlqG3wiLYUjRceOQ3VpGviCbZj3ShYONR8lHkENS0MJ","baseKeyType":2,"closed":-1,"used":1767571281647,"created":1767571281647,"remoteIdentityKey":"BadDtvUDYft+kmVW+YBrJNPaZLn3EAEF/YaJrRv2hPsl"},"_chains":{"Bb8qjGH8j0ud0svLmTEcLy5WkLaEkTUAWH3U/n0LZAIm":{"chainKey":{"counter":0,"key":"aJX0Jn3/eWwpA58o8GMGlPr3ZjFPX/kJWBA5mB1AS5Q="},"chainType":2,"messageKeys":{}},"BfnKLMR/KqgPEeufUyL6Fsl3OkQg0BIKfbQIRcWdSg4E":{"chainKey":{"counter":-1,"key":"4FOE89sM5Y4Ps1OBurAE0ih5Ei8/STymlfo/cNQZaes="},"chainType":1,"messageKeys":{}}}}},"version":"v1"}