{"_sessions":{"Bdkn9NuNp6Dg/F6izvDesDl39VpvHiDvp3cP86Sf5bsU":{"registrationId":1516733407,"currentRatchet":{"ephemeralKeyPair":{"pubKey":"BTKeesjw236xXlZWVjRASlCPEzmIDRfJES++Kw+hG0BL","privKey":"YB0zrFjKCB/GMqku2zOg+488aVzNJGbthYfgWHaRz0A="},"lastRemoteEphemeralKey":"BTDgMj9MbUBi0QV4qG9xpTVdWEW4iItKn5FHNtSEMd4p","previousCounter":0,"rootKey":"EV0Cf8boc8dj1+yWkKLeJf8QpR0PLuBnLb1mfAnlbEU="},"indexInfo":{"baseKey":"Bdkn9NuNp6Dg/F6izvDesDl39VpvHiDvp3cP86Sf5bsU","baseKeyType":1,"closed":-1,"used":1767533369130,"created":1767533369130,"remoteIdentityKey":"BfammkVIhga300b+x+si0gpBvSccakWwkbEPfD/5CPki"},"_chains":{"BTKeesjw236xXlZWVjRASlCPEzmIDRfJES++Kw+hG0BL":{"chainKey":{"counter":1,"key":"oh2HUmXWB8IV8EspfwVe3CgBouRr2XVNUIMkrdUkY64="},"chainType":1,"messageKeys":{}}},"pendingPreKey":{"signedKeyId":9115792,"baseKey":"Bdkn9NuNp6Dg/F6izvDesDl39VpvHiDvp3cP86Sf5bsU","preKeyId":31717}}},"version":"v1"}