{"_sessions":{"BSqUnxFfQy0L+iUCfj6fOPMUEZVR1mlQl8zaNyovGahV":{"registrationId":1726975273,"currentRatchet":{"ephemeralKeyPair":{"pubKey":"BQeSHQ8WnxtvuVx+xN22+jCC6hDCNwgSahbexQ9mRYJ9","privKey":"qK7+kCLTgDBNWdWQOn34+5giKs3lkPZkPrtH2HBvTl8="},"lastRemoteEphemeralKey":"BX3Rtu34DF7h8UMqC85NXic6N+wr8/H4D9k03wvRFuVG","previousCounter":0,"rootKey":"Nay3chy5cvEio2o0XTdzJEh7iebzn0NAr3p3OeJdmAk="},"indexInfo":{"baseKey":"BSqUnxFfQy0L+iUCfj6fOPMUEZVR1mlQl8zaNyovGahV","baseKeyType":1,"closed":-1,"used":1767683638195,"created":1767533369208,"remoteIdentityKey":"BSp6tOa/T+UC7benuZ7hsCJjQDjql0o8NF89X5695fRE"},"_chains":{"BdykCt7BLOibnynIqWeKEjQMwOKT/IwhHQ7XpdicBnpf":{"chainKey":{"counter":0},"chainType":2,"messageKeys":{}},"BX3Rtu34DF7h8UMqC85NXic6N+wr8/H4D9k03wvRFuVG":{"chainKey":{"counter":4,"key":"yz9L/IVAqMfE4nqnBzZLm/pKjp8pCUy1l6b/kDS9Yic="},"chainType":2,"messageKeys":{}},"BQeSHQ8WnxtvuVx+xN22+jCC6hDCNwgSahbexQ9mRYJ9":{"chainKey":{"counter":-1,"key":"LHpW+1lyanTM7vAi6DkuiSUoo6QRaj7av4ROtb71CnM="},"chainType":1,"messageKeys":{}}}}},"version":"v1"}