{"_sessions":{"BUN28k711Y8lmdaJfpnBf40s9WuzCvunMWYGSkn4GeNx":{"registrationId":1041913614,"currentRatchet":{"ephemeralKeyPair":{"pubKey":"Be2rIUaRNgcCFTTstOzZb9uf3x2De3hfl7luw687LC12","privKey":"GGHOXT5W4HRWY49a73eJrMq+bmIHdP8qPTCuIzmJV34="},"lastRemoteEphemeralKey":"BUDyeOcqa/tChB5cl6CcCH0VTVPewYqvdOlKXaRpENwt","previousCounter":0,"rootKey":"3YSAVEqnuav/VtPE+fkFGwe2o0LbAZrqt7Pz0izlOEE="},"indexInfo":{"baseKey":"BUN28k711Y8lmdaJfpnBf40s9WuzCvunMWYGSkn4GeNx","baseKeyType":1,"closed":-1,"used":1767533372342,"created":1767533372342,"remoteIdentityKey":"BTLl36CTLPjv8KHaVg4bsmDamQzL0Ofk2ybFqV7xAoRx"},"_chains":{"Be2rIUaRNgcCFTTstOzZb9uf3x2De3hfl7luw687LC12":{"chainKey":{"counter":1,"key":"nwCCWjwKfpiX0M87IMspqp+Zsfn7qa95GWCOumXTErU="},"chainType":1,"messageKeys":{}}},"pendingPreKey":{"signedKeyId":0,"baseKey":"BUN28k711Y8lmdaJfpnBf40s9WuzCvunMWYGSkn4GeNx"}}},"version":"v1"}