{"_sessions":{"BT7TND1iDyRUiXLL1WoO5agZ7TfDrTDduOadKvp0rDpK":{"registrationId":1161371335,"currentRatchet":{"ephemeralKeyPair":{"pubKey":"BSLnNO/zHJ+1YeclTXe4uwmkoRLawf11ZEviEjaWoRUK","privKey":"6LajI0gJUxjnnZkXiN0+uEHXCDwF5Ed1kdnN2CPDx3o="},"lastRemoteEphemeralKey":"BVLUa47jrvV5uullAj/SBZhV+OgrJjfiaet8u0cAmlJQ","previousCounter":1,"rootKey":"4NvSrHG3hj4avtP3VMsTAgCiTSiD/xoLjtXxWjn3ccQ="},"indexInfo":{"baseKey":"BT7TND1iDyRUiXLL1WoO5agZ7TfDrTDduOadKvp0rDpK","baseKeyType":1,"closed":-1,"used":1767644945411,"created":1767533372230,"remoteIdentityKey":"BX6VzTVPxMcPVfv1E6fsMxQey3FfvY3A1gvQxnI48T1X"},"_chains":{"BVLUa47jrvV5uullAj/SBZhV+OgrJjfiaet8u0cAmlJQ":{"chainKey":{"counter":0,"key":"bNv+ha0jaK/uH0LF6MV3OBRng8q6mv3Y1H7PRa+vJo0="},"chainType":2,"messageKeys":{}},"BSLnNO/zHJ+1YeclTXe4uwmkoRLawf11ZEviEjaWoRUK":{"chainKey":{"counter":-1,"key":"zgHWvxOtrgz6elJpKBoLoPY6jLP9ABQoBYBp7jmQNVQ="},"chainType":1,"messageKeys":{}}}}},"version":"v1"}