{"_sessions":{"BQslMyu/b8JqbFQbkrXOG32vTjJRhpQjX9C2bxkkJ7Bp":{"registrationId":2073219610,"currentRatchet":{"ephemeralKeyPair":{"pubKey":"BYNbqbmrRp0YzyrT8xs4m1YQhoXlBXjD8bPscc3B08MH","privKey":"cFdF3kY28qY/GL3eIbj3oPGPMZiSWMHhTmAfKg/koXY="},"lastRemoteEphemeralKey":"BYxe+HUAt/UBUU/aY0CRXRbBh62npsvyj8YQooBRHhAa","previousCounter":1,"rootKey":"vRmocFUFpqal/KSxtHU5Opa4aEpt22QglunBh4gbGQM="},"indexInfo":{"baseKey":"BQslMyu/b8JqbFQbkrXOG32vTjJRhpQjX9C2bxkkJ7Bp","baseKeyType":1,"closed":-1,"used":1767662015021,"created":1767533369403,"remoteIdentityKey":"BedVWJaUTVEKqwBzVVHnyVxGk5P5Am5glWGkUQepqzIs"},"_chains":{"BYxe+HUAt/UBUU/aY0CRXRbBh62npsvyj8YQooBRHhAa":{"chainKey":{"counter":0,"key":"ZzTGStinqOijPjy0V+eoNKnhdvsVYTOEN0dxM5Lq04s="},"chainType":2,"messageKeys":{}},"BYNbqbmrRp0YzyrT8xs4m1YQhoXlBXjD8bPscc3B08MH":{"chainKey":{"counter":-1,"key":"1dCQ8vMUAfP+AXbVWXduBUcdcWmws4XdXJeLTqgGruQ="},"chainType":1,"messageKeys":{}}}}},"version":"v1"}