{"_sessions":{"Bep44N/c4wnE/0HC7hxu6xlPxLtlempPsGxYVwTzr0QC":{"registrationId":1633631147,"currentRatchet":{"ephemeralKeyPair":{"pubKey":"Bc6fA012jjE1hOWCw8FhIc2dKPW0JEAhHQt63WcWchdO","privKey":"8IL6gRXoczOygMqqk+vpIsHouzHkrS/VoSec3jcoK2c="},"lastRemoteEphemeralKey":"BTxwM3Ptc8OR7Vq7jjKUMlTLGODofHHHofnHpgcLsKcq","previousCounter":0,"rootKey":"mIG7ctFvQm0MjyxUYiW20McrVRbw0yO61y2Fd914DIo="},"indexInfo":{"baseKey":"Bep44N/c4wnE/0HC7hxu6xlPxLtlempPsGxYVwTzr0QC","baseKeyType":1,"closed":-1,"used":1767533372190,"created":1767533372190,"remoteIdentityKey":"Bfpu+IJ0qDpZppuEADxQ0C7j5yskfCQdRmDMIJHOOWg4"},"_chains":{"Bc6fA012jjE1hOWCw8FhIc2dKPW0JEAhHQt63WcWchdO":{"chainKey":{"counter":1,"key":"vVdkBdQZQx0TFswwxlmbPIHmn5GCp3H2t+bc2WJimTc="},"chainType":1,"messageKeys":{}}},"pendingPreKey":{"signedKeyId":10411815,"baseKey":"Bep44N/c4wnE/0HC7hxu6xlPxLtlempPsGxYVwTzr0QC","preKeyId":8355360}}},"version":"v1"}