{"_sessions":{"BQ82YbCkPtFQTBskBr4NqwcVmTAOR5C05qUJRknVcmxv":{"registrationId":950167453,"currentRatchet":{"ephemeralKeyPair":{"pubKey":"BS8PSLkV9Ca0yBJ5NwreAJmp7QKFXX+DryZArZM1dYsW","privKey":"CELRIG2PEsPOVecsz6zOaA3ufgJd1Poic9HT7qn/qEg="},"lastRemoteEphemeralKey":"BSmZP75xltfJy6YTtkiGl1xFxE4YJSCrNCXInCJLB1V7","previousCounter":0,"rootKey":"FAhx0aBu9rlAOn+u758uBnryHzv4LQ+L+yow6S1Goxo="},"indexInfo":{"baseKey":"BQ82YbCkPtFQTBskBr4NqwcVmTAOR5C05qUJRknVcmxv","baseKeyType":1,"closed":-1,"used":1767533372388,"created":1767533372388,"remoteIdentityKey":"BU62G3YGel6n9d5rHkLSw7dK4DjjvfWi7vvnAAxX/dJf"},"_chains":{"BS8PSLkV9Ca0yBJ5NwreAJmp7QKFXX+DryZArZM1dYsW":{"chainKey":{"counter":1,"key":"6GUCaOgiiTrS9wVZjegf0AfHcFMrDnnraOq5iHlWJPc="},"chainType":1,"messageKeys":{}}},"pendingPreKey":{"signedKeyId":6093894,"baseKey":"BQ82YbCkPtFQTBskBr4NqwcVmTAOR5C05qUJRknVcmxv","preKeyId":103479}}},"version":"v1"}