{"_sessions":{"BerRoBDF+5b7K4enFimNhG4KdPanguDhUacTobA8Bfgy":{"registrationId":156436428,"currentRatchet":{"ephemeralKeyPair":{"pubKey":"BQgEG7tKZjIf1Vy4PuSMgLqPSIVIgSADDf5tbeZXd7ND","privKey":"oL02tqYi040cYATMk9I1+/cIsC0IOrjB4NPRCV2iPWo="},"lastRemoteEphemeralKey":"BYCaoVSr7MgsCMLt7jEtjA0tsd3gjt5cgjE6seDdErY0","previousCounter":0,"rootKey":"IVoKgJ9eOXVZVfsrvLdhdLeMOP4G8LVsA1VW8gsaSzM="},"indexInfo":{"baseKey":"BerRoBDF+5b7K4enFimNhG4KdPanguDhUacTobA8Bfgy","baseKeyType":1,"closed":-1,"used":1767533369350,"created":1767533369350,"remoteIdentityKey":"Bepp+XvqoaQrlYzxZm3KBi7m6Kskwuh6nwLEcl1rFgk6"},"_chains":{"BQgEG7tKZjIf1Vy4PuSMgLqPSIVIgSADDf5tbeZXd7ND":{"chainKey":{"counter":1,"key":"hVwgxadjElLajZ7qXIksPnVauc445g+EUzBy9FCJnAQ="},"chainType":1,"messageKeys":{}}},"pendingPreKey":{"signedKeyId":5646008,"baseKey":"BerRoBDF+5b7K4enFimNhG4KdPanguDhUacTobA8Bfgy","preKeyId":14735057}}},"version":"v1"}