{"_sessions":{"BUKW4KJWJ1iG0BE6UTcNfdHIgp4Da5AK+jQadantAbl9":{"registrationId":1905213962,"currentRatchet":{"ephemeralKeyPair":{"pubKey":"BbYg/3j7917JU3wqsrQX3wWnlZPKfHcOx/KDq/ua6AV8","privKey":"mHFfUujSoxP+ges87MJ+olJNXlmLz9Kpp+f4nGkbvmM="},"lastRemoteEphemeralKey":"BRGyhUG0lJvQV9qTz2Zjn7QiF2POBGvwf1V+NMElDwcP","previousCounter":0,"rootKey":"nRbBxaDSaISJ4G/snmffmjAnvn4FYs1R3YJcHKiJNGQ="},"indexInfo":{"baseKey":"BUKW4KJWJ1iG0BE6UTcNfdHIgp4Da5AK+jQadantAbl9","baseKeyType":1,"closed":-1,"used":1767533372418,"created":1767533372418,"remoteIdentityKey":"BYaOuSftYgsH23p+/+wmMRUOiWvppP2YYNIhqNBD3whZ"},"_chains":{"BbYg/3j7917JU3wqsrQX3wWnlZPKfHcOx/KDq/ua6AV8":{"chainKey":{"counter":1,"key":"VfvYus2tIShBb4RDtD8r7ZF9YeAds9QxYZAKc7K0OKc="},"chainType":1,"messageKeys":{}}},"pendingPreKey":{"signedKeyId":10316996,"baseKey":"BUKW4KJWJ1iG0BE6UTcNfdHIgp4Da5AK+jQadantAbl9","preKeyId":4868998}}},"version":"v1"}