{"_sessions":{"BZ8He3FEE0gxqEfuFIwqJUf3dv26Y+zQ35DJeWJnxs40":{"registrationId":466117057,"currentRatchet":{"ephemeralKeyPair":{"pubKey":"BS8WiS8gAtM0zxeqXpj6dZxOS+ViByenKW8Ug8sW9K9o","privKey":"sKQ9L5Do4dM8UYOUjjG8pLpJ/ezUzFq6thpTfnAu/28="},"lastRemoteEphemeralKey":"BTY1PoGAV6+n2E+eOTaYcxAojYY2NgNvNjU+txBRV6pj","previousCounter":1,"rootKey":"FV9+FwWBaoR7rjS+KLVaxLsWzLSPzdLTuXrFkIR56aw="},"indexInfo":{"baseKey":"BZ8He3FEE0gxqEfuFIwqJUf3dv26Y+zQ35DJeWJnxs40","baseKeyType":1,"closed":-1,"used":1767654327824,"created":1767533372347,"remoteIdentityKey":"BeDjkKXGZTEEhGmsMhqmVHBfFL6Ow7JSkGmOcGTNxtcx"},"_chains":{"BTY1PoGAV6+n2E+eOTaYcxAojYY2NgNvNjU+txBRV6pj":{"chainKey":{"counter":4,"key":"PMk2/HoYlvvqAOvmuhdbqVqLKwRnHHpZic673L2CCxA="},"chainType":2,"messageKeys":{}},"BS8WiS8gAtM0zxeqXpj6dZxOS+ViByenKW8Ug8sW9K9o":{"chainKey":{"counter":-1,"key":"Ycl9P+uRlUKg4yrpp16phmUg6xMIWZtVfO97IniEewk="},"chainType":1,"messageKeys":{}}}}},"version":"v1"}