{"_sessions":{"BaU0kFB4TL2FTRm7sf/r0aeJsfbmv22OnSDfWqGUo+1s":{"registrationId":1412655404,"currentRatchet":{"ephemeralKeyPair":{"pubKey":"BRtrd5wbrEq5Mh65CWR+U+PZcBaNaJMUlaklU972Bep5","privKey":"qDhyhrqVsdIlJqVEYG5TmXOyLI3VJ8XlcigUuC0T3FM="},"lastRemoteEphemeralKey":"BfGpDRROmJyiYb4N9FPWj5WlFBXX5ADNmZKux+pALfsw","previousCounter":0,"rootKey":"O6CwqXRMM6ppruws1xZ3Hzqv2dOiXl3dxCQzEDhEa2g="},"indexInfo":{"baseKey":"BaU0kFB4TL2FTRm7sf/r0aeJsfbmv22OnSDfWqGUo+1s","baseKeyType":1,"closed":-1,"used":1767533369145,"created":1767533369145,"remoteIdentityKey":"BSGE2uubZTPtZHTK3HTOvZPX4che/+RxBl+EeP+z8HMb"},"_chains":{"BRtrd5wbrEq5Mh65CWR+U+PZcBaNaJMUlaklU972Bep5":{"chainKey":{"counter":1,"key":"M7VPff1BVs1YmAeZLCUEmtXTSwr8AWoroIZtfIQckVc="},"chainType":1,"messageKeys":{}}},"pendingPreKey":{"signedKeyId":11146449,"baseKey":"BaU0kFB4TL2FTRm7sf/r0aeJsfbmv22OnSDfWqGUo+1s","preKeyId":100107}}},"version":"v1"}