{"_sessions":{"BaLN7Y7ov61OX/UykJH56S0+WbBbfhO3QDovKFql578p":{"registrationId":878869169,"currentRatchet":{"ephemeralKeyPair":{"pubKey":"BeNiV43cn+niSUnvCLARxf59YBzXMMyk8FHQQ9zj2PpK","privKey":"AE1rQ3k7VQwAbeEO8ygII9U4TdcS96jkVIJKIUbx92Y="},"lastRemoteEphemeralKey":"BSmyfaQN3Vrc2DAEwiR+lJA8BSAB70wlcq09Ls0mzul5","previousCounter":0,"rootKey":"5wuymP6kA2LCdxJHIM58khNmOYvFPJZxN9R8DHfXeqc="},"indexInfo":{"baseKey":"BaLN7Y7ov61OX/UykJH56S0+WbBbfhO3QDovKFql578p","baseKeyType":1,"closed":-1,"used":1767533372169,"created":1767533372169,"remoteIdentityKey":"BZV+8WmHzdH3dABSHa1d5ijVclo/tQ3xWuLyGghT2F1b"},"_chains":{"BeNiV43cn+niSUnvCLARxf59YBzXMMyk8FHQQ9zj2PpK":{"chainKey":{"counter":1,"key":"FT5GVIaz7yFqofR5cHXK9wtgCqvLnatEtrzMoLnAAWU="},"chainType":1,"messageKeys":{}}},"pendingPreKey":{"signedKeyId":6107399,"baseKey":"BaLN7Y7ov61OX/UykJH56S0+WbBbfhO3QDovKFql578p"}}},"version":"v1"}