{"_sessions":{"BX6ytE3jHeuvb93AU2DCySYuzBrbbFryVb4WUouPis8y":{"registrationId":13916,"currentRatchet":{"ephemeralKeyPair":{"pubKey":"BasmUOj7xuqsqrVSTUIcFAp+bg11PAsaW1IgkQTvLQUb","privKey":"uI7ev5IIeJ9fsQH8KkYNTG66DKKATjKvCqJ4YOXUTF4="},"lastRemoteEphemeralKey":"BaPP5jXFAPcz9QIkyCvxrFYs9CjKcXniLKZchJPWDxF5","previousCounter":0,"rootKey":"XUYBjMRh9+ZnOMsM644aeWLq7zbAC/TWZe9sFqqyiGM="},"indexInfo":{"baseKey":"BX6ytE3jHeuvb93AU2DCySYuzBrbbFryVb4WUouPis8y","baseKeyType":1,"closed":-1,"used":1767533369102,"created":1767533369102,"remoteIdentityKey":"BRLJlvyLa8G2ZJboU0g4Qj7fNw1sriAKKEr8ULO7PyES"},"_chains":{"BasmUOj7xuqsqrVSTUIcFAp+bg11PAsaW1IgkQTvLQUb":{"chainKey":{"counter":1,"key":"ld+oZqITHHqj+vExEUHgFsb64kqUBU2v5mVKxEWRMQw="},"chainType":1,"messageKeys":{}}},"pendingPreKey":{"signedKeyId":1,"baseKey":"BX6ytE3jHeuvb93AU2DCySYuzBrbbFryVb4WUouPis8y"}}},"version":"v1"}