{"_sessions":{"BYcbz2+ZIbBFCze0TuSn6Hf/1+HuddWctw/5AYemQgxV":{"registrationId":594456737,"currentRatchet":{"ephemeralKeyPair":{"pubKey":"BXEOSZdJg/+pYdaDVxOdd0bnMadEupvV2IcqWSjC4qc+","privKey":"iPVIGkQZmyWGb2kQ9TvCqN0eApwASheZTn8lrJZvkFk="},"lastRemoteEphemeralKey":"BXJlVoISbUX3epu2uwxh1XVn7xkfB/1FFIs8rnIW6Xct","previousCounter":0,"rootKey":"TwxlXW4HMYVVwbjYURhTQRty88Sq+/PC3AP/423gPPQ="},"indexInfo":{"baseKey":"BYcbz2+ZIbBFCze0TuSn6Hf/1+HuddWctw/5AYemQgxV","baseKeyType":1,"closed":-1,"used":1767582385350,"created":1767582385350,"remoteIdentityKey":"BTB7OFUmAJ/wNAbw11wENI8lqr5n4aMUxqpoKXERe6Vh"},"_chains":{"BXEOSZdJg/+pYdaDVxOdd0bnMadEupvV2IcqWSjC4qc+":{"chainKey":{"counter":31,"key":"UkfDAXtr5yySZhdqRW93UwfWGOWCct3HMFINLcXxCdw="},"chainType":1,"messageKeys":{}}},"pendingPreKey":{"signedKeyId":10781571,"baseKey":"BYcbz2+ZIbBFCze0TuSn6Hf/1+HuddWctw/5AYemQgxV","preKeyId":13997146}}},"version":"v1"}