{"_sessions":{"BcVwFXnzvQGQPgbC/FyfLI9INHKkEDkgNZcsCGOpsXcG":{"registrationId":1550144459,"currentRatchet":{"ephemeralKeyPair":{"pubKey":"BUhy/zEg+854QdUgzd8rNWsySagBFWGml4qmpJwlYiA4","privKey":"QNIOqEvAZyCOTp2IO/KdT2cJjNjZa2uK8/JTm0eL8Ug="},"lastRemoteEphemeralKey":"BX5ZLpOCvidOPoTgcJTPSSWp16crkuXj4OVLn80/tUZt","previousCounter":0,"rootKey":"wETjlKzPuWFpwmSZlI5vaAtR24n3WjYHTMZ4120I9Kg="},"indexInfo":{"baseKey":"BcVwFXnzvQGQPgbC/FyfLI9INHKkEDkgNZcsCGOpsXcG","baseKeyType":1,"closed":-1,"used":1767533368969,"created":1767533368969,"remoteIdentityKey":"BW8SbvNC32+GbKt7sDh0kG7IUsPcOO4lYzBrqAPYH0Jz"},"_chains":{"BUhy/zEg+854QdUgzd8rNWsySagBFWGml4qmpJwlYiA4":{"chainKey":{"counter":1,"key":"CCshrEcKThaQpKZUZLg7WG72fOOltKu+uLS5rQ7cl1U="},"chainType":1,"messageKeys":{}}},"pendingPreKey":{"signedKeyId":6049709,"baseKey":"BcVwFXnzvQGQPgbC/FyfLI9INHKkEDkgNZcsCGOpsXcG","preKeyId":3931247}}},"version":"v1"}