{"_sessions":{"BUIwozblJDR6hp0gtGqvKlklYbROn2hTQDYR+uPG8PQY":{"registrationId":90797819,"currentRatchet":{"ephemeralKeyPair":{"pubKey":"Bbx0x1Z5aaIO+f2PyqewqRlxFNbOpWFBbEaDe4fLwwcT","privKey":"uGGYczecb6dEDKcnnGXFplfJNUHoTRXJZCUkOzkvf10="},"lastRemoteEphemeralKey":"BXc7T04cV5HTocbGljGYnlnG1AOk7S5p58OtNAbyKa0J","previousCounter":0,"rootKey":"Te9WsqhLaAgJbfi3B3jCjalGUzfmpUleChD/1uiMyew="},"indexInfo":{"baseKey":"BUIwozblJDR6hp0gtGqvKlklYbROn2hTQDYR+uPG8PQY","baseKeyType":1,"closed":-1,"used":1767558440835,"created":1767558440835,"remoteIdentityKey":"BVQFi2gB0CZUY/zFvMjvs80aiuAG29VavTgMp588i9dO"},"_chains":{"Bbx0x1Z5aaIO+f2PyqewqRlxFNbOpWFBbEaDe4fLwwcT":{"chainKey":{"counter":0,"key":"9caTEZDftKl0AqnGR5MAIhiYclobmkHDKTrV8HyYQKQ="},"chainType":1,"messageKeys":{}}},"pendingPreKey":{"signedKeyId":6292331,"baseKey":"BUIwozblJDR6hp0gtGqvKlklYbROn2hTQDYR+uPG8PQY","preKeyId":9720455}}},"version":"v1"}