{"_sessions":{"BXdi7Y0w4vfGs6GObz9EuWcTUq6At1E+iOJ2LsgcYCVB":{"registrationId":26034048,"currentRatchet":{"ephemeralKeyPair":{"pubKey":"BVKgik02UlAbM1qOta5KYYVssC/RPbpauiE/h6nTfHov","privKey":"aNoy9E8m2+baH8p5qA0h0/Jffnmev0+FwJzbSU6ft1E="},"lastRemoteEphemeralKey":"BVw80osac8SQzaeXJcpTUu2ji48At67eQw59jxadf+Az","previousCounter":0,"rootKey":"S7BvEIq8yh6XZKMBqPCMRhVE275sETNe7JtCk/wVrAI="},"indexInfo":{"baseKey":"BXdi7Y0w4vfGs6GObz9EuWcTUq6At1E+iOJ2LsgcYCVB","baseKeyType":1,"closed":-1,"used":1767565274235,"created":1767533372199,"remoteIdentityKey":"BczFkBKfqE+uYc1p19TUuOJiHqmuZvyXU7q9hqs8myke"},"_chains":{"BVw80osac8SQzaeXJcpTUu2ji48At67eQw59jxadf+Az":{"chainKey":{"counter":4,"key":"C2sU17uyU6qjdzbTPtDZRzXJonTbA82liwAQ44bGD7I="},"chainType":2,"messageKeys":{}},"BVKgik02UlAbM1qOta5KYYVssC/RPbpauiE/h6nTfHov":{"chainKey":{"counter":0,"key":"MN6AepDPaFD23Si3Y4h+a0e0ZeHMe0LVo+dx2pYOq94="},"chainType":1,"messageKeys":{}}}}},"version":"v1"}