{"_sessions":{"BcCEzY/7w9iDNrKRQsF+tw7WWlquJ+Yg6WFjNcAmtMot":{"registrationId":1974864377,"currentRatchet":{"ephemeralKeyPair":{"pubKey":"BZ7S0S0CBQW6hAUGCULaO7mpEpf28QkDHG/G4V3c6yVx","privKey":"iFAF3MA1zhe2PVaSF22R5h6nBKREP3aJjxTyd9pXEEQ="},"lastRemoteEphemeralKey":"BQKo5ANUGPNsHXnk8h/qoD/7ad3e4kHc+Wl4fVdOxxgB","previousCounter":0,"rootKey":"nvV9gbFNWD4hEhY0Of/gbBvvdowDT9k9D2SMNJIsAPI="},"indexInfo":{"baseKey":"BcCEzY/7w9iDNrKRQsF+tw7WWlquJ+Yg6WFjNcAmtMot","baseKeyType":1,"closed":-1,"used":1767702019474,"created":1767533372318,"remoteIdentityKey":"Bf7C5JusnHRXcorX2QIREuFENfJfSmH6rnFsLTQNgW4/"},"_chains":{"Bdx0ERebcGyaHQI6trZurl+nmcCzb5hw5tDG/WptHMs/":{"chainKey":{"counter":4},"chainType":2,"messageKeys":{}},"BQKo5ANUGPNsHXnk8h/qoD/7ad3e4kHc+Wl4fVdOxxgB":{"chainKey":{"counter":10,"key":"WD4Wmsn2GkEmmvPYYiRD3N5OoJqxJwgg2+P3mw7OO+g="},"chainType":2,"messageKeys":{}},"BZ7S0S0CBQW6hAUGCULaO7mpEpf28QkDHG/G4V3c6yVx":{"chainKey":{"counter":-1,"key":"HzP4rEVedHm3SPtbM1poovApatU8hLQ7/dmjhiYEGqE="},"chainType":1,"messageKeys":{}}}}},"version":"v1"}