{"_sessions":{"BaJ8R3b8NiJvhpYk6Ky/jxfCyx2cY1BVrHZbpFtZpbJ6":{"registrationId":754029066,"currentRatchet":{"ephemeralKeyPair":{"pubKey":"BVRaWK9Q8Z+6/mIQcagLdDuV6cABtTshyP4tBTSKN8Il","privKey":"wJ4l2ostLcZr6jGaLxD14jXYNCoxnz108ogF+1ZypUA="},"lastRemoteEphemeralKey":"BRmc0eUltg0xB9KOu+cZpWuo6mZ+rmZ4Vv1DHzCfHaId","previousCounter":0,"rootKey":"2mNfWwqDX+ppOeV0xnlzmf4WSf5TjHfye1L6DPIDOTo="},"indexInfo":{"baseKey":"BaJ8R3b8NiJvhpYk6Ky/jxfCyx2cY1BVrHZbpFtZpbJ6","baseKeyType":1,"closed":-1,"used":1767533372264,"created":1767533372264,"remoteIdentityKey":"BRsYsUAv0yT6i7kFxO0qqzDqYh/g6HVJkSkd0QEIhhIT"},"_chains":{"BVRaWK9Q8Z+6/mIQcagLdDuV6cABtTshyP4tBTSKN8Il":{"chainKey":{"counter":1,"key":"IP+DbV1yrZN613FAs18PfALKeYzE7tNykpERFJaWyHk="},"chainType":1,"messageKeys":{}}},"pendingPreKey":{"signedKeyId":1982900,"baseKey":"BaJ8R3b8NiJvhpYk6Ky/jxfCyx2cY1BVrHZbpFtZpbJ6","preKeyId":7864291}}},"version":"v1"}