{"_sessions":{"BTcxpELSIgqzAGSNRkiH5AtdUTfAL+2BlFlof7tllCYk":{"registrationId":475740119,"currentRatchet":{"ephemeralKeyPair":{"pubKey":"BdHnMPGclgsy41X3GGAoXe+QWsHf0W8qNg28nWePXe9B","privKey":"QKMaBuKuFKUcI0FA/aBRfPViHwa3VR/ffMZ417g95mw="},"lastRemoteEphemeralKey":"BQiylhW0dU/9a0gwMgMcvr5GcS20pueVKbiRI+w/RGFF","previousCounter":0,"rootKey":"Lepu73pmJfzEyO8oLcl95BkIy4azXq4WDlFqYkme/tI="},"indexInfo":{"baseKey":"BTcxpELSIgqzAGSNRkiH5AtdUTfAL+2BlFlof7tllCYk","baseKeyType":1,"closed":-1,"used":1767627080228,"created":1767533372300,"remoteIdentityKey":"BQjxAjoETCSuIioEYyIBeZud6ZIvK+Upm4fXF0FSR/Vz"},"_chains":{"BUQDORgdLAiOtj7VmT/n7GxbkBZczSNygqHVU4d0GSZO":{"chainKey":{"counter":2},"chainType":2,"messageKeys":{}},"BQiylhW0dU/9a0gwMgMcvr5GcS20pueVKbiRI+w/RGFF":{"chainKey":{"counter":1,"key":"fNeTZ+bOn74CmoVwPwPO9hA72+xaW4ZNCxpKyeiW5aM="},"chainType":2,"messageKeys":{}},"BdHnMPGclgsy41X3GGAoXe+QWsHf0W8qNg28nWePXe9B":{"chainKey":{"counter":-1,"key":"6fhzXNUbx4ghHB8bx/jXqRe/LndyD8CHL+ylo+kzON8="},"chainType":1,"messageKeys":{}}}}},"version":"v1"}