{"_sessions":{"BePHsXM9Z5o0PdGxK7yWDvJMZwAqn0Kx+9bbmVN3PLoR":{"registrationId":1348986414,"currentRatchet":{"ephemeralKeyPair":{"pubKey":"Ba1uxO1n0lXjPXu925fj2w6lxk24jGRMpak8tjOgBI1t","privKey":"kMHzkgv4I7Obrw9AGX85AVUSg5ixYuD03ZEeFW9SCFU="},"lastRemoteEphemeralKey":"BXjEdjGqAtSZBn4lfewOmc2+s0H6VVttYztG3Q3MmFUI","previousCounter":0,"rootKey":"nSaKSn6w+YGAGsEWe6rYX547XbL2DMoSoHCz3+EDh+A="},"indexInfo":{"baseKey":"BePHsXM9Z5o0PdGxK7yWDvJMZwAqn0Kx+9bbmVN3PLoR","baseKeyType":1,"closed":-1,"used":1767533372133,"created":1767533372133,"remoteIdentityKey":"BUnHIL7ACWclBDA8gxA6Hb/I2arCgNcKJTlSJ09uQX1o"},"_chains":{"Ba1uxO1n0lXjPXu925fj2w6lxk24jGRMpak8tjOgBI1t":{"chainKey":{"counter":1,"key":"28qiXjGu0+UXV/37FvJhYlk6NKKmTjW7EP+NUc6LhrI="},"chainType":1,"messageKeys":{}}},"pendingPreKey":{"signedKeyId":2832801,"baseKey":"BePHsXM9Z5o0PdGxK7yWDvJMZwAqn0Kx+9bbmVN3PLoR","preKeyId":1010229}}},"version":"v1"}