{"_sessions":{"BQ8VjmNVHC0MOz4feeJrg3HrzlUPUbdZopXtvMdbnhM3":{"registrationId":144,"currentRatchet":{"ephemeralKeyPair":{"pubKey":"BQML91os5q/GHiqzppu4K5tgXBVATxk4P63ZwnQhwUgN","privKey":"uDR2zpQbeq34FYw0mK11P5R1GZYaNXj7ME4eaZtPiWY="},"lastRemoteEphemeralKey":"BTdKDA4kBGLgMLss6IZ3hqdwKmjCFxqWDJw2w8ozv1Bm","previousCounter":0,"rootKey":"jf5xmGdqpO6aCELSdd/oiMBZ3OM3PFvTgKoN6NIb2PI="},"indexInfo":{"baseKey":"BQ8VjmNVHC0MOz4feeJrg3HrzlUPUbdZopXtvMdbnhM3","baseKeyType":1,"closed":-1,"used":1767533369050,"created":1767533369050,"remoteIdentityKey":"BQV/SeTVA8JXHq8PWmxYViC3rMUEiGpKft+BPKFRRnkg"},"_chains":{"BQML91os5q/GHiqzppu4K5tgXBVATxk4P63ZwnQhwUgN":{"chainKey":{"counter":1,"key":"phzo+3kn5zkuG18g2d/dl+3u1dXnHUIwb2xRAYV9GqE="},"chainType":1,"messageKeys":{}}},"pendingPreKey":{"signedKeyId":1,"baseKey":"BQ8VjmNVHC0MOz4feeJrg3HrzlUPUbdZopXtvMdbnhM3"}}},"version":"v1"}