{"_sessions":{"BXsZjrEJGK0r9cWgEz1kQ6cTED+L4qCDG4dLPQnJqVBn":{"registrationId":10115,"currentRatchet":{"ephemeralKeyPair":{"pubKey":"BbB2Drm6SGZ/WF3kAnPotmovKHLg8gzk+Kc05qA9+Agt","privKey":"kIqr+3EK0QSIYLGvjD9nFU8c726ah3jOEMYmAvtBR0Y="},"lastRemoteEphemeralKey":"BZNfkov0UKmdE+jscx9H8eDkL6OnOox1hATAsDDkSwkn","previousCounter":0,"rootKey":"RYN+ndNdsyhBn9dm2PpJzUBbRUwoJotqKgZFpu4PuaE="},"indexInfo":{"baseKey":"BXsZjrEJGK0r9cWgEz1kQ6cTED+L4qCDG4dLPQnJqVBn","baseKeyType":1,"closed":-1,"used":1767533369033,"created":1767533369033,"remoteIdentityKey":"BbxUPcQT4HbiYIZ5+Twlq9iTtsGKmiNx+Mq0ADhNgeoz"},"_chains":{"BbB2Drm6SGZ/WF3kAnPotmovKHLg8gzk+Kc05qA9+Agt":{"chainKey":{"counter":1,"key":"FZH5IGyxdACOr+yPMW71jz7pORjFl5aT9FP/JBfFhEE="},"chainType":1,"messageKeys":{}}},"pendingPreKey":{"signedKeyId":1,"baseKey":"BXsZjrEJGK0r9cWgEz1kQ6cTED+L4qCDG4dLPQnJqVBn","preKeyId":954}}},"version":"v1"}