{"_sessions":{"Bb3V6Pz1GWe2OLH7kVsqA4o7XVeb3uNLCvtQbbCikAgq":{"registrationId":1454195901,"currentRatchet":{"ephemeralKeyPair":{"pubKey":"Bdf9aQ+Kjbp8TtjQ+EbyB+IfGf9UIBbZuDspML7UTdhQ","privKey":"kHmAUwWoSGLAhXZux24FtiC0zHk6Gjz/waMJ3qVliUU="},"lastRemoteEphemeralKey":"BSUopGhHUMzK6Syyf8NP6HzUZVVgP+XwnTYSHaSszNNu","previousCounter":0,"rootKey":"iZAVnk6dJfiZFPYK7ucF5lLdtTUt2I1qXSXpbitMyA4="},"indexInfo":{"baseKey":"Bb3V6Pz1GWe2OLH7kVsqA4o7XVeb3uNLCvtQbbCikAgq","baseKeyType":1,"closed":-1,"used":1767533369389,"created":1767533369389,"remoteIdentityKey":"BWRuKYD+hSBw0XpvtrUGSUitCLmWjMx0vlu7Rzq1vxQA"},"_chains":{"Bdf9aQ+Kjbp8TtjQ+EbyB+IfGf9UIBbZuDspML7UTdhQ":{"chainKey":{"counter":1,"key":"1URm8aw57tx2nEx64ZJ5N/F0srxeNj4ay054591zCj4="},"chainType":1,"messageKeys":{}}},"pendingPreKey":{"signedKeyId":12461957,"baseKey":"Bb3V6Pz1GWe2OLH7kVsqA4o7XVeb3uNLCvtQbbCikAgq","preKeyId":11887763}}},"version":"v1"}