{"_sessions":{"BQeCD4d5Gtm5CqQO+4OX8X/6tGXNfy7qOWzssIaRKL8m":{"registrationId":1250190841,"currentRatchet":{"ephemeralKeyPair":{"pubKey":"BbUBgJERLDKYwyM3McH8xFUTftnImARmEVwFfOn08Wds","privKey":"CKZPQQJA/sz14r9Y3WuqE9vjjo0KiXSaRVCP96tU33E="},"lastRemoteEphemeralKey":"BeP+qpK+kG40tbd3Nr9ze4a31TSj7MtwHF70bTZK3f8Y","previousCounter":1,"rootKey":"+edV14Ja6Zg+zjHn93FWtiMJ/0fUwY1KNNld2Ttx4Mg="},"indexInfo":{"baseKey":"BQeCD4d5Gtm5CqQO+4OX8X/6tGXNfy7qOWzssIaRKL8m","baseKeyType":1,"closed":-1,"used":1767696474857,"created":1767533369398,"remoteIdentityKey":"BZNM82yRVtNmnAUW1dgyjQ5FZcBYKL3aLNMFemVC3UET"},"_chains":{"BeP+qpK+kG40tbd3Nr9ze4a31TSj7MtwHF70bTZK3f8Y":{"chainKey":{"counter":0,"key":"uiwJJaFqOprmRL2oaSsojYv9GOQfRPSLHGYEkbRsW9s="},"chainType":2,"messageKeys":{}},"BbUBgJERLDKYwyM3McH8xFUTftnImARmEVwFfOn08Wds":{"chainKey":{"counter":-1,"key":"whqJ1xGdzOWcspesBShXN+fKr1RZCHc/vvM9GoDyoJs="},"chainType":1,"messageKeys":{}}}}},"version":"v1"}