{"_sessions":{"BRq0//Ow0y4J4zYGNj6jjlmB1X6oB25un42Q3QcA+nZ6":{"registrationId":812240176,"currentRatchet":{"ephemeralKeyPair":{"pubKey":"BWuEuTC86x1Qqbzi5yYLpdCJxS0DddqhrcYsb7BCLFpc","privKey":"UJeLZHeyqNIGNZ0yN+wOG7+7jMr7pEGzZfa1JbVMEE0="},"lastRemoteEphemeralKey":"BRIhZ2mI6gvYsIpzslryX6v+82s5Sfb3Hyc9aDlSgWMs","previousCounter":0,"rootKey":"ZlR+uYjtgzXNo0B++Af3huMp+pI113ZVFivhIjeQj3c="},"indexInfo":{"baseKey":"BRq0//Ow0y4J4zYGNj6jjlmB1X6oB25un42Q3QcA+nZ6","baseKeyType":1,"closed":-1,"used":1767533369318,"created":1767533369318,"remoteIdentityKey":"BU+zHHxRrojvldQz6tOHfRSd87zRChUwSi+OmHHddMty"},"_chains":{"BWuEuTC86x1Qqbzi5yYLpdCJxS0DddqhrcYsb7BCLFpc":{"chainKey":{"counter":1,"key":"AlnH4I0BnBzSicRpTtoyyDY31gWNJ+fTyJOys4sVh58="},"chainType":1,"messageKeys":{}}},"pendingPreKey":{"signedKeyId":8387897,"baseKey":"BRq0//Ow0y4J4zYGNj6jjlmB1X6oB25un42Q3QcA+nZ6","preKeyId":10961543}}},"version":"v1"}