{"_sessions":{"BSlnoS6vIqk8L2t1rlDQHsYKLHLl91VugaS+YpTPw0Fv":{"registrationId":253755503,"currentRatchet":{"ephemeralKeyPair":{"pubKey":"BVR90TxmrU8mZaFC2/a/jp1Klof2LwBpA1N7IH1Sshs/","privKey":"yPdh+yC++2IEF978T6xkbU0H1I/SeJIF0gXILWXGOV0="},"lastRemoteEphemeralKey":"BV77Z75HpX4S9DqCPXVD5tNnK3s47MXEsjW6mNyfwpFz","previousCounter":0,"rootKey":"VehnGO9jynnrxHsAN/FMROQ8wJUZxnSHAqhRVIqRKCU="},"indexInfo":{"baseKey":"BSlnoS6vIqk8L2t1rlDQHsYKLHLl91VugaS+YpTPw0Fv","baseKeyType":1,"closed":-1,"used":1767533372449,"created":1767533372449,"remoteIdentityKey":"BX7sWs3NOyFFniJXtjFolhD1dCHgAhJ/08C8sBB9rFw1"},"_chains":{"BVR90TxmrU8mZaFC2/a/jp1Klof2LwBpA1N7IH1Sshs/":{"chainKey":{"counter":1,"key":"96u6A28WDqSfK9eqEG2miOR9x0y1as3esYhtyglsWZ4="},"chainType":1,"messageKeys":{}}},"pendingPreKey":{"signedKeyId":15578114,"baseKey":"BSlnoS6vIqk8L2t1rlDQHsYKLHLl91VugaS+YpTPw0Fv","preKeyId":13901077}}},"version":"v1"}