{"_sessions":{"BUcT+RFLH9pKEHyCuCt1AL5mre7vaD5Jt+KvDy3lEsFa":{"registrationId":166,"currentRatchet":{"ephemeralKeyPair":{"pubKey":"BZgzLlhR1lIC4qLRKjOHcfacQdMLUkM5sAMjEC7ulbUW","privKey":"0NVl5c9rFX98kRlM2yCZb8/jOhH0mtBxQnIZj3FK2nc="},"lastRemoteEphemeralKey":"BbPhwxyQW1NMCYj46PZKtKIlvxrm8gfsD/UXgbz4zCJA","previousCounter":0,"rootKey":"bD1oLby4sy6LmytV4Ci+ERGdEIF574Bgy5DbWqH/C4o="},"indexInfo":{"baseKey":"BUcT+RFLH9pKEHyCuCt1AL5mre7vaD5Jt+KvDy3lEsFa","baseKeyType":1,"closed":-1,"used":1767533369046,"created":1767533369046,"remoteIdentityKey":"BeUibxrJqLbR/cqJYxaXiEKeZUdsGyJUlQU+v/SlDPc9"},"_chains":{"BZgzLlhR1lIC4qLRKjOHcfacQdMLUkM5sAMjEC7ulbUW":{"chainKey":{"counter":1,"key":"1SIeBn6yKkHhGUuX4lIhUHTFB2B2rfHqlJNcE/9toD0="},"chainType":1,"messageKeys":{}}},"pendingPreKey":{"signedKeyId":1,"baseKey":"BUcT+RFLH9pKEHyCuCt1AL5mre7vaD5Jt+KvDy3lEsFa"}}},"version":"v1"}