{"_sessions":{"Bcq6tJCt7SOUD0VvT6OzVL/eMUChkuVMP2NNieTrPoEb":{"registrationId":889747362,"currentRatchet":{"ephemeralKeyPair":{"pubKey":"BRM2Le+po0juC9V+pmnsLBM9db5V8KwVxOZISFUm/iA8","privKey":"ANbFc0I/IY3u7HRIoYMRma4FYEB8VEvvZhAoT2gcGVE="},"lastRemoteEphemeralKey":"BTlGqx9Pw53pLDz0+cE6gJ/SrWdh3v6cp+ZOkWauNwlT","previousCounter":0,"rootKey":"uuClILiALtgLx4nAJSLg3DgEgb76HMnt+FxVfXAtHVQ="},"indexInfo":{"baseKey":"Bcq6tJCt7SOUD0VvT6OzVL/eMUChkuVMP2NNieTrPoEb","baseKeyType":1,"closed":-1,"used":1767533372459,"created":1767533372459,"remoteIdentityKey":"BeE58LzI9mut4Dap2kbyj9oYWtgpf4/G/bIVKZzwNM16"},"_chains":{"BRM2Le+po0juC9V+pmnsLBM9db5V8KwVxOZISFUm/iA8":{"chainKey":{"counter":1,"key":"VS/WuB0oCfdNFuCgiAN3Fggs7tkZvFHkXb6ovfdPij8="},"chainType":1,"messageKeys":{}}},"pendingPreKey":{"signedKeyId":1237427,"baseKey":"Bcq6tJCt7SOUD0VvT6OzVL/eMUChkuVMP2NNieTrPoEb","preKeyId":6010995}}},"version":"v1"}