{"_sessions":{"BXwwkkqP7+deo7bsYbLjDhF9+nZc+8mS12VRZmbF0U9E":{"registrationId":734240130,"currentRatchet":{"ephemeralKeyPair":{"pubKey":"BW2ujbgmYjTXQ9ap9D5tNkpYavhvCR8dbszPGDTCdror","privKey":"mHKE0dlpvImoaYbmqSQW8PPpy2nLbh/Q0/hKpLYdG2E="},"lastRemoteEphemeralKey":"BYLVZvi8b6oXqTGfB9Ebo26ETEvftN1228Rydln6QYRn","previousCounter":0,"rootKey":"qEFlRK0G78UIHknWbCJcv5PN2XoO2Xp37W+0BmKMO40="},"indexInfo":{"baseKey":"BXwwkkqP7+deo7bsYbLjDhF9+nZc+8mS12VRZmbF0U9E","baseKeyType":2,"closed":-1,"used":1767705445448,"created":1767574352362,"remoteIdentityKey":"BXg6iHb2fMnT9zsD+gW8AWckDBJEHnWF/KEredWa+5t6"},"_chains":{"BU2LQ7rqRHtCdwwehfCXpiBnVgrhmes19wfzb6kcB7BY":{"chainKey":{"counter":0},"chainType":2,"messageKeys":{}},"BYLVZvi8b6oXqTGfB9Ebo26ETEvftN1228Rydln6QYRn":{"chainKey":{"counter":2,"key":"IVVEt4GVlRpvvmi8c38SaZsWiOmKh5qXE3LEYSXdAYU="},"chainType":2,"messageKeys":{}},"BW2ujbgmYjTXQ9ap9D5tNkpYavhvCR8dbszPGDTCdror":{"chainKey":{"counter":-1,"key":"yQrgz6rhf+6K3riRX53BXiyJw5d/Lku+/MdMtgiwykI="},"chainType":1,"messageKeys":{}}}}},"version":"v1"}