{"_sessions":{"BYqpF4Gi8Fp7KGJYbfcnjiOeoixEVR4D2+5Z+mem+URY":{"registrationId":1542093414,"currentRatchet":{"ephemeralKeyPair":{"pubKey":"BWl0T+QQDfM0KGBdOur9OwWyjQOWFy35NOOfpSALrBx2","privKey":"SCIgpiwqAHNflc08bnqCUzdxgEJA6jm1ztS5Qi2nm08="},"lastRemoteEphemeralKey":"Bf03F9S7aVAcG2E+C2MSyG0ZBz/b72ipZlulgj4E811a","previousCounter":0,"rootKey":"8PtIwZ4pffZfmP6wL3uJfR5z/SJ9kPcJGpWEHUnED4w="},"indexInfo":{"baseKey":"BYqpF4Gi8Fp7KGJYbfcnjiOeoixEVR4D2+5Z+mem+URY","baseKeyType":2,"closed":-1,"used":1767698591045,"created":1767532116097,"remoteIdentityKey":"BSDbEMDsUuYFS9io9tIZAqrFTVMKGS2iVfhK148kYDgm"},"_chains":{"BWmTn/YBH8o8An1aNOSmb2LV4jm1CiVzejhPc00bcINW":{"chainKey":{"counter":0},"chainType":2,"messageKeys":{}},"BZXu1EGlKJjsb9vAmzqP0rktjJiGvVIbcYpId6yJMFhU":{"chainKey":{"counter":2},"chainType":2,"messageKeys":{}},"Bf03F9S7aVAcG2E+C2MSyG0ZBz/b72ipZlulgj4E811a":{"chainKey":{"counter":11,"key":"g2PQbXOd9GCYt/Y+FsgrUkD98SYN4bxSVkGudgL+cEE="},"chainType":2,"messageKeys":{"2":"IVsvQt9dBFoSofyQsU9rLCUjf7SVQ4ag0/2kLrcuFSE="}},"BWl0T+QQDfM0KGBdOur9OwWyjQOWFy35NOOfpSALrBx2":{"chainKey":{"counter":-1,"key":"cPilFPtq+dEk2OdimDHW5jhw5Wy/9nkawS+72KSb074="},"chainType":1,"messageKeys":{}}}}},"version":"v1"}