{"_sessions":{"BQrFYOijmfNA2JseoBTpt6UipAEnMhCVT5XV+tALpAQE":{"registrationId":4714,"currentRatchet":{"ephemeralKeyPair":{"pubKey":"BauzJyWXD8KHR5zHvV325cXl9sSTeYcS7Zo8RwA3rOZ3","privKey":"8A0CwDXIwIDlMdhTWAlpPM2Uwo1WgnUvSHKq/wiLpm4="},"lastRemoteEphemeralKey":"BaDCM6nwVnUswED4Iu0sXM0fHTVp6kDXO77g3KOW4Kpu","previousCounter":0,"rootKey":"HgECfPVe8JUrGlmwaw+ShO0dH9xSR8lNQ2o4h+5GvAg="},"indexInfo":{"baseKey":"BQrFYOijmfNA2JseoBTpt6UipAEnMhCVT5XV+tALpAQE","baseKeyType":1,"closed":-1,"used":1767533368978,"created":1767533368978,"remoteIdentityKey":"Bds+16u9yLeGE8O9nWMIzvlp598IGrhnSr54aAX7Ff4u"},"_chains":{"BauzJyWXD8KHR5zHvV325cXl9sSTeYcS7Zo8RwA3rOZ3":{"chainKey":{"counter":1,"key":"NXOhbj/n8CxmAhRa9N1g/ICAirOgQA4OJlBuAOmZGGQ="},"chainType":1,"messageKeys":{}}},"pendingPreKey":{"signedKeyId":1,"baseKey":"BQrFYOijmfNA2JseoBTpt6UipAEnMhCVT5XV+tALpAQE"}}},"version":"v1"}