{"_sessions":{"BVKwu73uYfvnbXaPXIbuQ+BV6J9Mpvo0XDzhs4fEx71O":{"registrationId":118484762,"currentRatchet":{"ephemeralKeyPair":{"pubKey":"BfpfXSwI2BxTT5gNgZI4m06eLmuJG0zrYUAXz4BeR8Ap","privKey":"GBk3J0Q0gk1/CRSigRXQQoDEEml8VuMZ5WQaFHK8CEQ="},"lastRemoteEphemeralKey":"BdNXjtFDwfH0SOrpUIdBEwJjs/c4Nn+a/keJ66QNEugl","previousCounter":0,"rootKey":"YPno2NuAa8mpcakVdpo2dlWu0ZfihNOZAW34GVklDQk="},"indexInfo":{"baseKey":"BVKwu73uYfvnbXaPXIbuQ+BV6J9Mpvo0XDzhs4fEx71O","baseKeyType":1,"closed":-1,"used":1767533368963,"created":1767533368963,"remoteIdentityKey":"Bcx6Lzl6TgmUr+Oa75wEpArBY2iyoTvojWKfRZIs22ZC"},"_chains":{"BfpfXSwI2BxTT5gNgZI4m06eLmuJG0zrYUAXz4BeR8Ap":{"chainKey":{"counter":1,"key":"PatUv5RM5+DCIgoumHvRaLJnzfMFa7RxKuOP3TpgsxA="},"chainType":1,"messageKeys":{}}},"pendingPreKey":{"signedKeyId":12947224,"baseKey":"BVKwu73uYfvnbXaPXIbuQ+BV6J9Mpvo0XDzhs4fEx71O","preKeyId":6141691}}},"version":"v1"}