{"_sessions":{"BQWMUONx9ex1SeV7KC3MIT5U9LAYAVHYJeostHHGS48w":{"registrationId":1055574861,"currentRatchet":{"ephemeralKeyPair":{"pubKey":"BRQThodPwKy81T+7JwXWxLa6ohAvtLGk1VVMs46ZwXtB","privKey":"wJHr1MyZUz9zMrKlq0Gpq89VfpOVws85IkGVj5a8+20="},"lastRemoteEphemeralKey":"BTnUuc7iGv7sFv8xVE6Uz2eQWGEDuUNsVe6V8OSkVDYE","previousCounter":0,"rootKey":"m2V4byclAA3JsVBA4Xd8N73RDyq378ED3y119PNbrEQ="},"indexInfo":{"baseKey":"BQWMUONx9ex1SeV7KC3MIT5U9LAYAVHYJeostHHGS48w","baseKeyType":1,"closed":-1,"used":1767661015302,"created":1767533372273,"remoteIdentityKey":"BV2CGk3mVVetKUv9m1bvSNrqazTUKQtIS6qbk6YJIUhm"},"_chains":{"BV/IHH7E+gxp2O1kYvYhGv+KGlpjfgg8vIkC1bNFtHl3":{"chainKey":{"counter":2},"chainType":2,"messageKeys":{}},"BTnUuc7iGv7sFv8xVE6Uz2eQWGEDuUNsVe6V8OSkVDYE":{"chainKey":{"counter":2,"key":"Fx/Kr3mIBEFneUrkpELHS5mM+ulnpQMRsryXqvc7HmQ="},"chainType":2,"messageKeys":{}},"BRQThodPwKy81T+7JwXWxLa6ohAvtLGk1VVMs46ZwXtB":{"chainKey":{"counter":-1,"key":"iy5EUnwflMxZMAti/2jU9ooasMeVr/Mzh9cE2eyludQ="},"chainType":1,"messageKeys":{}}}}},"version":"v1"}