{"_sessions":{"BbB3CccbxpHlRnWrKcze8Ej8pnW1EsiNSM3lq+K2Wh1Z":{"registrationId":1806281089,"currentRatchet":{"ephemeralKeyPair":{"pubKey":"BTlBpixHNSq+ah+qF6M0AGdWSKzucA8NBlxQGbjFOBVq","privKey":"EPJCi0GOFMEvc5lMkY7n1+rdDRZhgixc5tmxGToT810="},"lastRemoteEphemeralKey":"BXtDzuCasMZwnjyEYhkW5ZJRR9MPq3Vu2ndZrS4cA0Q+","previousCounter":0,"rootKey":"N1bUYq0FIeaZwp6Z0vowJcErykKvLsLuuUXSzD3UZgA="},"indexInfo":{"baseKey":"BbB3CccbxpHlRnWrKcze8Ej8pnW1EsiNSM3lq+K2Wh1Z","baseKeyType":1,"closed":-1,"used":1767533369160,"created":1767533369160,"remoteIdentityKey":"BZEYWqdWLWQrlpfGk32PdRzRoMJJyb8QDKepEYiOmxts"},"_chains":{"BTlBpixHNSq+ah+qF6M0AGdWSKzucA8NBlxQGbjFOBVq":{"chainKey":{"counter":1,"key":"qToL9lxxx6r7Glz85hY6dGRs9PWAnEpLi3FTm9YlmO4="},"chainType":1,"messageKeys":{}}},"pendingPreKey":{"signedKeyId":9536279,"baseKey":"BbB3CccbxpHlRnWrKcze8Ej8pnW1EsiNSM3lq+K2Wh1Z","preKeyId":7981995}}},"version":"v1"}