{"_sessions":{"BZ4ri1xGPi32DJkUS/l4o45YnG7dMPyadnNeKwG/9EgZ":{"registrationId":27168368,"currentRatchet":{"ephemeralKeyPair":{"pubKey":"BX7YSFyCdHhFVbbkXuLeHWJSwW843qWnm/EwwqYC82EG","privKey":"8I+LsuROVjD5MypdagWjx04HE5GE0UQOIYxqlgO3uUg="},"lastRemoteEphemeralKey":"Bbu43pSYYcNO//guOMWRVbLlG6xLLFBeAyhkvnEEmXQb","previousCounter":0,"rootKey":"26zy6qaYkT7bQ1yIkQ/3yb57L5mqNSxlXJv8v7K4g/4="},"indexInfo":{"baseKey":"BZ4ri1xGPi32DJkUS/l4o45YnG7dMPyadnNeKwG/9EgZ","baseKeyType":1,"closed":-1,"used":1767533372185,"created":1767533372185,"remoteIdentityKey":"BbzXmk6g+BnH/WX2W89dDotKGvalXHvsPYIEnqnyw1MX"},"_chains":{"BX7YSFyCdHhFVbbkXuLeHWJSwW843qWnm/EwwqYC82EG":{"chainKey":{"counter":1,"key":"Duy8NPI77k0o22p/6iIyk0pyzhIlOL8dBE8jzGhiPZg="},"chainType":1,"messageKeys":{}}},"pendingPreKey":{"signedKeyId":10168230,"baseKey":"BZ4ri1xGPi32DJkUS/l4o45YnG7dMPyadnNeKwG/9EgZ","preKeyId":2255906}}},"version":"v1"}