{"_sessions":{"Bcp0y6jd1ftAz84di4DSRon9Ig6/Fb067GbyhLCsR5NI":{"registrationId":939065950,"currentRatchet":{"ephemeralKeyPair":{"pubKey":"BeaPgr32IXHgsS24nbsNNDvT75phM+5ffNmmUsi4bhI4","privKey":"4CZcS6PE4JyEu0+K0IfGuaUVCobx0s48WiAcT/FtAm0="},"lastRemoteEphemeralKey":"Bcet4QQIFjVCgfRP5QsN1wRWSEcgbEZFVhPN0qoFwnc/","previousCounter":1,"rootKey":"W/u2D5YH9S739Bsy6AQIPzDc/YgcAsKmaFUiP0wy+sg="},"indexInfo":{"baseKey":"Bcp0y6jd1ftAz84di4DSRon9Ig6/Fb067GbyhLCsR5NI","baseKeyType":1,"closed":-1,"used":1767612149619,"created":1767533369203,"remoteIdentityKey":"Be7s76HQEaPbGT6vfIsshm1aBWj2WfhSrM6Ah11QFsxe"},"_chains":{"Bcet4QQIFjVCgfRP5QsN1wRWSEcgbEZFVhPN0qoFwnc/":{"chainKey":{"counter":2,"key":"50WP5HAOmuqCsM6cciRv19FUXVRnS/5OGFicv+wz2XY="},"chainType":2,"messageKeys":{"0":"k7XCevx8mEnyuOIz0cH8dDFsVHP2Vr+vIt1vYVk1b8Y="}},"BeaPgr32IXHgsS24nbsNNDvT75phM+5ffNmmUsi4bhI4":{"chainKey":{"counter":-1,"key":"fqNa+yrYvvZDmoHWqbTJzaFl0baN0+7mXu0PNyDncKU="},"chainType":1,"messageKeys":{}}}}},"version":"v1"}