{"_sessions":{"BcxhrXOUgcFPEfN4l9nL2ylZiEELIv/Jm5E8ReaEvYhG":{"registrationId":842914911,"currentRatchet":{"ephemeralKeyPair":{"pubKey":"BYT4gIRZ1VerU4DdW4/f2+AfROeMGB71sCwCT45YjKJl","privKey":"QIhSLVysavqn9qaWN96ruIXiyaq86dZUfD2YAbmcmXM="},"lastRemoteEphemeralKey":"BR7edWfj37RHpS9pdJQgwyDvwN7jXG9Efkcpmqaer6kZ","previousCounter":1,"rootKey":"BygDdJG5LDeK8AYxAGgMzUHvZ9/pvX+U+IE2U0fwo74="},"indexInfo":{"baseKey":"BcxhrXOUgcFPEfN4l9nL2ylZiEELIv/Jm5E8ReaEvYhG","baseKeyType":1,"closed":-1,"used":1767573436246,"created":1767533369345,"remoteIdentityKey":"BQlQTF8rdp6ZM3FqpZasHyUbKbmaFZW2jSpBGXCdXdge"},"_chains":{"BR7edWfj37RHpS9pdJQgwyDvwN7jXG9Efkcpmqaer6kZ":{"chainKey":{"counter":0,"key":"bOOb+pEFmuH0MkpMoTTIns4aHAUWs+HSoYlr4lhXMtM="},"chainType":2,"messageKeys":{}},"BYT4gIRZ1VerU4DdW4/f2+AfROeMGB71sCwCT45YjKJl":{"chainKey":{"counter":-1,"key":"X3CjfphWl3D6arDQvpycvjs1k6Lq4G9TSELOEVW8TYQ="},"chainType":1,"messageKeys":{}}}}},"version":"v1"}