{"_sessions":{"BQgQbDrHARVFfGWp5CPFsMwuOfr3QoXmVIa5ULbJwJJf":{"registrationId":582759939,"currentRatchet":{"ephemeralKeyPair":{"pubKey":"BZc/BaZSRV+Mn+ghw9p/k6JR8wqDbRe7S+xqjx1X92gX","privKey":"0F3BTJ0Wj/RYjWJShA1/2MXBTxB7v5roOFuo7ABmcHs="},"lastRemoteEphemeralKey":"BUmZGHcArBT7JaqML5iM40ikviIm6kesPa/pcsH/skgb","previousCounter":0,"rootKey":"Yuj7zOhiAidnAheF8UL90VECpRPY5cVTM5V6IwO2k24="},"indexInfo":{"baseKey":"BQgQbDrHARVFfGWp5CPFsMwuOfr3QoXmVIa5ULbJwJJf","baseKeyType":1,"closed":-1,"used":1767533369418,"created":1767533369418,"remoteIdentityKey":"BQnq1ujGBYXjbhNDARaD/bdTj9AhkGLypjSBxu1x1mNN"},"_chains":{"BZc/BaZSRV+Mn+ghw9p/k6JR8wqDbRe7S+xqjx1X92gX":{"chainKey":{"counter":1,"key":"Wz6oeCXoJi0GJUQ6C2qTEjaXskQW9q/jgMS214rbpoE="},"chainType":1,"messageKeys":{}}},"pendingPreKey":{"signedKeyId":8688806,"baseKey":"BQgQbDrHARVFfGWp5CPFsMwuOfr3QoXmVIa5ULbJwJJf","preKeyId":2002261}}},"version":"v1"}