{"_sessions":{"Be+9WIgHopy67hQRHr40hOCYSSKhBY7oVdLQDzUu/nEg":{"registrationId":1655706799,"currentRatchet":{"ephemeralKeyPair":{"pubKey":"BQkaDpLX6QXS5Kn5P1pfLG++gsv7Kc74CLV99xwyaPRp","privKey":"yNyglutZwESSErePReB5/NKAWVB6KoZvUjDqkEc4rFM="},"lastRemoteEphemeralKey":"BbmCu92ixzV0FDozHNiz1EfaGec3uFaONQztE8AwTid4","previousCounter":0,"rootKey":"DN5Tt9XjenVtb+h54+NSpeYLetSyphmzkqYCi/hhh8g="},"indexInfo":{"baseKey":"Be+9WIgHopy67hQRHr40hOCYSSKhBY7oVdLQDzUu/nEg","baseKeyType":1,"closed":-1,"used":1767533372237,"created":1767533372237,"remoteIdentityKey":"BcfycdDissxGKQ0BAEvk/l15DqwHwP2bCVvA5cRiUlR4"},"_chains":{"BQkaDpLX6QXS5Kn5P1pfLG++gsv7Kc74CLV99xwyaPRp":{"chainKey":{"counter":1,"key":"RETVkk8vTBzeBn7MO4KF24+5fnJTvGswkwvV27KnUC8="},"chainType":1,"messageKeys":{}}},"pendingPreKey":{"signedKeyId":9899841,"baseKey":"Be+9WIgHopy67hQRHr40hOCYSSKhBY7oVdLQDzUu/nEg"}}},"version":"v1"}