{"_sessions":{"BZMesBFMzn5/0biuuGxg1s5vXiqIAlFzMk/9mlWdYSwK":{"registrationId":181017352,"currentRatchet":{"ephemeralKeyPair":{"pubKey":"BXsb8E96PWkaZF64rLY8No+TdT3klS722Z6qFC813gxy","privKey":"YGJx/0PGlEbSyDl6wYx3vOrnJsb7OHZlGFf+4OcEAFs="},"lastRemoteEphemeralKey":"BQTr/J1KE3WkYXZdfB3wzhiwGb25d1peY3Nl/7UBKx9E","previousCounter":0,"rootKey":"PnVCrFYvB7VtzumWWzQKOcGVKrEt68SC+Zz1L5VMn8c="},"indexInfo":{"baseKey":"BZMesBFMzn5/0biuuGxg1s5vXiqIAlFzMk/9mlWdYSwK","baseKeyType":1,"closed":-1,"used":1767533369184,"created":1767533369184,"remoteIdentityKey":"BVlZjzlm8P5NTlwR/gsNRPmBrMIvYDSCDWppwC1UJIlw"},"_chains":{"BXsb8E96PWkaZF64rLY8No+TdT3klS722Z6qFC813gxy":{"chainKey":{"counter":1,"key":"DJPbJClI7c/yFLJUPRZ7qiFr9GgJlia4EzEQ6s1p1gI="},"chainType":1,"messageKeys":{}}},"pendingPreKey":{"signedKeyId":8703589,"baseKey":"BZMesBFMzn5/0biuuGxg1s5vXiqIAlFzMk/9mlWdYSwK","preKeyId":13911744}}},"version":"v1"}