{"_sessions":{"BYT8Fp6j/7yRGjgQlo+NIfhRK3+0JBvDo6Y4A5jCD+UQ":{"registrationId":157,"currentRatchet":{"ephemeralKeyPair":{"pubKey":"Ba2MlCAMpSc212oXClFEIa3I6JNlMyhP4OpPVpmtr9Bq","privKey":"eI8Pmu85TOBms2apkCaFCkO8VisqO+6ksZ9GsPFvWmw="},"lastRemoteEphemeralKey":"BcNf7Fc5tV8781jjOVZA4W915q3z1xrrBZW6RVtsrOEI","previousCounter":0,"rootKey":"MG89S6GJQ0wATQ7h7bwnIO6qgrgD7IJCgn4oM0max9A="},"indexInfo":{"baseKey":"BYT8Fp6j/7yRGjgQlo+NIfhRK3+0JBvDo6Y4A5jCD+UQ","baseKeyType":1,"closed":-1,"used":1767635972339,"created":1767635972339,"remoteIdentityKey":"BTsxPJDXHzYIwZUp85H9jmFTa/3VaYn9SrBnUpBHkxJH"},"_chains":{"Ba2MlCAMpSc212oXClFEIa3I6JNlMyhP4OpPVpmtr9Bq":{"chainKey":{"counter":32,"key":"Z29PgdTSORXdcuAhHysBMzgHEBVNkEGxz2IvvP/Nnmc="},"chainType":1,"messageKeys":{}}},"pendingPreKey":{"signedKeyId":1,"baseKey":"BYT8Fp6j/7yRGjgQlo+NIfhRK3+0JBvDo6Y4A5jCD+UQ","preKeyId":38}}},"version":"v1"}