{"_sessions":{"BVHGx0VbRX6rg3Eue1n8V2CpaAiFC3usHuVdf/sMK7so":{"registrationId":1085288654,"currentRatchet":{"ephemeralKeyPair":{"pubKey":"BXNNGPY2+iZGF2xIkXYmlU8w3ce0SKGhUInH5zwCJskY","privKey":"eG865x/pkz7nb0/MB4gwF+9YADXlmT5p7PeNrJ9DjW0="},"lastRemoteEphemeralKey":"BYS9wTOoEuzUlZQd6GB1L1XWZrHfw9NiDfWbyCzH0woS","previousCounter":0,"rootKey":"Xwy7UbIbMLwjLlETKAG/pDPwnUu6UHJRr8KOiBXQAfQ="},"indexInfo":{"baseKey":"BVHGx0VbRX6rg3Eue1n8V2CpaAiFC3usHuVdf/sMK7so","baseKeyType":1,"closed":-1,"used":1767533372392,"created":1767533372392,"remoteIdentityKey":"BevuRaL8O9AnOPcKtXwlLLHA2xQfdpz8qpHux/9FqGxd"},"_chains":{"BXNNGPY2+iZGF2xIkXYmlU8w3ce0SKGhUInH5zwCJskY":{"chainKey":{"counter":1,"key":"ybDVcE37+FFN/ZMZqYUlZGBLhbY19hoqJKntKjMT5Hg="},"chainType":1,"messageKeys":{}}},"pendingPreKey":{"signedKeyId":8884974,"baseKey":"BVHGx0VbRX6rg3Eue1n8V2CpaAiFC3usHuVdf/sMK7so","preKeyId":10492029}}},"version":"v1"}