{"_sessions":{"BXeODxdP0sXiviAzCWR5fHDJy2lQvYumMlvkoZsUdDhy":{"registrationId":1047110256,"currentRatchet":{"ephemeralKeyPair":{"pubKey":"Be9aI92kp1YJq9o6v86Q1l0Yh+U/31+DCMr3kXvJ9pVf","privKey":"ePlzuR/CcMnMkx8LmykmGGW1yWYfiHWxn86yQFLtg2Y="},"lastRemoteEphemeralKey":"BVIAaSYecA4ziQ1f96Dicr81MnMvb3XM+H+mGtc8YL08","previousCounter":0,"rootKey":"U2UPKnPNIVKetx3dlyAU3xTkVFDVnummuNpxgUyc0Co="},"indexInfo":{"baseKey":"BXeODxdP0sXiviAzCWR5fHDJy2lQvYumMlvkoZsUdDhy","baseKeyType":1,"closed":-1,"used":1767660924361,"created":1767533372291,"remoteIdentityKey":"BTJG4fVurZXE5nYCmMgaVbEnmcHKmIgXB4Ol2MevYiUj"},"_chains":{"BZ5tMzDMvsfEC82hzygcZo1jAJzAdfb3dYYx0fTma+l1":{"chainKey":{"counter":2},"chainType":2,"messageKeys":{}},"BVIAaSYecA4ziQ1f96Dicr81MnMvb3XM+H+mGtc8YL08":{"chainKey":{"counter":3,"key":"GXBWO9ou+tKskpLGJrXOWilEl/3GPbSsDbwjQcNMaYI="},"chainType":2,"messageKeys":{}},"Be9aI92kp1YJq9o6v86Q1l0Yh+U/31+DCMr3kXvJ9pVf":{"chainKey":{"counter":-1,"key":"737xX/RVvSezi6qim2WYFvZlm+VEug6wkrqwLJ0G3d4="},"chainType":1,"messageKeys":{}}}}},"version":"v1"}