{"_sessions":{"BYMG8DO68Pgon2L9isyhDGz8i7hjpll+8QfYT8ZhGBYA":{"registrationId":50894912,"currentRatchet":{"ephemeralKeyPair":{"pubKey":"BSmCIJG/dxlx73p8BMNAxAL+2tVVSsG9GlFRvrliOwBw","privKey":"YMlj75QiGUfGBfd3hkPycNe+GLNM8rE4XnlwYe+G+lk="},"lastRemoteEphemeralKey":"BXfOmRW2YTirH+9CTPSCdf/zg6wZpRowNKCqViYPhrIv","previousCounter":0,"rootKey":"anLkDN7uH8em4b3mWj5j4I0FghubsnwXjlgj3OizeTU="},"indexInfo":{"baseKey":"BYMG8DO68Pgon2L9isyhDGz8i7hjpll+8QfYT8ZhGBYA","baseKeyType":1,"closed":-1,"used":1767533372180,"created":1767533372180,"remoteIdentityKey":"BR9MJ0bWw4sNSpu4kI2hgOxMBHpmxdQtKxi3aTuXF2pU"},"_chains":{"BSmCIJG/dxlx73p8BMNAxAL+2tVVSsG9GlFRvrliOwBw":{"chainKey":{"counter":1,"key":"rA5P7uTZw+6yuVD5XAAz07tmC2QDHTCSwyBwB3WxHH4="},"chainType":1,"messageKeys":{}}},"pendingPreKey":{"signedKeyId":6073357,"baseKey":"BYMG8DO68Pgon2L9isyhDGz8i7hjpll+8QfYT8ZhGBYA"}}},"version":"v1"}