{"_sessions":{"BXXShuApdXnz78FVZ4hDl7iDmXaYmE2eyBL8Wf04d9IE":{"registrationId":2113446278,"currentRatchet":{"ephemeralKeyPair":{"pubKey":"BX50ZLziGcmPuZoEk1gh1ELn7bstJnARg6gURkVLVIMA","privKey":"OIVOkwU/f05cBn/RTPVlxOx80wCrJJNDccb/hDRHWUA="},"lastRemoteEphemeralKey":"BcuSVjU6v44TC/ChfD7bxFxPj6FRAWaZMvHB+dPCGQx4","previousCounter":0,"rootKey":"6c8TLkNpbOhugW6m4n/A8vhiFHsz9uJM5Mz7UVhnx+Q="},"indexInfo":{"baseKey":"BXXShuApdXnz78FVZ4hDl7iDmXaYmE2eyBL8Wf04d9IE","baseKeyType":1,"closed":-1,"used":1767533372409,"created":1767533372409,"remoteIdentityKey":"BVbkR8fs+IKbDRxkHcgb4OlpREp8/n3vL4OAqwiqOzN7"},"_chains":{"BX50ZLziGcmPuZoEk1gh1ELn7bstJnARg6gURkVLVIMA":{"chainKey":{"counter":1,"key":"BVJohVoiyQZFuab3TQkkdDw90AmM7J5R3qPZ6yIO/5Y="},"chainType":1,"messageKeys":{}}},"pendingPreKey":{"signedKeyId":10,"baseKey":"BXXShuApdXnz78FVZ4hDl7iDmXaYmE2eyBL8Wf04d9IE","preKeyId":2125281}}},"version":"v1"}