{"_sessions":{"BT5b0xs4fgmFaDBFpsS+TPz9SZofXRh319lvTFbg4H8v":{"registrationId":765813527,"currentRatchet":{"ephemeralKeyPair":{"pubKey":"BTPFLy4DHMRrp/Cud7JZghBJIA0pAMSxQkQsGSyeneIO","privKey":"OMGlzvEgD/IINuTUh32dODYaCbhmqMF6SQVra8YyxG0="},"lastRemoteEphemeralKey":"BZQScYny4QC9VOtPE4zMQ26C7juHst3G8lXlX+88t7VJ","previousCounter":0,"rootKey":"ZJKJMDeo714xMTgE4NBJuYXujka7RxO/Nbonx7e0v+I="},"indexInfo":{"baseKey":"BT5b0xs4fgmFaDBFpsS+TPz9SZofXRh319lvTFbg4H8v","baseKeyType":1,"closed":-1,"used":1767533369171,"created":1767533369171,"remoteIdentityKey":"BSHiasac2kckUeHe11P3GhINsrBX0Uf7rY4Itk1qY59q"},"_chains":{"BTPFLy4DHMRrp/Cud7JZghBJIA0pAMSxQkQsGSyeneIO":{"chainKey":{"counter":1,"key":"00xVaVBlH3gPJSzO1bTYf1nppWKaCl9AhFUSK+60m90="},"chainType":1,"messageKeys":{}}},"pendingPreKey":{"signedKeyId":1725754,"baseKey":"BT5b0xs4fgmFaDBFpsS+TPz9SZofXRh319lvTFbg4H8v","preKeyId":5045375}}},"version":"v1"}