{"_sessions":{"BZQNhBnj8RnEHAH8/5y85l4Gf+7dAyoiBkGIizEzdzgT":{"registrationId":1965202507,"currentRatchet":{"ephemeralKeyPair":{"pubKey":"BXiqduT/zC6nTj48VRm75LcGuaXqVW8rwGoxpla0Z/8q","privKey":"AC+77YzymYg+YSjXDBygZWGpjyYdB59Zzp3Mm2g3cXA="},"lastRemoteEphemeralKey":"BbkIcu8SUI7IPqYEAA42DtuIcPzAgS/WEZxrbX2yCiBp","previousCounter":0,"rootKey":"4O8a/xo89W65m4R+UGH+97+nAok2yeuQl9ZGxOkwDtI="},"indexInfo":{"baseKey":"BZQNhBnj8RnEHAH8/5y85l4Gf+7dAyoiBkGIizEzdzgT","baseKeyType":1,"closed":-1,"used":1767533372476,"created":1767533372476,"remoteIdentityKey":"Bb+WkBDIXOJ4cMbHkfgGwCMg7LhuSr8oDTbFeGc5/9xW"},"_chains":{"BXiqduT/zC6nTj48VRm75LcGuaXqVW8rwGoxpla0Z/8q":{"chainKey":{"counter":1,"key":"mxfX2NM1QzBdAj2vD8Xvc2UXc2pSrk1jxw0vyPAQ0Mw="},"chainType":1,"messageKeys":{}}},"pendingPreKey":{"signedKeyId":2409374,"baseKey":"BZQNhBnj8RnEHAH8/5y85l4Gf+7dAyoiBkGIizEzdzgT"}}},"version":"v1"}