{"_sessions":{"BXFrAkfp9YeYyjVm2yhQA1oAmrzuqBE4x+bM4XCdjF4E":{"registrationId":349710914,"currentRatchet":{"ephemeralKeyPair":{"pubKey":"BREbBNGbCmKH/WpA9aQsefIVKo0o2dNZtbbbxeuJ6ft9","privKey":"8PzoIJJjCIRjfUCHP4lAKXB330qqfmucWi54U5dfWks="},"lastRemoteEphemeralKey":"BRjB/t5Jw4Pb2GI5+ZUUskOhzmqklS1FoiXYhlWBPFAY","previousCounter":0,"rootKey":"Mg8mbpA9Tctu5xUL94Xz/D6YEsSX7T3bBnyOxIXFtUM="},"indexInfo":{"baseKey":"BXFrAkfp9YeYyjVm2yhQA1oAmrzuqBE4x+bM4XCdjF4E","baseKeyType":2,"closed":-1,"used":1767660452093,"created":1767530583842,"remoteIdentityKey":"Bdm5y8Vdzk7K2oGiiTseECwt++qa8tXruJn/XO3fz2x2"},"_chains":{"BX2mFmn3nfkktXh1R7iGowIsJTcFy9Wabks3Ub8Brasl":{"chainKey":{"counter":0},"chainType":2,"messageKeys":{}},"BboZdR3a9P+GpmJLuAv7dYbOl8cWNqr6/ZbWMSWQC9cd":{"chainKey":{"counter":2},"chainType":2,"messageKeys":{}},"BRjB/t5Jw4Pb2GI5+ZUUskOhzmqklS1FoiXYhlWBPFAY":{"chainKey":{"counter":7,"key":"HY1yzNZF4FP5OjMpxShyB3u/V5JxnA9ehD3OIw+e2iA="},"chainType":2,"messageKeys":{}},"BREbBNGbCmKH/WpA9aQsefIVKo0o2dNZtbbbxeuJ6ft9":{"chainKey":{"counter":-1,"key":"vx57VttqRq6Eo1yh00D72MNMnI+p+iAIpE32uzpyTRo="},"chainType":1,"messageKeys":{}}}}},"version":"v1"}