{"_sessions":{"BSIxcxQSeoaUyzoYVK439ypVpPX4E68aQ/YR26TZqUY+":{"registrationId":61,"currentRatchet":{"ephemeralKeyPair":{"pubKey":"BYl6vxP3T1WcxUXKt0jKrhuq9RHWyDyAmO38m5oPk/5w","privKey":"sJ5QGpKfjNNyN7ekcbVR9YrEQ41GWd5qyDBFwC4wxnA="},"lastRemoteEphemeralKey":"BXRlvURqVbVjreKNsqIY46nxV6sVVyRqrMbbVbE0yu8g","previousCounter":0,"rootKey":"uzr30JidxSjbSYUrnQSOcwVL7FnvL5BcY5dbsVRNN8M="},"indexInfo":{"baseKey":"BSIxcxQSeoaUyzoYVK439ypVpPX4E68aQ/YR26TZqUY+","baseKeyType":1,"closed":-1,"used":1767533369076,"created":1767533369076,"remoteIdentityKey":"BcgwsAj48/JGV6cVuanBnO4bsDIWrrOl6FFpIGJQ5O0M"},"_chains":{"BYl6vxP3T1WcxUXKt0jKrhuq9RHWyDyAmO38m5oPk/5w":{"chainKey":{"counter":1,"key":"9Sg4DQh1m1Ak7MQH4JwgE9GkP+TvJj6ANg+q4d0OMak="},"chainType":1,"messageKeys":{}}},"pendingPreKey":{"signedKeyId":1,"baseKey":"BSIxcxQSeoaUyzoYVK439ypVpPX4E68aQ/YR26TZqUY+","preKeyId":416}}},"version":"v1"}