{"_sessions":{"BUVvtvDzJzCGNt0DDK9J5P3nCZ+jSdDzIX4AjwEHhL8r":{"registrationId":7025,"currentRatchet":{"ephemeralKeyPair":{"pubKey":"BbcPV3v4mJqam+NX3mfTwBSbBKugxDf58inqNvIkCEgu","privKey":"ODwYcqbyPuZ1ogHrIdCAplKQdp3mvqYUCS8T8EIcums="},"lastRemoteEphemeralKey":"BdKP0HnPRUn8nI3Gi3WT66L040AuB/Ff1EHKEE/3eHwc","previousCounter":0,"rootKey":"ha861X/lPlCojuoPgUnW6QBd6+T10828MEdZ4HZwlio="},"indexInfo":{"baseKey":"BUVvtvDzJzCGNt0DDK9J5P3nCZ+jSdDzIX4AjwEHhL8r","baseKeyType":1,"closed":-1,"used":1767533368982,"created":1767533368982,"remoteIdentityKey":"BWWOf99qINdj6W3aYqwiRx1sIJt5Ic40GhIEl/W/9zlm"},"_chains":{"BbcPV3v4mJqam+NX3mfTwBSbBKugxDf58inqNvIkCEgu":{"chainKey":{"counter":1,"key":"5WW84lVgB/WblL2IzG22mP8wR9D9QZMCnTugX2yUJao="},"chainType":1,"messageKeys":{}}},"pendingPreKey":{"signedKeyId":1,"baseKey":"BUVvtvDzJzCGNt0DDK9J5P3nCZ+jSdDzIX4AjwEHhL8r"}}},"version":"v1"}