{"_sessions":{"BZjPJrgwYpBhoLnKiZuWO9Y4cTSKoSdp5Dhn15Z3FaFb":{"registrationId":1675227612,"currentRatchet":{"ephemeralKeyPair":{"pubKey":"Bbs/xmjZmqZXIoSywHOTFuyuCAqBq9ae2zsIvEVpSNwb","privKey":"iK2wCMJlgG1mHsWCLS+1vDmv5nmQxwQlU47Lb14Ag1U="},"lastRemoteEphemeralKey":"BdcXUpO/lM4V+igUS2LDSNO34KnYaL6vTmABkwwwX1pO","previousCounter":0,"rootKey":"aEHjrtYKxCLtLITD3aWOkvLi7Pr7lZDEPjooexD+xSQ="},"indexInfo":{"baseKey":"BZjPJrgwYpBhoLnKiZuWO9Y4cTSKoSdp5Dhn15Z3FaFb","baseKeyType":1,"closed":-1,"used":1767533369120,"created":1767533369120,"remoteIdentityKey":"BZHXaoC4b3GaPHw9vMU07PP7S0DE4O6LpH4PR9Yi470x"},"_chains":{"Bbs/xmjZmqZXIoSywHOTFuyuCAqBq9ae2zsIvEVpSNwb":{"chainKey":{"counter":1,"key":"oZNIaJS0tsCEcFI7kq4yJW3HMEZq12wmhCgJxVEv1Lc="},"chainType":1,"messageKeys":{}}},"pendingPreKey":{"signedKeyId":2662180,"baseKey":"BZjPJrgwYpBhoLnKiZuWO9Y4cTSKoSdp5Dhn15Z3FaFb"}}},"version":"v1"}