{"_sessions":{"BVVHuGKpqVWiowrCYojPnsUkI7XBDnGVaD1MBZeXNTch":{"registrationId":11753,"currentRatchet":{"ephemeralKeyPair":{"pubKey":"Ba2B+/QAvq0n2qtDcomgGSuZ7NV7tX+AZjDx0+7Nt1ME","privKey":"gCusrQMcrtAaz/1W4mPmxE+CbJ+6yYgQ4TOJ/f/0l2A="},"lastRemoteEphemeralKey":"Bb+dSaTM3VCkkDhbqKivQiwGVQt2unQLSHwXLU1cFhsi","previousCounter":0,"rootKey":"RKSKkicLa1vPdXlwfS0oX0zCwHsOjXHDiYuHWZCmIWM="},"indexInfo":{"baseKey":"BVVHuGKpqVWiowrCYojPnsUkI7XBDnGVaD1MBZeXNTch","baseKeyType":1,"closed":-1,"used":1767661930373,"created":1767661930373,"remoteIdentityKey":"BRq1qxX7UoQac07CEmY9X5bz9d32X8L67vx2y4oeCoBR"},"_chains":{"Ba2B+/QAvq0n2qtDcomgGSuZ7NV7tX+AZjDx0+7Nt1ME":{"chainKey":{"counter":0,"key":"EnR4BfuWR3U21JY4dABB6EEnclO6XEfuwORaDJibm6k="},"chainType":1,"messageKeys":{}}},"pendingPreKey":{"signedKeyId":1,"baseKey":"BVVHuGKpqVWiowrCYojPnsUkI7XBDnGVaD1MBZeXNTch","preKeyId":45}}},"version":"v1"}