{"_sessions":{"BfippOQWwoQQmhvM9jOpmx+i9aDx49dcqL2Z2rdd33pj":{"registrationId":5625,"currentRatchet":{"ephemeralKeyPair":{"pubKey":"BcNqOX7OpRNly7aN8DGGz/qF+CWrsalD5IdoMlfIvwtQ","privKey":"+NcBerY+cuksMGzDHZZAkitvrMN26cDJF0z6Gd0NBmY="},"lastRemoteEphemeralKey":"BZ8KIIcPM8auW6e8vJO+mCuy5ZtJOLN5Sr/sQzU+e+YY","previousCounter":0,"rootKey":"nPRPd5BX5qN1oz6sAI+04hIUYkufBr2V923h7Ewjwg8="},"indexInfo":{"baseKey":"BfippOQWwoQQmhvM9jOpmx+i9aDx49dcqL2Z2rdd33pj","baseKeyType":1,"closed":-1,"used":1767533368991,"created":1767533368991,"remoteIdentityKey":"BdMCJuGdIt7fuVXmoJEgd745BaQv5HzEEO9h8JOIVn0D"},"_chains":{"BcNqOX7OpRNly7aN8DGGz/qF+CWrsalD5IdoMlfIvwtQ":{"chainKey":{"counter":1,"key":"8ncnAPvVkJ8k+8L0cb8uxAhJEVAWjpThij1SuYHW3pA="},"chainType":1,"messageKeys":{}}},"pendingPreKey":{"signedKeyId":2,"baseKey":"BfippOQWwoQQmhvM9jOpmx+i9aDx49dcqL2Z2rdd33pj"}}},"version":"v1"}