{"_sessions":{"BXXXli0ZFSgMS4xi+eoiNAUwb15whwMotjXgu8Wi90p9":{"registrationId":451288445,"currentRatchet":{"ephemeralKeyPair":{"pubKey":"BSZhPZxU+WidYJeQVm/CCwDfpLmjYcz9rFKmqwq5RIFY","privKey":"mNuEDLBwvRnvwfkjhQbeDhYOZkhnVTpHr7XVSfJUxG0="},"lastRemoteEphemeralKey":"BTEfJcelYllKGoAeeWN05SOGWnF2vC1VQgDTQMNLg7UK","previousCounter":0,"rootKey":"37WtR9FdCXHP09RSIypjXdyM6DPJwWc9ryFyyn7bB4s="},"indexInfo":{"baseKey":"BXXXli0ZFSgMS4xi+eoiNAUwb15whwMotjXgu8Wi90p9","baseKeyType":1,"closed":-1,"used":1767533369155,"created":1767533369155,"remoteIdentityKey":"BY0lHmn7AzXGYnlwdQuaYybWYk4Kkwi/ky3Zj2eXVfZM"},"_chains":{"BSZhPZxU+WidYJeQVm/CCwDfpLmjYcz9rFKmqwq5RIFY":{"chainKey":{"counter":1,"key":"xp62Cg46xlGCa+4KYkFTVY1E4dCGsuNWvsynRjmeins="},"chainType":1,"messageKeys":{}}},"pendingPreKey":{"signedKeyId":11386361,"baseKey":"BXXXli0ZFSgMS4xi+eoiNAUwb15whwMotjXgu8Wi90p9","preKeyId":9088645}}},"version":"v1"}