{"_sessions":{"BXem2ngXFHqhBNnfsCmjgpGZoh1lt3cI8TshAqy7sgt+":{"registrationId":862204064,"currentRatchet":{"ephemeralKeyPair":{"pubKey":"BS9wmmCcV3tAFcg/dSawc0HqO1Eb6QBYgquNigcbr9hu","privKey":"+EI5oZbaKDgo2Wx1FuQB+8Cj/nleFDwmJZS5HfNpLW4="},"lastRemoteEphemeralKey":"BVJGE+svihDeBqIvIZ/oVfpWl6KZzBUi9AxeZb8gntMt","previousCounter":1,"rootKey":"23vdWOI80LVW+/a1/EzFEHaany/+QM4/MM9R7JHPVmk="},"indexInfo":{"baseKey":"BXem2ngXFHqhBNnfsCmjgpGZoh1lt3cI8TshAqy7sgt+","baseKeyType":1,"closed":-1,"used":1767623972033,"created":1767533372314,"remoteIdentityKey":"BXFthnUaX7+A6zQeMZ2+2X9i8+YWZrcKWB2ksTSKn1Z4"},"_chains":{"BVJGE+svihDeBqIvIZ/oVfpWl6KZzBUi9AxeZb8gntMt":{"chainKey":{"counter":1,"key":"1XVur/m2xoZVTSEbT+V0PjpaEjdsGYskMdezJVDQQZc="},"chainType":2,"messageKeys":{}},"BS9wmmCcV3tAFcg/dSawc0HqO1Eb6QBYgquNigcbr9hu":{"chainKey":{"counter":-1,"key":"um5nU9+vaaOswaeX2dHh6UGkEhRQBwuv9JMUGrg8Qfs="},"chainType":1,"messageKeys":{}}}}},"version":"v1"}