{"_sessions":{"BYeA9RiBwCsnS11mQ7McDSL/EpppB76Djd/LQG0Hajod":{"registrationId":1169957328,"currentRatchet":{"ephemeralKeyPair":{"pubKey":"BS2DafgOIZcqoo/uHN8ARmD1a+O/VEZi2Mo19jGhM2EK","privKey":"OJjUuDw1qtivi2AK0J9uOxJoXif9vOF0q6Ccn/VhSnY="},"lastRemoteEphemeralKey":"BRnX9Se1WV3Nrn90kf0H0yxuZnLQEYDh2Es6cA6d/11M","previousCounter":0,"rootKey":"8rQRifpoH/CjEhMnCROF65NB0QQ0IzwJT7x13ytYnt4="},"indexInfo":{"baseKey":"BYeA9RiBwCsnS11mQ7McDSL/EpppB76Djd/LQG0Hajod","baseKeyType":1,"closed":-1,"used":1767533369393,"created":1767533369393,"remoteIdentityKey":"BefVHL3NDqoLWtLYQXEvAbz645l4PMGG9ejcqe9B/Chd"},"_chains":{"BS2DafgOIZcqoo/uHN8ARmD1a+O/VEZi2Mo19jGhM2EK":{"chainKey":{"counter":1,"key":"O42fqmqUViVym9g9WkWLI77n/A/tJnvsNQkMK+tgBoo="},"chainType":1,"messageKeys":{}}},"pendingPreKey":{"signedKeyId":5872483,"baseKey":"BYeA9RiBwCsnS11mQ7McDSL/EpppB76Djd/LQG0Hajod"}}},"version":"v1"}