{"_sessions":{"Bc5EYKPt4lt3ENb864xKaiOoWCIzrKbTqQxIFNdDZBlI":{"registrationId":23347781,"currentRatchet":{"ephemeralKeyPair":{"pubKey":"BX+A08su9vTxoMn7WI2Drt5gQesHbYD7ptnQ+bkKCNY8","privKey":"QNWzRkKj5W1svtLtD1cH9QvixOXkqRsIsO59UJQ3kk8="},"lastRemoteEphemeralKey":"BT4UwWHUpWUmkjkRL2tr5yPrdDx3DlB3JBKolyHqNFg/","previousCounter":0,"rootKey":"+C/s9bl/BBuujjaZCu4YHdUbSuxxc0JBAl4MD73lV28="},"indexInfo":{"baseKey":"Bc5EYKPt4lt3ENb864xKaiOoWCIzrKbTqQxIFNdDZBlI","baseKeyType":2,"closed":-1,"used":1767567474000,"created":1767567474000,"remoteIdentityKey":"BVdqRS2Jv2uFet+YLpRW25177CgvrRSumMXc31XY0/Ia"},"_chains":{"BT4UwWHUpWUmkjkRL2tr5yPrdDx3DlB3JBKolyHqNFg/":{"chainKey":{"counter":1,"key":"FUzEa/W61s2wNDMA6rmvgYQDAzZCyDH5P7RPfedWXIY="},"chainType":2,"messageKeys":{}},"BX+A08su9vTxoMn7WI2Drt5gQesHbYD7ptnQ+bkKCNY8":{"chainKey":{"counter":1,"key":"x5RBIQyw2IVO4H6Fd2vxNq3z6AfvYBeyHPAHlCBuAPk="},"chainType":1,"messageKeys":{}}}}},"version":"v1"}