{"_sessions":{"BRvDZDYkR3TqKvoDwkeWru39KCw0S6PZYOlUspvkyKdf":{"registrationId":1741954501,"currentRatchet":{"ephemeralKeyPair":{"pubKey":"BWLk/4NCbhoM7Va7SbZSbwg07Bjp+AAx8f/waTuWPA5Z","privKey":"ABIFhnAy4WQ9lXbkf77HwkYVtCKo3giRN0TRG3NO7Uc="},"lastRemoteEphemeralKey":"BWSHb1THdPWDYHtlvcNMLEAqw7cZT4TGP0NUE4jpNisd","previousCounter":0,"rootKey":"skBK+VaqRU9u4NOJ9P09/bjxRphUpjwzJUEBUteWWug="},"indexInfo":{"baseKey":"BRvDZDYkR3TqKvoDwkeWru39KCw0S6PZYOlUspvkyKdf","baseKeyType":1,"closed":-1,"used":1767533369116,"created":1767533369116,"remoteIdentityKey":"Betvf47Y1EtQ+SX2RGk6o5/7fSLNGRlxLG7A1y9FkCRN"},"_chains":{"BWLk/4NCbhoM7Va7SbZSbwg07Bjp+AAx8f/waTuWPA5Z":{"chainKey":{"counter":1,"key":"7T2EgY2MfoOXoVp8cWv5UreUQouhsBBRuGoGfb0nB0Y="},"chainType":1,"messageKeys":{}}},"pendingPreKey":{"signedKeyId":10675293,"baseKey":"BRvDZDYkR3TqKvoDwkeWru39KCw0S6PZYOlUspvkyKdf","preKeyId":7916846}}},"version":"v1"}