{"_sessions":{"Basbe4fMF0F32bFzePoJvSyy6lUHrwX+a6zfy2GSRQdI":{"registrationId":9699,"currentRatchet":{"ephemeralKeyPair":{"pubKey":"BbPmrRLWl+m4sN4F55RwuFQzr8vUdxCCs1FtaoM5Xq8h","privKey":"CDza8SSVlG1c2kDb2r2SSnIIYh42ymCsPVmeixhxM3c="},"lastRemoteEphemeralKey":"BVOY/YKX9pGhfbfM9BQpSyEcVgBUfbWMbhpc648JYid4","previousCounter":0,"rootKey":"7tX30l9fylRIJnznN0IL4qKtNeA9Yy/opShRaa/Gqbc="},"indexInfo":{"baseKey":"Basbe4fMF0F32bFzePoJvSyy6lUHrwX+a6zfy2GSRQdI","baseKeyType":1,"closed":-1,"used":1767533369070,"created":1767533369070,"remoteIdentityKey":"BfCBY3LhVdjkawfUMQZB5Q29Cmr2sShKj/1YqlWjhwZf"},"_chains":{"BbPmrRLWl+m4sN4F55RwuFQzr8vUdxCCs1FtaoM5Xq8h":{"chainKey":{"counter":1,"key":"hEnTwN/cxrIG6o+BBD1Qkl5LYfaQyhL6qMkGKSMArlQ="},"chainType":1,"messageKeys":{}}},"pendingPreKey":{"signedKeyId":2,"baseKey":"Basbe4fMF0F32bFzePoJvSyy6lUHrwX+a6zfy2GSRQdI","preKeyId":1698}}},"version":"v1"}