{"_sessions":{"BY9Uk3PHpKWAFFswX84L2+OHNfjJZO88fX02FmnQaxZt":{"registrationId":7897,"currentRatchet":{"ephemeralKeyPair":{"pubKey":"BZJHcM+m/xDfjWYGTYHwOYD7q/UDrDQXM877qD3SjTJk","privKey":"MJFRUG04sT4ex9oF8NBLEZqks9fkW2rLVPCkl9Uh6kU="},"lastRemoteEphemeralKey":"Bb878ucqwtcoJRw+P40HJbjZTAsx+9R8PvZEioR0akgH","previousCounter":0,"rootKey":"xRkkPoe1LpB2UtS45zReeLpQTkW3qKuORRsizlxWJ1Q="},"indexInfo":{"baseKey":"BY9Uk3PHpKWAFFswX84L2+OHNfjJZO88fX02FmnQaxZt","baseKeyType":1,"closed":-1,"used":1767533369094,"created":1767533369094,"remoteIdentityKey":"Bari9FyrfCji8rxXAfJ2lhStmgT99ZC+xfh+YsYK5g4L"},"_chains":{"BZJHcM+m/xDfjWYGTYHwOYD7q/UDrDQXM877qD3SjTJk":{"chainKey":{"counter":1,"key":"40rSliqRySEnRCgx69eaQJYCmxHhFCH9xu96TZhiNhk="},"chainType":1,"messageKeys":{}}},"pendingPreKey":{"signedKeyId":1,"baseKey":"BY9Uk3PHpKWAFFswX84L2+OHNfjJZO88fX02FmnQaxZt"}}},"version":"v1"}