{"_sessions":{"Beyr4gE2wYrBUAfraix6fj5HtnGpdSyjqEImq8nsSF9w":{"registrationId":19745480,"currentRatchet":{"ephemeralKeyPair":{"pubKey":"BXExQOuyCzr6FBvC4STLHbuTnoXKAXQ1E8QNSyR2D940","privKey":"qA4L/ew98l2aBIia5uS62pU2t55GH0xiFS1VwCl7kFM="},"lastRemoteEphemeralKey":"BdM/AKl2DJnRKpJKsxckaObnQ1JjOWHjY3cNxFXPu0Bs","previousCounter":0,"rootKey":"sMwJFI15Wv9RH6f9uiWWfqCFQ2IotkwoJPR4NXQazgs="},"indexInfo":{"baseKey":"Beyr4gE2wYrBUAfraix6fj5HtnGpdSyjqEImq8nsSF9w","baseKeyType":1,"closed":-1,"used":1767563571477,"created":1767533372177,"remoteIdentityKey":"BdjMTiAPxqwT9nTIDClovNm+eqzMVvd0FWhwQ4SVbgNV"},"_chains":{"BdM/AKl2DJnRKpJKsxckaObnQ1JjOWHjY3cNxFXPu0Bs":{"chainKey":{"counter":0,"key":"NFAguPv7px7Ee1M99z0SyhabABsnB0FFqptXqiKsmJs="},"chainType":2,"messageKeys":{}},"BXExQOuyCzr6FBvC4STLHbuTnoXKAXQ1E8QNSyR2D940":{"chainKey":{"counter":0,"key":"jVwqUmgQKWmU2rn+1OzygM8r9CxzQKKRyM9REHb9IVk="},"chainType":1,"messageKeys":{}}}}},"version":"v1"}