{"_sessions":{"BXgNQq4gEw6cbrYKr0VHJ2NZ5dvKzyigiyG3dVmwp7RF":{"registrationId":142619491,"currentRatchet":{"ephemeralKeyPair":{"pubKey":"BURK+F3PCbijuBwt2wGdKbFJsAbG7K2ToLZU3lhchrt7","privKey":"6BVFYBWPQWR8MLCJ0Pr5wpjoj0oSzZwkGODLoHmCaH0="},"lastRemoteEphemeralKey":"BUzxy+vAMMO8hzaeLA+UJ8UzY5xJ1S1YrvUJMyyKrUpA","previousCounter":0,"rootKey":"p4rAzmMmlR/r0FaimbHY6nOcrmW8p/AFoJ1/MRjeOKQ="},"indexInfo":{"baseKey":"BXgNQq4gEw6cbrYKr0VHJ2NZ5dvKzyigiyG3dVmwp7RF","baseKeyType":1,"closed":-1,"used":1767533369218,"created":1767533369218,"remoteIdentityKey":"BaBPNFNAMI29yP1wFgvFvpxd2pZrss5UVMZ9wYUV1ptA"},"_chains":{"BURK+F3PCbijuBwt2wGdKbFJsAbG7K2ToLZU3lhchrt7":{"chainKey":{"counter":1,"key":"Sr95iC7cb+xyVEn639D9U0J6P41SwqndubEYN8nLHxc="},"chainType":1,"messageKeys":{}}},"pendingPreKey":{"signedKeyId":231184,"baseKey":"BXgNQq4gEw6cbrYKr0VHJ2NZ5dvKzyigiyG3dVmwp7RF","preKeyId":2948275}}},"version":"v1"}