{"_sessions":{"BTLT7WtcTGXFIGvN1V4IJHqwu8YDzJhht7lEXME6Hkc8":{"registrationId":124071975,"currentRatchet":{"ephemeralKeyPair":{"pubKey":"BRYGIv0NBkaUkoE0SLDCCtFXQ48Idwsa/8qvKU69FX4M","privKey":"8ByTHG7DcSNspfYQdvKOCxFETHVoHA5xxt4pF22bt04="},"lastRemoteEphemeralKey":"BcRPdsYI3+zddy8eo8MOqlcslS4EDGHsDqONnACFC9kB","previousCounter":0,"rootKey":"r09E0SkIGyasMMuHgxw0e5zYd1Gl/ZX0W5XgZOPvaB8="},"indexInfo":{"baseKey":"BTLT7WtcTGXFIGvN1V4IJHqwu8YDzJhht7lEXME6Hkc8","baseKeyType":1,"closed":1767596428647,"used":1767533369326,"created":1767533369326,"remoteIdentityKey":"BSzWLHn4z52lLVVgvx25vsuXkvbCDjl5hp5tDmVvkPBf"},"_chains":{"BRYGIv0NBkaUkoE0SLDCCtFXQ48Idwsa/8qvKU69FX4M":{"chainKey":{"counter":1,"key":"UyT5H8jmaJ6PE1Mbm9eoj0Ymyjj0ZfgQ6zVZACfjthI="},"chainType":1,"messageKeys":{}}},"pendingPreKey":{"signedKeyId":14993134,"baseKey":"BTLT7WtcTGXFIGvN1V4IJHqwu8YDzJhht7lEXME6Hkc8"}},"BSNyrmzEjh7BAuLqRw/M51amaNi8RXyY0211TbiE/DIg":{"registrationId":815748517,"currentRatchet":{"ephemeralKeyPair":{"pubKey":"BW/5b+pTgp0VrWhqiGlk5lp04HYiJPnFqgG2nZFrNIBk","privKey":"cCHcpZhH6z/eAz52m7kYzg12DotThG56ZQ5mL+MloX0="},"lastRemoteEphemeralKey":"Bfb7E8fXmPkj2J0m1RE65Baf4g/jRV6Sou88BzodmrYf","previousCounter":0,"rootKey":"YVU/Br1m4KXbb3JQvNSSA1oxdj3xTMxMTrki8fvOuyU="},"indexInfo":{"baseKey":"BSNyrmzEjh7BAuLqRw/M51amaNi8RXyY0211TbiE/DIg","baseKeyType":2,"closed":-1,"used":1767596428655,"created":1767596428655,"remoteIdentityKey":"BcqQbdy71YNRAu0PAwW4Kr5QykrfMjICZUySmaZPQYYm"},"_chains":{"Bfb7E8fXmPkj2J0m1RE65Baf4g/jRV6Sou88BzodmrYf":{"chainKey":{"counter":0,"key":"w+s7N7QnW6PTwEN9zoCOMtxWjbzsFxrPoJaS9Uiv4G0="},"chainType":2,"messageKeys":{}},"BW/5b+pTgp0VrWhqiGlk5lp04HYiJPnFqgG2nZFrNIBk":{"chainKey":{"counter":-1,"key":"1NrbfGmdK9gdWEvraJAA+lU+tXvGAfPzt9pssrvYCgg="},"chainType":1,"messageKeys":{}}}}},"version":"v1"}