{"_sessions":{"BQkYHJeycaIvIzehlOPtyECrnmB/xZA3uYAfFiyNTmgF":{"registrationId":119048475,"currentRatchet":{"ephemeralKeyPair":{"pubKey":"BZyXs5IgpcE0tjfLRRY5/BPLL1V2qh/p/9RDhkpONkRT","privKey":"6Dj6rXJjPgaCd+qnsmRmEWNMjSfIbMLgmw9MMCmep34="},"lastRemoteEphemeralKey":"BbMtks7hIZiJt2eVBu57k3TX4IFr9YOSztRSoY7fhooB","previousCounter":0,"rootKey":"B5hVG4BDAf/jxQrbKYHuj6b7oKnZJCzn5bZol0X7Slg="},"indexInfo":{"baseKey":"BQkYHJeycaIvIzehlOPtyECrnmB/xZA3uYAfFiyNTmgF","baseKeyType":1,"closed":-1,"used":1767533369290,"created":1767533369290,"remoteIdentityKey":"BVpL6D/LMpwNaREPe2afC12Y4HpYIk0A1SOIKR+/0DpI"},"_chains":{"BZyXs5IgpcE0tjfLRRY5/BPLL1V2qh/p/9RDhkpONkRT":{"chainKey":{"counter":1,"key":"lWFl2PE8UlBzMyha2q7kHG7+n+6TG5HqjshnYlqEHFE="},"chainType":1,"messageKeys":{}}},"pendingPreKey":{"signedKeyId":2,"baseKey":"BQkYHJeycaIvIzehlOPtyECrnmB/xZA3uYAfFiyNTmgF"}}},"version":"v1"}