{"_sessions":{"BQYzF46DL+OehhobvzwyUU77IVvex5sKAnOQMkY+D+ZY":{"registrationId":193158609,"currentRatchet":{"ephemeralKeyPair":{"pubKey":"BdseoAFfofGIUJHIEu3O8DX/fp917VOCF27kVJFNjOVx","privKey":"aOCWE7YndTO8iPPH4v4/FRrIeqBiWEbHp5CE0izzZEI="},"lastRemoteEphemeralKey":"Ba8eIIZ0YEmp1rxzIMLoSjwhTo/UDiD7zCqgCKoaOZdQ","previousCounter":0,"rootKey":"eS8Bcnlu6o3i5MKjK16lK8SR5YFsKHpRW9I923/Ykpo="},"indexInfo":{"baseKey":"BQYzF46DL+OehhobvzwyUU77IVvex5sKAnOQMkY+D+ZY","baseKeyType":1,"closed":-1,"used":1767624859652,"created":1767533369299,"remoteIdentityKey":"BRTAU09vmF/WmlhZw3mpqHP/LI0yP7APkZC4u+Ym9Ogc"},"_chains":{"BZrVCj0XP2Bc+a2SdBc7ywVasP3CikZNDHeanXuEB8NP":{"chainKey":{"counter":0},"chainType":2,"messageKeys":{}},"Ba8eIIZ0YEmp1rxzIMLoSjwhTo/UDiD7zCqgCKoaOZdQ":{"chainKey":{"counter":0,"key":"dWqulzVB5ckLa7vHUsXfVW8neI/ksJrnGMNrXY48Lp0="},"chainType":2,"messageKeys":{}},"BdseoAFfofGIUJHIEu3O8DX/fp917VOCF27kVJFNjOVx":{"chainKey":{"counter":-1,"key":"zJTsHHTRXxsUurlzAnDIMRUdhdvI6QfQvz2TiZ49tTw="},"chainType":1,"messageKeys":{}}}}},"version":"v1"}