{"_sessions":{"BfRzEN7k0QXrwEBPO8ap3tV8aRltDTAI81NFD8lUVit/":{"registrationId":50875482,"currentRatchet":{"ephemeralKeyPair":{"pubKey":"BVplDDorWyBVGdDuLg35VEXQb8Cu85eTVKCddgXWm6Fh","privKey":"0OViqVlgeX141Pcn2wNs++S/YJZIuYlBPWMqG2AyVHA="},"lastRemoteEphemeralKey":"BXLl9UgKeZLLmx4y1YvD+YWolhdI+TV9bRpOKNKQMuoM","previousCounter":0,"rootKey":"LhXhvkDQNg/4+JvKzo++DUnOCmaLgw0jhfSdRPm9Pbs="},"indexInfo":{"baseKey":"BfRzEN7k0QXrwEBPO8ap3tV8aRltDTAI81NFD8lUVit/","baseKeyType":1,"closed":-1,"used":1767551222562,"created":1767533372440,"remoteIdentityKey":"BZ+IRsUgq1W7NVxsqfwaiCNaBF0WmK4LmuAH21BL4JJA"},"_chains":{"BXLl9UgKeZLLmx4y1YvD+YWolhdI+TV9bRpOKNKQMuoM":{"chainKey":{"counter":1,"key":"OrCBuBeus2TLdkPaeW/n6ggrK9j3w1e6uv82NklLKNE="},"chainType":2,"messageKeys":{}},"BVplDDorWyBVGdDuLg35VEXQb8Cu85eTVKCddgXWm6Fh":{"chainKey":{"counter":0,"key":"rR9YNC1W9IyNxJKBPZiUTkobkMQXzNJQqXZWiVCceRU="},"chainType":1,"messageKeys":{}}}}},"version":"v1"}