{"_sessions":{"BbqPJwrRMgpJxBbW0dQjwwsGO3aiRFJD2Epqu2dNXwMs":{"registrationId":250071348,"currentRatchet":{"ephemeralKeyPair":{"pubKey":"BRobZavOlDgxcKSsqAQjTCZnm0X5dq69DgjnlJ9Rq/Vs","privKey":"wLWb/cEnjv4W0Nppt+jR2kw6ndMCDn6Gt2vEBQO2v28="},"lastRemoteEphemeralKey":"BWXbE84vqhv1RdEN8+ot5ZSgEdbEVERi1PmdEUIHHERy","previousCounter":0,"rootKey":"uAG7rT3xFGOAtebR9zGUS475uZ/RhAIf6H61qmpJIBQ="},"indexInfo":{"baseKey":"BbqPJwrRMgpJxBbW0dQjwwsGO3aiRFJD2Epqu2dNXwMs","baseKeyType":1,"closed":-1,"used":1767533372158,"created":1767533372158,"remoteIdentityKey":"BXehNIXrTzjXsP85Mn0a6yWEMqtGAvQZqHdTT26zF0AS"},"_chains":{"BRobZavOlDgxcKSsqAQjTCZnm0X5dq69DgjnlJ9Rq/Vs":{"chainKey":{"counter":1,"key":"DmBW/2xJ6iVs4D7bHUwVvh/BMBJkv5l8BgfP5EaqdDQ="},"chainType":1,"messageKeys":{}}},"pendingPreKey":{"signedKeyId":1191500,"baseKey":"BbqPJwrRMgpJxBbW0dQjwwsGO3aiRFJD2Epqu2dNXwMs","preKeyId":16122934}}},"version":"v1"}