{"_sessions":{"BStgtYil4rGY2+6D83E/9w7Rp4HV8BXF4yTUut3zlgdP":{"registrationId":435309598,"currentRatchet":{"ephemeralKeyPair":{"pubKey":"Ba8JrOe9tdmaZwKlINIW3eu1OjkSid5YGm8C7NSQrS49","privKey":"0LACxGzRbb/jkr4zJWw/p1uiirJvCXvRVJ9iTvEND0I="},"lastRemoteEphemeralKey":"BblGCH9IF+Sx0q5BHQvK2oaL8rNWawgkAgDHKJh7eUAj","previousCounter":0,"rootKey":"DEfeuayl3W+asbVCkW2jz2moN/b+cm36sYfBtfikx94="},"indexInfo":{"baseKey":"BStgtYil4rGY2+6D83E/9w7Rp4HV8BXF4yTUut3zlgdP","baseKeyType":1,"closed":-1,"used":1767533369360,"created":1767533369360,"remoteIdentityKey":"BZc4TSv4gy6kEU/AL0IkUISXb3JQgn0QL8gFJ5L9Wg1U"},"_chains":{"Ba8JrOe9tdmaZwKlINIW3eu1OjkSid5YGm8C7NSQrS49":{"chainKey":{"counter":1,"key":"0+kOBBzadbI+DCthMBgHAFyj/hV7sHBC//t6mEgcSLw="},"chainType":1,"messageKeys":{}}},"pendingPreKey":{"signedKeyId":863029,"baseKey":"BStgtYil4rGY2+6D83E/9w7Rp4HV8BXF4yTUut3zlgdP","preKeyId":16040347}}},"version":"v1"}