{"_sessions":{"Bd3TBaMwGCoG34DbqeYKPankvUCuU/SYHSvZDZfZ8WM5":{"registrationId":626184839,"currentRatchet":{"ephemeralKeyPair":{"pubKey":"BbzYiNTttNVfzwMbEbq22W94LokjcMCN+4/78HiKnkhP","privKey":"IHW0poHGyTRyXuWo3OvG+ScBR9bwDaNDbspegShVdko="},"lastRemoteEphemeralKey":"BcH0w6ksE+4dEMXt9Cw+rnPbcRvtdxdidaATWERe/Vta","previousCounter":1,"rootKey":"eLqQ/WrhiIsohMZojL9pf+Sz60iiEvWyPILjdFRUjiM="},"indexInfo":{"baseKey":"Bd3TBaMwGCoG34DbqeYKPankvUCuU/SYHSvZDZfZ8WM5","baseKeyType":1,"closed":-1,"used":1767648141129,"created":1767533372277,"remoteIdentityKey":"BUTESSzfJGD/ctqhzh9ncYrbh5A3pJoQxRSeuIFW4iMy"},"_chains":{"BcH0w6ksE+4dEMXt9Cw+rnPbcRvtdxdidaATWERe/Vta":{"chainKey":{"counter":0,"key":"lENMEfraQa8AnUIKFBpe1iWJOjZ35tdlzrIirspaSXU="},"chainType":2,"messageKeys":{}},"BbzYiNTttNVfzwMbEbq22W94LokjcMCN+4/78HiKnkhP":{"chainKey":{"counter":-1,"key":"d/V2g//iF5wkBahKUtYi9Q7VBOnperBOvrNXFyRfleo="},"chainType":1,"messageKeys":{}}}}},"version":"v1"}