{"_sessions":{"Bd0txSmTgZwB7aH92m5ZFjNKs540U8lbA16PDXmvny18":{"registrationId":924208277,"currentRatchet":{"ephemeralKeyPair":{"pubKey":"BTtZ6OPb+mTSBef5k9jgN/8vW+v4p/H8JZlvvyMcv0BD","privKey":"ePBmvZ8YEfkW2GrnQQXPsMO+HNrYvYtiAARBiy+Y0E8="},"lastRemoteEphemeralKey":"BeGqRrytIP9B64OInyRFYBnBtXaokcTCmxudwwiSvIZC","previousCounter":0,"rootKey":"hb9I3/PQbtYQs6X9MX4KshTRjRQ0nVQu7DieVrrj4f4="},"indexInfo":{"baseKey":"Bd0txSmTgZwB7aH92m5ZFjNKs540U8lbA16PDXmvny18","baseKeyType":2,"closed":-1,"used":1767698569239,"created":1767531568196,"remoteIdentityKey":"BRN0SqlGqrKAfXfB16wjHQ/wrAkzs0AvARTteu2RCmYX"},"_chains":{"BarJLsYbej4iQhYqPpNv+NwixJNGJ9Du3gAN78MhmL1L":{"chainKey":{"counter":0},"chainType":2,"messageKeys":{}},"BVF0UVEWkuUXAmXCAY97I/9XCVA5eZLf9o74wDWLHYJH":{"chainKey":{"counter":2},"chainType":2,"messageKeys":{}},"BeGqRrytIP9B64OInyRFYBnBtXaokcTCmxudwwiSvIZC":{"chainKey":{"counter":5,"key":"XBSJW4XeiVafdIeT42boJWo/WKlMLy8zeFi++PtjbOQ="},"chainType":2,"messageKeys":{}},"BTtZ6OPb+mTSBef5k9jgN/8vW+v4p/H8JZlvvyMcv0BD":{"chainKey":{"counter":-1,"key":"7vrIzgRZQtPPj/gfJWl1lBhgH0HbqNpjSxJsrz/QkZE="},"chainType":1,"messageKeys":{}}}}},"version":"v1"}