{"_sessions":{"BXkOo5Jt/LynoYWHOKEHA3mP358QN3v1ycO7KvxHoJ4U":{"registrationId":897093519,"currentRatchet":{"ephemeralKeyPair":{"pubKey":"BRasdPu8Rq8AEFqUppYPFnZWLyJ5cORGR8DltW50dixr","privKey":"YDWPZ2V+6p6MhKn3s1hMtFjB7IqLNQqwBxYdDNS4H3c="},"lastRemoteEphemeralKey":"BVkqG/j+jPqpzOZxtqCXgZ2GMPIIaCPCiw+0i+I4rDRZ","previousCounter":1,"rootKey":"vd4RBHI11Zp7Mq4vXXoRJ+sN7Kz4mzeL/qAe2MGxYZY="},"indexInfo":{"baseKey":"BXkOo5Jt/LynoYWHOKEHA3mP358QN3v1ycO7KvxHoJ4U","baseKeyType":2,"closed":1767617019578,"used":1767612462829,"created":1767530657972,"remoteIdentityKey":"BeG/OkfevMwdKIS7Amo9OZe4y5oTY+n7/736JM/8oA0K"},"_chains":{"BQ3FBjMTY8m98L3qkDH7aMPS0m4vRNSVQWhoVWF5oLED":{"chainKey":{"counter":0},"chainType":2,"messageKeys":{}},"BVkqG/j+jPqpzOZxtqCXgZ2GMPIIaCPCiw+0i+I4rDRZ":{"chainKey":{"counter":0,"key":"oZg1u8i58krvbRwyBEqkSp8t60pMRmCXaz29PS0whP4="},"chainType":2,"messageKeys":{}},"BRasdPu8Rq8AEFqUppYPFnZWLyJ5cORGR8DltW50dixr":{"chainKey":{"counter":-1,"key":"aIUvvvbdcL1hFMsxlgHBhBatEKraJDm9FU/+rvEIQ08="},"chainType":1,"messageKeys":{}}}},"BYWuz66pEcSzCov7T00TtRgd9A0bkrRN0DSe9A4arfZA":{"registrationId":897093519,"currentRatchet":{"ephemeralKeyPair":{"pubKey":"BZigNPM2eX4NgGc/i/NC0b6bLJ6r3AgXnTLGKjpWls86","privKey":"cFKCiDfPbs2hzYoDLQiCRAZBhZpRSjLcU1VUzC/Z8lM="},"lastRemoteEphemeralKey":"BbizVxkXB9ZS9ZKqluhqqUsWpENrb8bD4UAcxudr2exd","previousCounter":0,"rootKey":"Zj46UA2+DB9QXQN8TAvzf9SHaNan2qSQHF5n3LmNvcY="},"indexInfo":{"baseKey":"BYWuz66pEcSzCov7T00TtRgd9A0bkrRN0DSe9A4arfZA","baseKeyType":2,"closed":-1,"used":1767617019590,"created":1767617019590,"remoteIdentityKey":"BeG/OkfevMwdKIS7Amo9OZe4y5oTY+n7/736JM/8oA0K"},"_chains":{"BbizVxkXB9ZS9ZKqluhqqUsWpENrb8bD4UAcxudr2exd":{"chainKey":{"counter":3,"key":"FLzzMlxRfQzsVyPEqUNkVoKF1RdVa0qmUK3esfasLCw="},"chainType":2,"messageKeys":{}},"BZigNPM2eX4NgGc/i/NC0b6bLJ6r3AgXnTLGKjpWls86":{"chainKey":{"counter":-1,"key":"NDOMaxd+5s/EsCB3Lw3QAx1iX5/Kxsh6icKI1f/oN8E="},"chainType":1,"messageKeys":{}}}}},"version":"v1"}