{"_sessions":{"BU6hC8i8Q59YuPI+z/0Waq/ghWGKmqZHYUYWTBEKftNW":{"registrationId":850593463,"currentRatchet":{"ephemeralKeyPair":{"pubKey":"BbWBY32MKL1pt1YOtZXT1wLFryo7/iXlohgyJ3ylOQ17","privKey":"IIzvKBzY4gHMUpycsAZIh0TwfwAANWBTEab2qDeoYEg="},"lastRemoteEphemeralKey":"BXNmrUi+z8z5Ksr1SYW8+ohZjHVEol+jfwOT0y34GzMe","previousCounter":0,"rootKey":"0afIEZycP/TCLNS1VNjkmA6qIWWCrP/8acZ26WCnVLQ="},"indexInfo":{"baseKey":"BU6hC8i8Q59YuPI+z/0Waq/ghWGKmqZHYUYWTBEKftNW","baseKeyType":1,"closed":-1,"used":1767533369042,"created":1767533369042,"remoteIdentityKey":"BWe/efjSLM+c3t3BNSLUCVuTpXwWB+yHhNhGRS9S46Zy"},"_chains":{"BbWBY32MKL1pt1YOtZXT1wLFryo7/iXlohgyJ3ylOQ17":{"chainKey":{"counter":1,"key":"P2F8IqlHwlImZvkNX75a3iVWkjOrQ3Q2PlvA/v5CPYI="},"chainType":1,"messageKeys":{}}},"pendingPreKey":{"signedKeyId":1248452,"baseKey":"BU6hC8i8Q59YuPI+z/0Waq/ghWGKmqZHYUYWTBEKftNW","preKeyId":1798021}}},"version":"v1"}