{"_sessions":{"BZ2oS7+fQQGHQXR7slNfgd6Hf9GRCQ20Jd/dL9IknqQk":{"registrationId":693768619,"currentRatchet":{"ephemeralKeyPair":{"pubKey":"BTr8PXlQR0kRQEzXqJRu9hSb89nl/qoiUROlbdNVUqIj","privKey":"2JsqhkBP9uS9bDFdPVmePTWp7VzMu16o/vYO0NMieHk="},"lastRemoteEphemeralKey":"BYkL8F8ew/HUI7CMrT6gOk9zfJh02YY3y6IGdwvm5D1E","previousCounter":0,"rootKey":"jGwNfkgFyiehiHjk64vomWAtKmevrL9aCA3q44XzoYQ="},"indexInfo":{"baseKey":"BZ2oS7+fQQGHQXR7slNfgd6Hf9GRCQ20Jd/dL9IknqQk","baseKeyType":1,"closed":-1,"used":1767533369380,"created":1767533369380,"remoteIdentityKey":"Bf7QD6/m/PXzpGaUAWVCCDtVq0tABfydTHf16ilrGYxq"},"_chains":{"BTr8PXlQR0kRQEzXqJRu9hSb89nl/qoiUROlbdNVUqIj":{"chainKey":{"counter":1,"key":"b9BV5MRal4lUR/9KZ8WcFRehk0daQEfoqbxjeETM9yE="},"chainType":1,"messageKeys":{}}},"pendingPreKey":{"signedKeyId":14950762,"baseKey":"BZ2oS7+fQQGHQXR7slNfgd6Hf9GRCQ20Jd/dL9IknqQk","preKeyId":7231}}},"version":"v1"}