{"_sessions":{"BTjZSj2jvzAqPQbJkKTWu4nBG6/WomqijeGp20f0tgpM":{"registrationId":1562573033,"currentRatchet":{"ephemeralKeyPair":{"pubKey":"Bf4aZb+w4SDL0Ni1azhcCoGeASyRNaBTTJbSYXFcYN1a","privKey":"MG+pV7Fdy0MayIw3r2kZ7Ho3fmegmOmPMDnNQVfzX08="},"lastRemoteEphemeralKey":"BaIXEiO3lhVSpqUQGK8HGTYb9SAzwIxEVk8c98hGneo4","previousCounter":0,"rootKey":"HijMtZNwZPPCbRYqUdXN6cT9PLeeQWdeQvTMRxU6+VU="},"indexInfo":{"baseKey":"BTjZSj2jvzAqPQbJkKTWu4nBG6/WomqijeGp20f0tgpM","baseKeyType":1,"closed":-1,"used":1767533369277,"created":1767533369277,"remoteIdentityKey":"Bd3Rno1QYgjLzIMq89NbE7vVPTdr9+cJa3Jz84vZ71Ve"},"_chains":{"Bf4aZb+w4SDL0Ni1azhcCoGeASyRNaBTTJbSYXFcYN1a":{"chainKey":{"counter":1,"key":"tZCc89G8YVIq2CAV8SlqpfwrEqF5pYucoWUJIQybDpA="},"chainType":1,"messageKeys":{}}},"pendingPreKey":{"signedKeyId":4956165,"baseKey":"BTjZSj2jvzAqPQbJkKTWu4nBG6/WomqijeGp20f0tgpM","preKeyId":14303126}}},"version":"v1"}