{"_sessions":{"BShe3ri4EnYN3fnjX63C72VmGeNux9jvZ7I71ueL36Ru":{"registrationId":429393384,"currentRatchet":{"ephemeralKeyPair":{"pubKey":"BfHb6QjJ/jzIYW3HoLDMX9/YMw7rbg08Dg5Yrzo3Um9p","privKey":"wN7n8Q0LityTpH1+KDB7W+NFQihwVx16XFjoPrrEeVo="},"lastRemoteEphemeralKey":"BbszgjDFecpLY2iVaKPgEr5a5Ms7BbnRwoifXtxVUQEX","previousCounter":0,"rootKey":"4/v07Np3khrdtGWt8TYs2R/SBqqRPBTHP8UQ9vjrYTA="},"indexInfo":{"baseKey":"BShe3ri4EnYN3fnjX63C72VmGeNux9jvZ7I71ueL36Ru","baseKeyType":1,"closed":-1,"used":1767533369294,"created":1767533369294,"remoteIdentityKey":"BeQE8WplC+8i0SZbXwDV7/rQ2CVELgUJjFcL+tNLloow"},"_chains":{"BfHb6QjJ/jzIYW3HoLDMX9/YMw7rbg08Dg5Yrzo3Um9p":{"chainKey":{"counter":1,"key":"kylQJjl8AfdrSKgnkYfZQAu/P8qc4NKQOL6f0iZguZg="},"chainType":1,"messageKeys":{}}},"pendingPreKey":{"signedKeyId":12660141,"baseKey":"BShe3ri4EnYN3fnjX63C72VmGeNux9jvZ7I71ueL36Ru"}}},"version":"v1"}