{"_sessions":{"BZDVAleVG5q9INyRgPFtxTv29gMhF+bXeD1Zkw7/TOEE":{"registrationId":408835907,"currentRatchet":{"ephemeralKeyPair":{"pubKey":"BVoEIitsoENkMNxR09xOEVnJPxIrcwOH/sRBYZmXE9lC","privKey":"oEeEPZOYggMMO1nKoKMhr2FdjFuRnDAWZkJ0b0BPmU8="},"lastRemoteEphemeralKey":"BYtXiy681cw6XiUJm8465ALvWBJytV8jJ+PyE5Jlr+IE","previousCounter":0,"rootKey":"DT0zDE9KbKc7IGCvLhxJ3cEFYMBYobn1gXPdjVQHQCk="},"indexInfo":{"baseKey":"BZDVAleVG5q9INyRgPFtxTv29gMhF+bXeD1Zkw7/TOEE","baseKeyType":1,"closed":-1,"used":1767533372234,"created":1767533372234,"remoteIdentityKey":"BdNxBSdgTrCY2n3H4H6/isuemnA+VQd/0Rql6RrLe39e"},"_chains":{"BVoEIitsoENkMNxR09xOEVnJPxIrcwOH/sRBYZmXE9lC":{"chainKey":{"counter":1,"key":"9i+KCajrmJqSpXZzahtMvYpS/mcvQnyfqTEtpfi2H6g="},"chainType":1,"messageKeys":{}}},"pendingPreKey":{"signedKeyId":5513600,"baseKey":"BZDVAleVG5q9INyRgPFtxTv29gMhF+bXeD1Zkw7/TOEE"}}},"version":"v1"}