{"_sessions":{"BRGUXh+mAWTQ3mubU9NDLF/US4ULO3zUUBdibDq4LfsH":{"registrationId":539964375,"currentRatchet":{"ephemeralKeyPair":{"pubKey":"BbJoE2TLrBN+1CeHlsKQMiiK7/bph0uxcwYJtJ8eJ15d","privKey":"sCJa75a9ykHBHYZs32pXqUV5LcyCCsfMtXEljPSvI0k="},"lastRemoteEphemeralKey":"BeQ5pDjpdYfZA+oLeE9CdTqNrmo3sgpwAFcZTejEnUBF","previousCounter":0,"rootKey":"gANRd4oQ1+kawIP4jo6xqVdj1XCflU3EixLuT5B6jgo="},"indexInfo":{"baseKey":"BRGUXh+mAWTQ3mubU9NDLF/US4ULO3zUUBdibDq4LfsH","baseKeyType":2,"closed":-1,"used":1767650230176,"created":1767533137422,"remoteIdentityKey":"BdLQk0QORW/P5o13fw02JnnYFqigSmmKfvBhP9K/Hm0j"},"_chains":{"BRwhrS7PTkg8KDtfxyki+ttuSvYR4NfvsCbvErTwn6sp":{"chainKey":{"counter":0},"chainType":2,"messageKeys":{}},"BcWNArhtAGjhsHmzc10ZAS8K+B4voTwShrc5O8iUBhFm":{"chainKey":{"counter":2},"chainType":2,"messageKeys":{}},"BeQ5pDjpdYfZA+oLeE9CdTqNrmo3sgpwAFcZTejEnUBF":{"chainKey":{"counter":3,"key":"b4TAUH4tWpHEuYrgs56vC5lcGLxM7LqId1r0StQIgjo="},"chainType":2,"messageKeys":{}},"BbJoE2TLrBN+1CeHlsKQMiiK7/bph0uxcwYJtJ8eJ15d":{"chainKey":{"counter":-1,"key":"7HlaUD9WnzFVGIdN6EU5sFpb/aekD+B1BT/XQKq4kVg="},"chainType":1,"messageKeys":{}}}}},"version":"v1"}