{"_sessions":{"BVJ4Z8b3wnULvd0KY8Ci9E5D5LLhbTeL2CL8yKY+uvBA":{"registrationId":473521099,"currentRatchet":{"ephemeralKeyPair":{"pubKey":"BRF5t8GqbBQyQKtmwswsI+P3HZEmCgeZQRadxXTIpJQE","privKey":"iAgoZngHY4X7A8rkLWMMZGzRQ9XnfCRGSueWd4ISono="},"lastRemoteEphemeralKey":"BYg69hJfsfucXoBUoGj5On5X6SBQ8tFNeLTjYSA12+Vv","previousCounter":0,"rootKey":"Xy1ZzFVBtJskDqvsgx0uQXTrcA+QUbzXCbO+GIG7mNo="},"indexInfo":{"baseKey":"BVJ4Z8b3wnULvd0KY8Ci9E5D5LLhbTeL2CL8yKY+uvBA","baseKeyType":1,"closed":-1,"used":1767533369150,"created":1767533369150,"remoteIdentityKey":"BYZYg5XcsAvWVa7SLUoAAXO72CtCX3uP6wL/OzhGmh89"},"_chains":{"BRF5t8GqbBQyQKtmwswsI+P3HZEmCgeZQRadxXTIpJQE":{"chainKey":{"counter":1,"key":"UzP76ktxfV0wVZ/2Ekk4NFoOWjffrIhVLg6sEt2AnEc="},"chainType":1,"messageKeys":{}}},"pendingPreKey":{"signedKeyId":15616922,"baseKey":"BVJ4Z8b3wnULvd0KY8Ci9E5D5LLhbTeL2CL8yKY+uvBA","preKeyId":14022505}}},"version":"v1"}