{"_sessions":{"BXkD9uJw8XeUx5+T37wWEarPe97giAZxb+2zwBCVlqQ3":{"registrationId":451545775,"currentRatchet":{"ephemeralKeyPair":{"pubKey":"BV2npDrQqua/oBuvkaeYnogEBuh7n/e1yxNbxnt3ur8r","privKey":"QEUx/oiu6CB0j2JCio+0dhv7Cvig7sa97I7LJ6W++Gw="},"lastRemoteEphemeralKey":"BWF2kGielBxyF7ZyLxk3xkFzX2PGzS8MXhdNTZsyjv80","previousCounter":0,"rootKey":"I9w7lTltRLke5/eWaoxZXhU3UysCg7RC6pDz1UKAhDU="},"indexInfo":{"baseKey":"BXkD9uJw8XeUx5+T37wWEarPe97giAZxb+2zwBCVlqQ3","baseKeyType":1,"closed":-1,"used":1767658964829,"created":1767533372351,"remoteIdentityKey":"BSsETNbEKDybcwGSCCppirwiscQEuTjxtJ1c5mkSgRFu"},"_chains":{"BWfiRtvmjmgV8833B0yyohr0apIgi4iwLUtJTwIVkGQN":{"chainKey":{"counter":2},"chainType":2,"messageKeys":{}},"BWF2kGielBxyF7ZyLxk3xkFzX2PGzS8MXhdNTZsyjv80":{"chainKey":{"counter":3,"key":"78SxQZxTo1uKD49UvK+NkJwjoYPua5IZ7RqGlXZZ0Eg="},"chainType":2,"messageKeys":{}},"BV2npDrQqua/oBuvkaeYnogEBuh7n/e1yxNbxnt3ur8r":{"chainKey":{"counter":-1,"key":"owFIw78dzgtKIHdSmQpEqiALJHM38GccJso8BASiNxA="},"chainType":1,"messageKeys":{}}}}},"version":"v1"}