{"_sessions":{"BSQCc7hp7u6B+EatU3gankrIZYa2MAQiYXDn3U9RLvt9":{"registrationId":830547851,"currentRatchet":{"ephemeralKeyPair":{"pubKey":"BUWDHiSxt1fLwZgZRPhdHU01F+9/yYkMl58TgLhu+Yt5","privKey":"iHqovzO3FC+PU4VMd0Dm+EBaiy5PptADg5vsgD+BrlE="},"lastRemoteEphemeralKey":"BZ9eCauyJFfw44dLgkaqHnHngebVqrehbpEKxkjXc/BX","previousCounter":0,"rootKey":"TUPcMdg+RLr/Cwi5FedB00Y1cmkzbFXg9DpXLZhpWkU="},"indexInfo":{"baseKey":"BSQCc7hp7u6B+EatU3gankrIZYa2MAQiYXDn3U9RLvt9","baseKeyType":1,"closed":-1,"used":1767710347776,"created":1767533369166,"remoteIdentityKey":"Bctd2c/+FPw5Jsb5ZMS0V4TGUjgRXweXkDIGoDKt49Rm"},"_chains":{"BSrYS4Jv2Nhqr/7CupXc/AJNauvCgabcvy0lGx2A1H8/":{"chainKey":{"counter":3},"chainType":2,"messageKeys":{}},"BZ9eCauyJFfw44dLgkaqHnHngebVqrehbpEKxkjXc/BX":{"chainKey":{"counter":1,"key":"TRAyAJMskdEsVM5aV53bozIuL68J475+KzCuyFts4Pk="},"chainType":2,"messageKeys":{}},"BUWDHiSxt1fLwZgZRPhdHU01F+9/yYkMl58TgLhu+Yt5":{"chainKey":{"counter":-1,"key":"wAvGqG1BLAN1dsB8BWVq/XemeCl4T7WAHY0a8SltEcU="},"chainType":1,"messageKeys":{}}}}},"version":"v1"}