{"_sessions":{"Be7OFYP2gYCN5hRlgFJd04NBA2K3CrbRtcKparHBLHt6":{"registrationId":585388506,"currentRatchet":{"ephemeralKeyPair":{"pubKey":"BRe/i7U6P3KylCOZCHmcNFGwZTjQBvsyEkLsBm0DU/xv","privKey":"kJSSjFecUOWFhOYLYBcHZ5AIsKmzcxrnspH6wt6KcH4="},"lastRemoteEphemeralKey":"BWiljfQWPawqwPQgFEjw0e8bdoe9VrcnCDjKnC44V9dQ","previousCounter":0,"rootKey":"8PIDTz7e2rNorV67+u3T48UWkLKqFlkN3w6X6pvU4Uc="},"indexInfo":{"baseKey":"Be7OFYP2gYCN5hRlgFJd04NBA2K3CrbRtcKparHBLHt6","baseKeyType":1,"closed":-1,"used":1767683063169,"created":1767533372194,"remoteIdentityKey":"BdWFiyJwXnZxMvxfYljWpA39+Wqq/EhO2iVG/VePxbVs"},"_chains":{"BVxA16XLvJMy0UANeVmZL5lDyALye2UiTv8q/nV2w6Jx":{"chainKey":{"counter":0},"chainType":2,"messageKeys":{}},"BWiljfQWPawqwPQgFEjw0e8bdoe9VrcnCDjKnC44V9dQ":{"chainKey":{"counter":4,"key":"PCBNdE2VTgVgFDF0vWGbIrTrBIHFcQHe9WjAcLku/W4="},"chainType":2,"messageKeys":{}},"BRe/i7U6P3KylCOZCHmcNFGwZTjQBvsyEkLsBm0DU/xv":{"chainKey":{"counter":-1,"key":"gQovlLlu830STKhwJvgaqPqgmjZ4cw5GaJXmBJ0RBWQ="},"chainType":1,"messageKeys":{}}}}},"version":"v1"}