{"_sessions":{"BdnWoyBobtMUr1G7yExXjSVrQEB5zDZYbZICQAF7JWY2":{"registrationId":594456737,"currentRatchet":{"ephemeralKeyPair":{"pubKey":"BXwk90IdmiWYddH/5+pi4NuXUMTXvy41QNELTwyI1f07","privKey":"+Dj+OESN+OGKI2NJvIHZFzLqq3Hxv3xVj+yCm6FsT1A="},"lastRemoteEphemeralKey":"BQi/P45buV5t4d1oG1iLDfPfl9QMkBN1Lgmob4qnwt8f","previousCounter":0,"rootKey":"b5GC5uRQtzYufrrLIh2U+JJ2X4afnGRe/bj9oiNfzMc="},"indexInfo":{"baseKey":"BdnWoyBobtMUr1G7yExXjSVrQEB5zDZYbZICQAF7JWY2","baseKeyType":2,"closed":1767640224527,"used":1767571049639,"created":1767550674440,"remoteIdentityKey":"BTB7OFUmAJ/wNAbw11wENI8lqr5n4aMUxqpoKXERe6Vh"},"_chains":{"BXbdQNGy+FySeVJ4xC7zNsJkrFzXEbrTHkW5LRNh8BRT":{"chainKey":{"counter":1},"chainType":2,"messageKeys":{}},"BQi/P45buV5t4d1oG1iLDfPfl9QMkBN1Lgmob4qnwt8f":{"chainKey":{"counter":2,"key":"tV3ySNZukzN/oekcxlkYXpbWEKpsjhmPbhbBUBo7vt4="},"chainType":2,"messageKeys":{}},"BXwk90IdmiWYddH/5+pi4NuXUMTXvy41QNELTwyI1f07":{"chainKey":{"counter":0,"key":"E3RPdQhnKqt9S54dHQxYd/iFlRnnQMGUpwE/DLlAE6M="},"chainType":1,"messageKeys":{}}}},"BYYjssCw1dFPA7/70NeaNdT3OVNUT/izUz97sQISk5EH":{"registrationId":594456737,"currentRatchet":{"ephemeralKeyPair":{"pubKey":"BehkpFGskpDp6l+6BnhvbVupOfhQQeV1J4nvQKSOBn9U","privKey":"wAZ1/v6fhgWs3kcHKmyVqEDo488gH2uo0eBRa5BHWGQ="},"lastRemoteEphemeralKey":"Bbkru08sWaEfv8hE6a8wQttVEMiDqcuJVmgeTBE7M8By","previousCounter":0,"rootKey":"BLES8Crb47sIMenMjlcs9Jsqs4VFUxVdgff2fStq3NI="},"indexInfo":{"baseKey":"BYYjssCw1dFPA7/70NeaNdT3OVNUT/izUz97sQISk5EH","baseKeyType":2,"closed":-1,"used":1767640224537,"created":1767640224537,"remoteIdentityKey":"BTB7OFUmAJ/wNAbw11wENI8lqr5n4aMUxqpoKXERe6Vh"},"_chains":{"Bbkru08sWaEfv8hE6a8wQttVEMiDqcuJVmgeTBE7M8By":{"chainKey":{"counter":1,"key":"q1Jhfqa+S1XSRoU11/c2u2udJf0NvDMZ8GGqiChTZAI="},"chainType":2,"messageKeys":{}},"BehkpFGskpDp6l+6BnhvbVupOfhQQeV1J4nvQKSOBn9U":{"chainKey":{"counter":-1,"key":"Q08UdotCFXSBtqgm0Y/ptSxKx3vcZiUoTUKRAbFMTGc="},"chainType":1,"messageKeys":{}}}}},"version":"v1"}