{"_sessions":{"BQMAL708pDP6GPPxfm+AKf0Bs7TRaFFk1RBZybfetLFZ":{"registrationId":7318,"currentRatchet":{"ephemeralKeyPair":{"pubKey":"BQncZO0NMIsqsVXUVtj1GOrghqDQx9kyGDzw4dvQ/lYj","privKey":"YMk0AufTh26roiPgq7XMn6Z4L330gxy8tjaKLO1M/28="},"lastRemoteEphemeralKey":"BY60ru+KOr5Ml9omctL5XfAlzzCi5AaoZYyK9OQ+/+lz","previousCounter":0,"rootKey":"OFlMb7fSE2hBzq1AyX6EEbPzUXWHCvsLIZryNGvW4Q8="},"indexInfo":{"baseKey":"BQMAL708pDP6GPPxfm+AKf0Bs7TRaFFk1RBZybfetLFZ","baseKeyType":1,"closed":-1,"used":1767533369037,"created":1767533369037,"remoteIdentityKey":"BelSKDxZETNlm8XQjyyeVZQhlgxiiqT7V369bELJG7s1"},"_chains":{"BQncZO0NMIsqsVXUVtj1GOrghqDQx9kyGDzw4dvQ/lYj":{"chainKey":{"counter":1,"key":"MPd9DD6O4egOU3XcCFY9gyZRB2toKA7DfATLuo4i6Hs="},"chainType":1,"messageKeys":{}}},"pendingPreKey":{"signedKeyId":4,"baseKey":"BQMAL708pDP6GPPxfm+AKf0Bs7TRaFFk1RBZybfetLFZ"}}},"version":"v1"}