{"_sessions":{"BRGim5gMA9KUQ/F1Do34V1Jfl+IDRCq3nOW5/4IYEJMj":{"registrationId":1936265075,"currentRatchet":{"ephemeralKeyPair":{"pubKey":"BeyAu87QBxOZNYPGn7PyulM+uiJmXlIlEsMA2YvTDKYS","privKey":"iAzhzmujXHl9ell7EVWerEHa8j8Yk6ng/oZL+cKe7mI="},"lastRemoteEphemeralKey":"Bdlw7tkcGHZcAT3MMk7FMsS5jMWKbg+WB9rIu7AUklsD","previousCounter":0,"rootKey":"UWRsXVaWL/o8OlYzpi+5VO9y0H2k89xYRs3Yk63RQ6U="},"indexInfo":{"baseKey":"BRGim5gMA9KUQ/F1Do34V1Jfl+IDRCq3nOW5/4IYEJMj","baseKeyType":1,"closed":-1,"used":1767533372365,"created":1767533372365,"remoteIdentityKey":"BcbIccFcLtAUlIB6n2vMXxBiEu5egFvRRrxL0EoSIrAC"},"_chains":{"BeyAu87QBxOZNYPGn7PyulM+uiJmXlIlEsMA2YvTDKYS":{"chainKey":{"counter":1,"key":"IJRYOEyzlUcyj+/1c+MDzZWcHjczfCEE7/K3wS/E/FE="},"chainType":1,"messageKeys":{}}},"pendingPreKey":{"signedKeyId":3431509,"baseKey":"BRGim5gMA9KUQ/F1Do34V1Jfl+IDRCq3nOW5/4IYEJMj","preKeyId":12830387}}},"version":"v1"}