{"_sessions":{"BYCvmxX86r3NHyxEFWueOgXy2ngymKhFxEj8Fsv3lEdm":{"registrationId":711947106,"currentRatchet":{"ephemeralKeyPair":{"pubKey":"BbDT/TFokkL4ueNn0JtmGpK4NSOwubn8+I1gl+UlnVZG","privKey":"UNVmQNxjUf5cQy3YMPw7bqe17A5c9kRkCnU7rph8x18="},"lastRemoteEphemeralKey":"BZobLdiQIEgY67V8CFc0wTMNhPdGTtzrkCsFzDqNizMa","previousCounter":0,"rootKey":"2gD2hzQd1AtUlrSKcNGTQlyC7s1ZR96mJgLtum9wdC0="},"indexInfo":{"baseKey":"BYCvmxX86r3NHyxEFWueOgXy2ngymKhFxEj8Fsv3lEdm","baseKeyType":1,"closed":-1,"used":1767533372360,"created":1767533372360,"remoteIdentityKey":"BeUzYID9jx/H1zPCUoMoQFs0kX35rNtz1c1qup2Baa0D"},"_chains":{"BbDT/TFokkL4ueNn0JtmGpK4NSOwubn8+I1gl+UlnVZG":{"chainKey":{"counter":1,"key":"b9wlYd38sV2qWGBs+A2HnfwOaNEEKb77h/Pj8H6NQK0="},"chainType":1,"messageKeys":{}}},"pendingPreKey":{"signedKeyId":15645962,"baseKey":"BYCvmxX86r3NHyxEFWueOgXy2ngymKhFxEj8Fsv3lEdm","preKeyId":985977}}},"version":"v1"}