{"_sessions":{"BTvj4OEHu/T/5DLy1Jr6vDt0NGJftskjRSI/jMFlYI9J":{"registrationId":1193796428,"currentRatchet":{"ephemeralKeyPair":{"pubKey":"BZGcvaRNtNd7EuvDVCtoRQZrXaHHAJdiZn5YbmyOS2wO","privKey":"OP1H1HE89uaZlHQOAhaI1ERNbCTWZzGDhHkqfVKxC1g="},"lastRemoteEphemeralKey":"BRsrqUF4lTA/IWyKjovT2hXWh+3Q4f2minbMCGulkdB4","previousCounter":0,"rootKey":"wTWwUEl3sWtshSn7ynlrBSVAUG7vqtAo+HdzR3LLCGg="},"indexInfo":{"baseKey":"BTvj4OEHu/T/5DLy1Jr6vDt0NGJftskjRSI/jMFlYI9J","baseKeyType":1,"closed":-1,"used":1767533369303,"created":1767533369303,"remoteIdentityKey":"BX4nVregJz279I26qUS0hgdkGsdX3w1KGxsNhUd8dbc8"},"_chains":{"BZGcvaRNtNd7EuvDVCtoRQZrXaHHAJdiZn5YbmyOS2wO":{"chainKey":{"counter":1,"key":"YzhYSUE3JCUvBIv7VOz9WU96d9cM+HR7jOFN7+2M560="},"chainType":1,"messageKeys":{}}},"pendingPreKey":{"signedKeyId":3635382,"baseKey":"BTvj4OEHu/T/5DLy1Jr6vDt0NGJftskjRSI/jMFlYI9J","preKeyId":15769449}}},"version":"v1"}