{"_sessions":{"BQD2wxw2BQbj8fYIZcAlgVw7ZYiFHTcUANCc4D4zhIYs":{"registrationId":519783208,"currentRatchet":{"ephemeralKeyPair":{"pubKey":"BZqDN4lN6Ig/TLyzanlpxZ+NW+NjjDr+OFfrLw2X39d9","privKey":"ECbpHgsYo9NTs7zZ3+jnhoBS5aDa8IiCwDcufhw48mQ="},"lastRemoteEphemeralKey":"BR5RUdOnM7zqUX/ybTc5RLd7qzVKEoC80fgKDavQTDxH","previousCounter":0,"rootKey":"QK1hxB9uzWlJxHyxaea09KskDGqnmQ8MejtZJPtC/fU="},"indexInfo":{"baseKey":"BQD2wxw2BQbj8fYIZcAlgVw7ZYiFHTcUANCc4D4zhIYs","baseKeyType":1,"closed":-1,"used":1767530054121,"created":1767530054121,"remoteIdentityKey":"BRQle7DQb8CSVFvPu+Dz6nRB+VuHOQ2Z8ra2Wt3wSxBW"},"_chains":{"BZqDN4lN6Ig/TLyzanlpxZ+NW+NjjDr+OFfrLw2X39d9":{"chainKey":{"counter":111,"key":"zEvGAaNM8zS779h+qcT4NAJecTAXZhqVIyQA5VfCR/c="},"chainType":1,"messageKeys":{}}},"pendingPreKey":{"signedKeyId":14617098,"baseKey":"BQD2wxw2BQbj8fYIZcAlgVw7ZYiFHTcUANCc4D4zhIYs","preKeyId":10122266}}},"version":"v1"}