{"_sessions":{"BY5IChhOLvKJ7iLVfdDQy48fr9UIwxEar8oRHejKaKMk":{"registrationId":1853898797,"currentRatchet":{"ephemeralKeyPair":{"pubKey":"Bc74X9znEhl67gpkxSCV4aezh5OaSs/ZQtzFP+O5q0wG","privKey":"eK4pKwnw7pAZUmMjp76K9yDMOPb0FqyL3ySyT/a3Dlk="},"lastRemoteEphemeralKey":"BfHoIhafnL88CdZHBO4CBfz4cf2Bo1CRUSeN0fvLj5Mz","previousCounter":0,"rootKey":"YrRVsf6JAKjOKFCryElaLuHh3EdbmGA9SI8xsK00X8s="},"indexInfo":{"baseKey":"BY5IChhOLvKJ7iLVfdDQy48fr9UIwxEar8oRHejKaKMk","baseKeyType":1,"closed":-1,"used":1767533369369,"created":1767533369369,"remoteIdentityKey":"BX9puqAak81bxDwYuBqJJqKrSHAHcnp2Ned8EGPEq6NG"},"_chains":{"Bc74X9znEhl67gpkxSCV4aezh5OaSs/ZQtzFP+O5q0wG":{"chainKey":{"counter":1,"key":"lFr/MX40GAixHUXEExfLoZlkvHUmWIX5mtL8QmECbPs="},"chainType":1,"messageKeys":{}}},"pendingPreKey":{"signedKeyId":8602808,"baseKey":"BY5IChhOLvKJ7iLVfdDQy48fr9UIwxEar8oRHejKaKMk","preKeyId":3533343}}},"version":"v1"}