{"_sessions":{"BXcirt0C7YJYO+CCUpg2UtKKpyxPzA214Z6JErSUdMhp":{"registrationId":1184183246,"currentRatchet":{"ephemeralKeyPair":{"pubKey":"BXaFHgI2rdCadOyd6H48WMl6VuuGv355h1TQ+wHnB58S","privKey":"MH0j57OPgpgOmmagIEeNtIk8Wiuud7vF6do4dKqeDUk="},"lastRemoteEphemeralKey":"BV7476PSRFU1xSVeu0EehpDMNhYw3+r6/I2ZDqGCJ6R4","previousCounter":0,"rootKey":"byAG6PuPMamliPXdVKkgAxoy85XPSXTsEHQmv44yiZA="},"indexInfo":{"baseKey":"BXcirt0C7YJYO+CCUpg2UtKKpyxPzA214Z6JErSUdMhp","baseKeyType":1,"closed":-1,"used":1767533369308,"created":1767533369308,"remoteIdentityKey":"BVKT7a/nzJJo/efVTqOdUop/+a2eeBaYb3Y9/hKUN1kd"},"_chains":{"BXaFHgI2rdCadOyd6H48WMl6VuuGv355h1TQ+wHnB58S":{"chainKey":{"counter":1,"key":"keBZWNiFSu/I3PIahIyWjruFedbN6JsY1HRbZKe4Bl8="},"chainType":1,"messageKeys":{}}},"pendingPreKey":{"signedKeyId":8274354,"baseKey":"BXcirt0C7YJYO+CCUpg2UtKKpyxPzA214Z6JErSUdMhp","preKeyId":10382679}}},"version":"v1"}