{"_sessions":{"BTzg9w6oEsKKYxI7k/CSCjndLnRZCEqiIGQSyVxDeVcz":{"registrationId":2073868317,"currentRatchet":{"ephemeralKeyPair":{"pubKey":"BUzG7PksxBREByzs57moZDfmPrbNGkfx7DgVCu8ZP2s3","privKey":"UB+2noA4yoJ2jmPx4JABlP4wY46n1Raek9iT8UaFcWI="},"lastRemoteEphemeralKey":"BXb7JvhfGGWkeUt1tFbSGwG96MeZ/ihBduPOi2Qo78gG","previousCounter":0,"rootKey":"WVr/rXzwP5S8P3TNXTVnEpYtgrZwqNjhEeOhaxm6ldc="},"indexInfo":{"baseKey":"BTzg9w6oEsKKYxI7k/CSCjndLnRZCEqiIGQSyVxDeVcz","baseKeyType":1,"closed":-1,"used":1767533369252,"created":1767533369252,"remoteIdentityKey":"BYlOvDRco5QXCSHXrCASftKp2X+cnTI+zJgCBk3ufw1y"},"_chains":{"BUzG7PksxBREByzs57moZDfmPrbNGkfx7DgVCu8ZP2s3":{"chainKey":{"counter":1,"key":"Ep6BXUME/0hQqCt7eOU4ypK+cjiorEeGcEAahw/5n7s="},"chainType":1,"messageKeys":{}}},"pendingPreKey":{"signedKeyId":7034717,"baseKey":"BTzg9w6oEsKKYxI7k/CSCjndLnRZCEqiIGQSyVxDeVcz","preKeyId":6554182}}},"version":"v1"}