{"_sessions":{"BfsbIE5KGHTxPJcLqKw8PTQgW6hmmVIclFI9WIeAh2Fy":{"registrationId":343668572,"currentRatchet":{"ephemeralKeyPair":{"pubKey":"BZALXTXI4RjGVLMaeZ/PgL/9hUJP7s402W1pH0dpiyd5","privKey":"0Og1a/84gzr7CfxBDYBNZHjVDMyRRrAebNQdTg9vl3k="},"lastRemoteEphemeralKey":"BSOYlpYNuaGsZfMGWlQtUl9jeqNanU9E3WnhEtgH2+08","previousCounter":0,"rootKey":"dnJkdnQVuMPMFBaiRB4wIVlYCMd7n1+GRcsfmPqg0nU="},"indexInfo":{"baseKey":"BfsbIE5KGHTxPJcLqKw8PTQgW6hmmVIclFI9WIeAh2Fy","baseKeyType":1,"closed":-1,"used":1767664581640,"created":1767533372208,"remoteIdentityKey":"BWuC92W/EVhv3cEVBh3Jq+QxI+101xn8wxL9PGTAJgoz"},"_chains":{"BYkRLYIfD6dFmy9en0VcRAkd9CA6ksQ4ys+ilMEvStJK":{"chainKey":{"counter":3},"chainType":2,"messageKeys":{}},"BSOYlpYNuaGsZfMGWlQtUl9jeqNanU9E3WnhEtgH2+08":{"chainKey":{"counter":2,"key":"poscenozDuJuHZkHR9N5LAXJeXweST+qWTocarV8yMw="},"chainType":2,"messageKeys":{}},"BZALXTXI4RjGVLMaeZ/PgL/9hUJP7s402W1pH0dpiyd5":{"chainKey":{"counter":-1,"key":"mw0U8MzsiUdY3dfHXIsbjPh6gcTeen8AqCWlsR2ptjY="},"chainType":1,"messageKeys":{}}}}},"version":"v1"}