{"_sessions":{"BeJsH8eL7NPs22INAh7K4zOT9TRKP8WcYyCh9UurLGUp":{"registrationId":1610211783,"currentRatchet":{"ephemeralKeyPair":{"pubKey":"BesGeZZ9AHyv08oxA9fV1o2mQk4DHKrJXuBiwoEHwQcB","privKey":"gICaUp1OXYIZbOvP6e/Cb3bXFO/5GoWJ+qbpFh8eqHc="},"lastRemoteEphemeralKey":"BSf6ENKcAGGDP9eGjkAQ1T24/nSvZl+7JsaHTcrCortw","previousCounter":0,"rootKey":"rtme4+IxFJBIbLhd0wmrvhfo5AgAZX/JEqVNJrQIOyw="},"indexInfo":{"baseKey":"BeJsH8eL7NPs22INAh7K4zOT9TRKP8WcYyCh9UurLGUp","baseKeyType":1,"closed":-1,"used":1767530054114,"created":1767530054114,"remoteIdentityKey":"BYWXNmNcecpn5XW1026/gh1rX8DPH0fNsYofqDWGnDYT"},"_chains":{"BesGeZZ9AHyv08oxA9fV1o2mQk4DHKrJXuBiwoEHwQcB":{"chainKey":{"counter":111,"key":"fihkgcj0ohszMBSxCiIQy+jaPx9Slitxr+CJnBpFyZU="},"chainType":1,"messageKeys":{}}},"pendingPreKey":{"signedKeyId":5946944,"baseKey":"BeJsH8eL7NPs22INAh7K4zOT9TRKP8WcYyCh9UurLGUp","preKeyId":13773489}}},"version":"v1"}