{"_sessions":{"BWvKz0lfYo+Au+I+KR+PaxH1JzZsPszSbxrbzgfhP3ku":{"registrationId":8328,"currentRatchet":{"ephemeralKeyPair":{"pubKey":"BZt2PzBUHz5YazKfQvTO2EjzivBMTrjh/2U+NQKZl7pj","privKey":"uC1H3CqslRj4Lxm4XJOdsciP9JO5EMAA/ZKK0yWWiXE="},"lastRemoteEphemeralKey":"BSlNwawhm3tWFaj2Kt2njbn/m0S0QjUOOkLzVo6kJyNp","previousCounter":0,"rootKey":"bL+7Xxs3DRcm71SU9r4EywYXbXNtkbnaUTS2euSw/pM="},"indexInfo":{"baseKey":"BWvKz0lfYo+Au+I+KR+PaxH1JzZsPszSbxrbzgfhP3ku","baseKeyType":1,"closed":-1,"used":1767530054106,"created":1767530054106,"remoteIdentityKey":"BcCXVKyEiDH58ZFVMkJ2GC+9WTozHXbfwksXGR/DpSgD"},"_chains":{"BZt2PzBUHz5YazKfQvTO2EjzivBMTrjh/2U+NQKZl7pj":{"chainKey":{"counter":43,"key":"IWsNcUG/wCNJJxZONBNWNm6ZooPHokdZtV6mv+vwuJU="},"chainType":1,"messageKeys":{}}},"pendingPreKey":{"signedKeyId":1,"baseKey":"BWvKz0lfYo+Au+I+KR+PaxH1JzZsPszSbxrbzgfhP3ku","preKeyId":797}}},"version":"v1"}