{"_sessions":{"BaWoCvMCX+KqNpNHlSyZ2Iu5eyUP8RIlZlmgRC0IrG4K":{"registrationId":345827652,"currentRatchet":{"ephemeralKeyPair":{"pubKey":"BeETCVB6UwRGlPQIf7HL8DU0Y6rzDPk/QNzh/JkqOD8s","privKey":"8NlAc9lT31NkSvLrtf01SpEB4L1M9vszORT9x/w+tnI="},"lastRemoteEphemeralKey":"BRELXOZGWBzoj1DeMzzoMOPCxwdhQoPXdr901oHrSKpo","previousCounter":0,"rootKey":"ishciM5qB2wTQS5aQ2njFUNbNkeK15i/DAY5HCv/Bus="},"indexInfo":{"baseKey":"BaWoCvMCX+KqNpNHlSyZ2Iu5eyUP8RIlZlmgRC0IrG4K","baseKeyType":1,"closed":-1,"used":1767566355802,"created":1767533372164,"remoteIdentityKey":"BXVhWi6wQj49tDhjhRYdph7ZCOVFKQRiVv1jzTt0wRcj"},"_chains":{"BRELXOZGWBzoj1DeMzzoMOPCxwdhQoPXdr901oHrSKpo":{"chainKey":{"counter":0,"key":"3zaPXklW2N2BwDLd1y50Qk8U7ay42Ca8RDr+xjWcm5o="},"chainType":2,"messageKeys":{}},"BeETCVB6UwRGlPQIf7HL8DU0Y6rzDPk/QNzh/JkqOD8s":{"chainKey":{"counter":0,"key":"9ZPtYCOdPUstN662WrwfIpMU55sRD5TXMlAfGj23V9c="},"chainType":1,"messageKeys":{}}}}},"version":"v1"}