{"_sessions":{"BfYiRUVBvz+VSyRcHctxJho6Tvzikgca4OoKKs+aQVp2":{"registrationId":2131019703,"currentRatchet":{"ephemeralKeyPair":{"pubKey":"BWZ5Sq5tYxNg1i0muGZc9RwcUQNQ9OHD0nBruRjFXGRo","privKey":"YLljsVykFGbeOqaE4Teeo+hjN+uuN4CviFuiXeWebVs="},"lastRemoteEphemeralKey":"BZSSJPD10j3SEDc4C/iIPUAnzanW4I1xe7JTuksj62BO","previousCounter":0,"rootKey":"lNiwZIuK+Z9VLUJ+Mu5SCOKOUlB4Cuq0of52uB1eZkM="},"indexInfo":{"baseKey":"BfYiRUVBvz+VSyRcHctxJho6Tvzikgca4OoKKs+aQVp2","baseKeyType":1,"closed":-1,"used":1767707744295,"created":1767533372282,"remoteIdentityKey":"BSUhlUn8JvqhyWaE4F1e+CQbSZeNWnqzg3RXZeFW4zM5"},"_chains":{"BYdsQ5YCaEdjfAYgGbgu2a0PYzqDhU1fIALl0LvCsGtq":{"chainKey":{"counter":3},"chainType":2,"messageKeys":{}},"BZSSJPD10j3SEDc4C/iIPUAnzanW4I1xe7JTuksj62BO":{"chainKey":{"counter":8,"key":"VZg4vWgQ2pe2alcIwEzbkLhnY7P+9tDf1q5K/D5bFYY="},"chainType":2,"messageKeys":{"1":"WboVgwbPyZdfi9wkyQrvywPoRwLIk98Muf6jhq0ooiQ=","2":"scd4aPJMgLsb8DUm4VTtZQrU3eLc6KVc/kHyLjGKvuE="}},"BWZ5Sq5tYxNg1i0muGZc9RwcUQNQ9OHD0nBruRjFXGRo":{"chainKey":{"counter":-1,"key":"Q3A8nq4v15kzlQ953wWvMs/XwmGzbDRnizlKQqCUGDE="},"chainType":1,"messageKeys":{}}}}},"version":"v1"}